15.001500150015001,38.665971699947406
15.011501150115013,37.030263261351045
15.021502150215023,35.53803424753001
15.031503150315032,34.20550499667495
15.041504150415042,33.03840386379939
15.051505150515052,32.02032721471804
15.061506150615061,31.148744593316444
15.071507150715073,30.39310195004905
15.081508150815083,29.75045436842272
15.091509150915092,29.196969375442364
15.101510151015102,28.719120315876893
15.111511151115112,28.314265803271187
15.121512151215121,27.957140322200633
15.131513151315133,27.655793123017006
15.141514151415143,27.393111336666966
15.151515151515152,27.16430269487119
15.161516151615162,26.974398602764577
15.171517151715172,26.803833228124365
15.181518151815181,26.6657917113069
15.191519151915193,26.54895036099576
15.201520152015203,26.449587860181218
15.211521152115212,26.377752819333494
15.221522152215222,26.316320414420954
15.231523152315232,26.27683357599728
15.241524152415241,26.254331860636015
15.251525152515253,26.242286463015212
15.261526152615263,26.25168264340907
15.271527152715272,26.269921062856255
15.281528152815282,26.302850248886184
15.291529152915292,26.350689940413947
15.301530153015301,26.405503672575588
15.311531153115313,26.47498054734015
15.321532153215323,26.552797477490287
15.331533153315332,26.637971455052863
15.341534153415342,26.733634729092074
15.351535153515352,26.833551797708893
15.361536153615361,26.938893249421948
15.371537153715373,27.049639335770504
15.381538153815383,27.16130017559345
15.391539153915392,27.27426745663925
15.401540154015402,27.387770511634965
15.411541154115412,27.498509975387925
15.421542154215423,27.605907951853712
15.431543154315433,27.709213701209194
15.441544154415443,27.805913441290485
15.451545154515452,27.894887118159758
15.461546154615462,27.975473128550803
15.471547154715472,28.04602865111497
15.481548154815483,28.10552199285205
15.491549154915493,28.153268878546953
15.501550155015503,28.188393574342566
15.511551155115512,28.210643347671873
15.521552155215522,28.219713499474494
15.531553155315532,28.21507565401542
15.541554155415543,28.196968642377218
15.551555155515553,28.165601285141705
15.561556155615563,28.121088731943992
15.571557155715572,28.064351344582676
15.581558155815582,27.9959785937287
15.591559155915592,27.91610281196792
15.601560156015603,27.826020715450376
15.611561156115613,27.727190826445508
15.621562156215623,27.620034246572295
15.631563156315632,27.505579387364673
15.641564156415642,27.38566482455097
15.651565156515652,27.26117028941087
15.661566156615663,27.132751060930104
15.671567156715673,27.00212095945513
15.681568156815683,26.870632784377968
15.691569156915692,26.738939547489466
15.701570157015702,26.608513075913272
15.711571157115712,26.480811504109177
15.721572157215723,26.356396320790168
15.731573157315733,26.23641341398319
15.741574157415743,26.122344962346457
15.751575157515752,26.014905191932797
15.761576157615762,25.915065207942177
15.771577157715772,25.8239870969124
15.781578157815783,25.742238291485158
15.791579157915793,25.670742792903464
15.801580158015803,25.610505818700908
15.811581158115812,25.56183938598058
15.821582158215822,25.5255492662468
15.831583158315832,25.50259617960453
15.841584158415843,25.49297447857572
15.851585158515853,25.49714701025102
15.861586158615863,25.51603637752134
15.871587158715872,25.549390604794265
15.881588158815882,25.59699240493207
15.891589158915892,25.659332605118905
15.901590159015903,25.736050974935385
15.911591159115913,25.82652466224898
15.921592159215923,25.930651889399684
15.931593159315932,26.047727901839632
15.941594159415942,26.176685835216336
15.951595159515952,26.316753657465195
15.961596159615963,26.466718143379495
15.971597159715973,26.625002652819276
15.981598159815983,26.79012514136813
15.991599159915992,26.960270898507066
16.001600160016004,27.133460931582228
16.01160116011601,27.3079557651471
16.021602160216023,27.481602906475853
16.03160316031603,27.6518676316834
16.041604160416043,27.81688034026924
16.051605160516054,27.974678357416416
16.061606160616062,28.122435982674837
16.071607160716074,28.25825813943302
16.08160816081608,28.380921914700842
16.091609160916093,28.488077360976607
16.1016101610161,28.577908455154812
16.111611161116112,28.649828829041716
16.121612161216124,28.702560142698484
16.13161316131613,28.73508758776051
16.141614161416143,28.747486399300282
16.15161516151615,28.73944907409531
16.161616161616163,28.710934802637617
16.171617161716174,28.66271681771014
16.181618161816182,28.595330057980476
16.191619161916194,28.50971194887189
16.2016201620162,28.407224358555958
16.211621162116213,28.288883825624954
16.22162216221622,28.156324520289132
16.231623162316232,28.011304473195274
16.241624162416244,27.854838671697053
16.251625162516252,27.688858049882988
16.261626162616263,27.51561273901667
16.27162716271627,27.336119754994556
16.281628162816283,27.15205885057676
16.291629162916294,26.96589709177987
16.301630163016302,26.778801248689007
16.311631163116314,26.59191935719997
16.32163216321632,26.407364442948627
16.331633163316333,26.22667342541713
16.34163416341634,26.0508943452741
16.351635163516352,25.881519255408104
16.361636163616364,25.720035674317952
16.371637163716372,25.567670631742377
16.381638163816383,25.425732418457965
16.39163916391639,25.295394606134508
16.401640164016403,25.177685307990814
16.411641164116414,25.074007201706447
16.421642164216422,24.985227429663144
16.431643164316434,24.9119062276504
16.44164416441644,24.855709387280868
16.451645164516453,24.817521114560968
16.46164616461646,24.79715072646799
16.471647164716472,24.79621592621774
16.481648164816484,24.815789096992376
16.491649164916492,24.8550782718196
16.501650165016503,24.915059299109757
16.51165116511651,24.99653369191886
16.521652165216523,25.098374057757216
16.531653165316534,25.220976320447935
16.541654165416542,25.364425440136312
16.551655165516554,25.526978540583496
16.56165616561656,25.70833623273819
16.571657165716573,25.907671109792222
16.58165816581658,26.12256240423515
16.591659165916592,26.351864108713976
16.601660166016604,26.593243995644954
16.611661166116612,26.8434544873397
16.621662166216623,27.10113836934247
16.63166316631663,27.36247768546141
16.641664166416643,27.622906901821786
16.651665166516654,27.881430242563447
16.661666166616662,28.13373705424752
16.671667166716674,28.373887524918818
16.68166816681668,28.60126521621983
16.691669166916693,28.81233449738532
16.7016701670167,29.000807482381735
16.711671167116712,29.166431915946248
16.721672167216724,29.307266601950307
16.731673167316732,29.418270850201004
16.741674167416743,29.499746674922672
16.75167516751675,29.551395403020287
16.761676167616763,29.57080891554437
16.771677167716774,29.55903984721633
16.781678167816782,29.51623049434692
16.791679167916794,29.443337314863875
16.8016801680168,29.34300869071181
16.811681168116813,29.21426471639481
16.82168216821682,29.060546993753263
16.831683168316832,28.887158193315727
16.841684168416844,28.691574628856433
16.851685168516852,28.477079258236625
16.861686168616863,28.25112500734731
16.87168716871687,28.01145213917813
16.881688168816883,27.759782588246736
16.891689168916894,27.503401388696346
16.901690169016902,27.241685390079322
16.911691169116914,26.97536797027899
16.92169216921692,26.709932727942295
16.931693169316933,26.446107991969207
16.94169416941694,26.184413501872108
16.951695169516952,25.928762943163857
16.961696169616964,25.68045111531987
16.971697169716972,25.43982627140759
16.981698169816983,25.20974800793226
16.99169916991699,24.991478212754032
17.001700170017003,24.785869276572118
17.011701170117014,24.59582214982484
17.021702170217022,24.42191003009352
17.031703170317034,24.264572492160756
17.04170417041704,24.127050849097476
17.051705170517053,24.010162290419093
17.06170617061706,23.9132549752216
17.071707170717072,23.839614769938624
17.081708170817084,23.792050911754746
17.091709170917092,23.76867476393607
17.101710171017103,23.77042821544581
17.11171117111711,23.80195659572354
17.121712171217123,23.862558230324964
17.131713171317134,23.950310627479375
17.141714171417142,24.068881728164214
17.151715171517154,24.219653850052318
17.16171617161716,24.399333691205765
17.171717171717173,24.608560809403635
17.18171817181718,24.84948642207463
17.191719171917192,25.11892737267986
17.201720172017204,25.4142610238693
17.211721172117212,25.735819437657423
17.221722172217223,26.080443367461953
17.23172317231723,26.44339917138191
17.241724172417243,26.82195056146561
17.251725172517254,27.212091023993704
17.261726172617262,27.607980801901217
17.271727172717274,28.004202164519015
17.28172817281728,28.39544666892104
17.291729172917293,28.775379198332864
17.3017301730173,29.137271493945395
17.311731173117312,29.475294194975483
17.321732173217324,29.78406794153591
17.331733173317332,30.0578692448785
17.341734173417343,30.291519190500935
17.35173517351735,30.48122705092367
17.361736173617363,30.624236275140696
17.371737173717374,30.718512712033057
17.381738173817382,30.76292922267889
17.391739173917394,30.757485784704564
17.4017401740174,30.703331314035463
17.411741174117413,30.602515377224226
17.42174217421742,30.457767095201845
17.431743174317432,30.27246028515629
17.441744174417444,30.050376225435784
17.451745174517452,29.795483737644666
17.461746174617463,29.512042627410143
17.47174717471747,29.20444272100312
17.481748174817483,28.876786537405433
17.491749174917494,28.532978827592192
17.501750175017502,28.17686459002059
17.511751175117514,27.81185120978711
17.52175217521752,27.440940907854387
17.531753175317533,27.067302868427014
17.54175417541754,26.694113084752143
17.551755175517552,26.323875170177104
17.561756175617564,25.95848803093369
17.571757175717572,25.599795873448077
17.581758175817583,25.2497188850067
17.59175917591759,24.910109166199515
17.601760176017603,24.582699405804128
17.611761176117614,24.269141857520285
17.621762176217622,23.971051192936415
17.631763176317634,23.68997179500601
17.64176417641764,23.427402885502786
17.651765176517653,23.18494479265147
17.66176617661766,22.964208035866957
17.671767176717672,22.766640068063374
17.681768176817684,22.593818172622665
17.691769176917692,22.447656218144203
17.701770177017703,22.32997947363764
17.71177117711771,22.242416545736305
17.721772177217723,22.18691567360221
17.731773177317734,22.165708952553423
17.741774177417742,22.18075947970924
17.751775177517754,22.233803470491296
17.76177617761776,22.326658521617325
17.771777177717773,22.4610564082749
17.78177817781778,22.63848988066417
17.791779177917793,22.860357311404677
17.801780178017804,23.127850191582386
17.811781178117812,23.441523281039935
17.821782178217823,23.801100865759487
17.83178317831783,24.205693591934377
17.841784178417843,24.65388730980434
17.851785178517854,25.14324803090584
17.861786178617862,25.669935362021306
17.871787178717874,26.229068724274466
17.88178817881788,26.814800891535604
17.891789178917893,27.419616013933222
17.9017901790179,28.034441551279286
17.911791179117913,28.64965109848849
17.921792179217924,29.25502538647012
17.931793179317932,29.83917141598376
17.941794179417943,30.390293466110144
17.95179517951795,30.897318551421545
17.961796179617963,31.349917673204917
17.971797179717974,31.738548133596748
17.981798179817982,32.05524431115935
17.991799179917994,32.29417384144923
18.001800180018,32.4517051965779
18.011801180118013,32.52640767402503
18.02180218021802,32.5189813485201
18.031803180318033,32.432204259079874
18.041804180418044,32.27081415876053
18.051805180518052,32.04105020941469
18.061806180618063,31.75017981849112
18.07180718071807,31.406122157899322
18.081808180818083,31.01685168106893
18.091809180918094,30.590059829878165
18.101810181018102,30.133242847437483
18.111811181118114,29.65336931894306
18.12181218121812,29.15648946277483
18.131813181318133,28.648118993066536
18.14181418141814,28.13334484631207
18.151815181518153,27.616220397806714
18.161816181618164,27.099946162300213
18.171817181718172,26.58760243914363
18.181818181818183,26.081916475476135
18.19181918191819,25.584849903876254
18.201820182018203,25.098043047303527
18.211821182118214,24.623089564775338
18.221822182218222,24.161304477803093
18.231823182318234,23.713866356699263
18.24182418241824,23.282061937108768
18.251825182518253,22.8671050315462
18.26182618261826,22.470025798553387
18.271827182718273,22.09186214540732
18.281828182818284,21.733847664779304
18.291829182918292,21.39743218305313
18.301830183018303,21.084054239114344
18.31183118311831,20.795025938444077
18.321832183218323,20.531903637618825
18.331833183318334,20.29669136725309
18.341834183418342,20.0915075562153
18.351835183518354,19.918500233691347
18.36183618361836,19.78006270355623
18.371837183718373,19.67876574853478
18.38183818381838,19.61740600572683
18.391839183918393,19.59931011378461
18.401840184018404,19.628111304721717
18.411841184118412,19.707268396889734
18.421842184218423,19.84020430641592
18.43184318431843,20.03064573116893
18.441844184418443,20.282457697737126
18.451845184518454,20.59925473377627
18.461846184618462,20.984272435893864
18.471847184718474,21.44043522819899
18.48184818481848,21.97012417991791
18.491849184918493,22.574533051195953
18.5018501850185,23.253270627859905
18.511851185118513,24.004265048031094
18.521852185218524,24.823274412447194
18.531853185318532,25.70336582558682
18.541854185418543,26.63494680079345
18.55185518551855,27.605655331154864
18.561856185618563,28.600000479450316
18.571857185718574,29.599555619225377
18.581858185818582,30.58341910045331
18.591859185918594,31.528712763926855
18.6018601860186,32.41180437694418
18.611861186118613,33.20975326836531
18.62186218621862,33.901245412261666
18.631863186318633,34.46789753482319
18.641864186418644,34.89599322630188
18.651865186518652,35.177312958077266
18.661866186618663,35.30916007336093
18.67186718671867,35.294391550942976
18.681868186818683,35.14111877275613
18.691869186918694,34.861795947457374
18.701870187018702,34.47194068909677
18.711871187118714,33.98870398394171
18.72187218721872,33.42967473739328
18.731873187318733,32.811887727065084
18.74187418741874,32.15082060023941
18.751875187518753,31.46005031926288
18.761876187618764,30.75147065564025
18.771877187718772,30.034879172755147
18.781878187818783,29.317601386112152
18.79187918791879,28.605235313121284
18.801880188018803,27.90213789081181
18.811881188118814,27.211106300708646
18.821882188218822,26.53387767648464
18.831883188318834,25.872002160439497
18.84188418841884,25.226553649704595
18.851885188518853,24.597759810919253
18.86188618861886,23.985580222385135
18.871887188718873,23.39006903575383
18.881888188818884,22.811177618203413
18.891889188918892,22.248817385059922
18.901890189018903,21.703015732837912
18.91189118911891,21.173778575634564
18.921892189218923,20.661019111208752
18.931893189318934,20.164729408107306
18.941894189418942,19.685094350852843
18.951895189518954,19.22227783470282
18.96189618961896,18.776261965411393
18.971897189718973,18.347265869415427
18.98189818981898,17.936025112553196
18.991899189918993,17.543247648802193
19.001900190019004,17.1694036115998
19.011901190119012,16.815333597011296
19.021902190219024,16.482258840004278
19.03190319031903,16.17124908740105
19.041904190419043,15.883538632913451
19.051905190519054,15.621020666309846
19.061906190619062,15.385863729669355
19.071907190719074,15.180252824607669
19.08190819081908,15.006883653304822
19.091909190919093,14.869200517353018
19.1019101910191,14.771012617395426
19.111911191119113,14.716376024750186
19.121912191219124,14.710130066906313
19.131913191319132,14.758154803301073
19.141914191419144,14.866898330101538
19.15191519151915,15.043216913133444
19.161916191619163,15.29488595692914
19.171917191719174,15.630645467951402
19.181918191819182,16.05976529014209
19.191919191919194,16.591985740213893
19.2019201920192,17.237266635142504
19.211921192119213,18.0050642061548
19.22192219221922,18.903976014245252
19.231923192319233,19.941257411202955
19.241924192419244,21.121496930998163
19.251925192519252,22.445222472061708
19.261926192619264,23.90778804493182
19.27192719271927,25.497993826186484
19.281928192819283,27.196454523911683
19.291929192919294,28.97429914143295
19.301930193019302,30.792771115732737
19.311931193119314,32.60394570564346
19.32193219321932,34.35211673949982
19.331933193319333,35.976468563977676
19.34193419341934,37.41594198129144
19.351935193519353,38.61480450838251
19.361936193619364,39.52769124610124
19.371937193719372,40.12476394083821
19.381938193819384,40.395578997992686
19.39193919391939,40.34938341056857
19.401940194019403,40.01303961955839
19.411941194119414,39.42772125638269
19.421942194219422,38.643359410359125
19.431943194319434,37.71219788858046
19.44194419441944,36.6839775149828
19.451945194519453,35.60249930154709
19.46194619461946,34.5032073798961
19.471947194719473,33.41281706200668
19.481948194819484,32.350167902118066
19.491949194919492,31.327151218093178
19.501950195019504,30.349984016293803
19.51195119511951,29.420962965141758
19.521952195219523,28.539855736824016
19.531953195319534,27.70463724900117
19.541954195419542,26.912046082163414
19.551955195519554,26.158587176401408
19.561956195619562,25.44120805211321
19.571957195719573,24.75697794226457
19.58195819581958,24.103016554739003
19.591959195919593,23.477025073245855
19.601960196019604,22.877080797193823
19.611961196119612,22.30137438573602
19.621962196219624,21.748774985927383
19.63196319631963,21.218594563782347
19.641964196419643,20.709847844132888
19.651965196519654,20.2219015636489
19.661966196619662,19.75492635857723
19.671967196719674,19.308940485803042
19.681968196819682,18.883635845473613
19.691969196919693,18.47930192257837
19.7019701970197,18.096815882886975
19.711971197119713,17.737021958180193
19.721972197219724,17.400825236522635
19.731973197319732,17.089467663408882
19.741974197419744,16.80440620986977
19.75197519751975,16.547267647900654
19.761976197619763,16.320192448128157
19.771977197719774,16.12591126780613
19.781978197819782,15.967268362584933
19.791979197919794,15.847407257840178
19.801980198019802,15.77040317672051
19.811981198119813,15.7408408645942
19.82198219821982,15.763352916574267
19.831983198319833,15.843439905437796
19.841984198419844,15.987694117963603
19.851985198519852,16.203059494790274
19.861986198619864,16.49685955271111
19.87198719871987,16.87706151287862
19.881988198819883,17.35175866441369
19.891989198919894,17.92913665479741
19.901990199019902,18.617378208022707
19.911991199119914,19.423736856156467
19.921992199219922,20.353774684552878
19.931993199319933,21.410917872160795
19.94199419941994,22.59546383915174
19.951995199519953,23.903319433638547
19.961996199619964,25.324749991979996
19.971997199719972,26.843329731957823
19.981998199819984,28.435396246296136
19.99199919991999,30.069354306028455
20.002000200020003,31.70542592836385
20.012001200120014,33.29731071659084
20.022002200220022,34.79469442172671
20.032003200320034,36.145855571532586
20.042004200420042,37.3018813007635
20.052005200520053,38.221546533556996
20.06200620062006,38.87489133356749
20.072007200720073,39.24626714878222
20.082008200820084,39.33639005480776
20.092009200920092,39.16121425732558
20.102010201020104,38.74887330312549
20.11201120112011,38.13663881715199
20.122012201220123,37.36697889469654
20.132013201320134,36.482702441155865
20.142014201420142,35.523199864592115
20.152015201520154,34.52255084803073
20.162016201620162,33.508439258054295
20.172017201720173,32.50147556676186
20.18201820182018,31.51587225210928
20.192019201920193,30.560910673001914
20.202020202020204,29.64175296371676
20.212021202120212,28.760403145545972
20.222022202220224,27.91723121872902
20.23202320232023,27.111215453990603
20.242024202420243,26.33984600692637
20.252025202520255,25.600693936191682
20.262026202620262,24.891988502915776
20.272027202720274,24.211364485862976
20.282028202820282,23.55622356036528
20.292029202920293,22.925009177805833
20.3020302030203,22.316517577025017
20.312031203120313,21.729168761837798
20.322032203220324,21.161754198042683
20.332033203320332,20.61364038365747
20.342034203420344,20.08410694733792
20.35203520352035,19.57238304282202
20.362036203620363,19.07806761526664
20.372037203720375,18.601033940410133
20.382038203820382,18.140946831387176
20.392039203920394,17.697557135412147
20.402040204020402,17.271181066508944
20.412041204120413,16.862206315003455
20.42204220422042,16.470587179019777
20.432043204320433,16.096604313419867
20.442044204420444,15.741032860203422
20.452045204520452,15.404556676944372
20.462046204620464,15.088048753000749
20.47204720472047,14.792790172810472
20.482048204820483,14.52005032685888
20.492049204920495,14.27142627495569
20.502050205020502,14.049238371743002
20.512051205120514,13.855924448355937
20.522052205220522,13.694075610236679
20.532053205320533,13.567045396603117
20.542054205420545,13.478822459556978
20.552055205520553,13.433880809895149
20.562056205620564,13.437551279093213
20.572057205720572,13.496117576773086
20.582058205820584,13.616663314711074
20.59205920592059,13.807030272553037
20.602060206020603,14.076037092626555
20.612061206120615,14.433577604603464
20.622062206220622,14.89020974726879
20.632063206320634,15.457175272234226
20.642064206420642,16.146752128669934
20.652065206520653,16.971225291067086
20.662066206620665,17.941561136352984
20.672067206720673,19.067241125755523
20.682068206820684,20.355353062378402
20.692069206920692,21.80860385759217
20.702070207020704,23.423844840085458
20.71207120712071,25.19023780774986
20.722072207220723,27.086757932517937
20.732073207320735,29.08069128509022
20.742074207420742,31.127134920326828
20.752075207520754,33.16909751758108
20.762076207620762,35.13926118130356
20.772077207720773,36.96403130367692
20.782078207820785,38.56937097158564
20.792079207920793,39.887565794663416
20.802080208020804,40.86452190938527
20.812081208120812,41.466808724702574
20.822082208220824,41.686007771469875
20.83208320832083,41.539144019492134
20.842084208420843,41.06589376386094
20.852085208520855,40.322252182062336
20.862086208620862,39.372037189867555
20.872087208720874,38.279801713740305
20.882088208820882,37.10515713684494
20.892089208920893,35.89790337188434
20.902090209020905,34.69634694928416
20.912091209120913,33.52796093684306
20.922092209220924,32.40996242932279
20.932093209320932,31.351298493708757
20.942094209420944,30.355609772348515
20.95209520952095,29.42244314695315
20.962096209620963,28.548288909408857
20.972097209720975,27.728779929631717
20.982098209820983,26.959596158188894
20.992099209920994,26.235942050928188
21.002100210021002,25.552949173195284
21.012101210121013,24.906836101213337
21.022102210221025,24.294834258148203
21.032103210321033,23.714182877428385
21.042104210421044,23.162483464495857
21.052105210521052,22.638535056759682
21.062106210621064,22.141339498364438
21.07210721072107,21.669566487539086
21.082108210821083,21.222898039945967
21.092109210921095,20.801864269937884
21.102110211021103,20.40643351322965
21.112111211121114,20.036627797595944
21.122112211221122,19.69357667271766
21.132113211321133,19.37874151723148
21.142114211421145,19.093178200713364
21.152115211521153,18.83828630023013
21.162116211621164,18.616333284747064
21.172117211721172,18.429592880389023
21.182118211821184,18.280171273917823
21.19211921192119,18.171184465546133
21.202120212021203,18.106391941702903
21.212121212121215,18.089056786869172
21.222122212221223,18.12305161788855
21.232123212321234,18.213458635502455
21.242124212421242,18.365008379134665
21.252125212521253,18.58220134437103
21.262126212621265,18.870459486768517
21.272127212721273,19.235311556831483
21.282128212821284,19.68185146044074
21.292129212921292,20.214996266004764
21.302130213021304,20.8385633983416
21.31213121312131,21.55497921091225
21.322132213221323,22.365754794703165
21.332133213321335,23.27018818254834
21.342134213421343,24.26407933066082
21.352135213521354,25.34007428291857
21.362136213621362,26.48719765141329
21.372137213721373,27.689571862023595
21.382138213821385,28.92644750052029
21.392139213921393,30.172901936738576
21.402140214021404,31.400230007377473
21.412141214121412,32.57669961649488
21.422142214221424,33.66887953049938
21.43214321432143,34.643718084496406
21.442144214421443,35.471604169464406
21.452145214521455,36.12865998342628
21.462146214621463,36.59753779010825
21.472147214721474,36.86901099380252
21.482148214821482,36.94362653849566
21.492149214921493,36.830514844966245
21.502150215021505,36.54544871720214
21.512151215121513,36.110067795810934
21.522152215221524,35.549672715364345
21.532153215321532,34.89018425535697
21.542154215421544,34.15675303794284
21.55215521552155,33.37245924785202
21.562156215621563,32.55688395654855
21.572157215721575,31.726148554827788
21.582158215821583,30.892973384788107
21.592159215921594,30.066545607675558
21.602160216021602,29.253458382840662
21.612161216121613,28.45824032020458
21.622162216221625,27.68346416158346
21.632163216321633,26.930598349156604
21.642164216421644,26.20011855476799
21.652165216521652,25.491489080444836
21.662166216621664,24.80425567057186
21.67216721672167,24.13795124990774
21.682168216821683,23.491438507451253
21.692169216921695,22.863841714006465
21.702170217021703,22.254657084326347
21.712171217121714,21.662866210221846
21.722172217221722,21.087648207265154
21.732173217321733,20.52881663829669
21.742174217421745,19.985782029382673
21.752175217521753,19.457713730470278
21.762176217621764,18.944334753176776
21.772177217721772,18.445269503854263
21.782178217821784,17.95981452376116
21.79217921792179,17.487820634829866
21.802180218021803,17.02930776823912
21.812181218121815,16.583764358310752
21.822182218221823,16.150859267807146
21.832183218321834,15.730541949096217
21.842184218421842,15.322542878198806
21.852185218521853,14.926802123607931
21.862186218621865,14.543292691534454
21.872187218721873,14.171711736200658
21.882188218821884,13.812203239397707
21.892189218921892,13.464946663770974
21.902190219021904,13.129664367441181
21.91219121912191,12.806681338625594
21.922192219221923,12.496602978022404
21.932193219321935,12.199527114345253
21.942194219421943,11.916025647504707
21.952195219521954,11.646905184287414
21.962196219621962,11.392505997831442
21.972197219721973,11.153943376490625
21.982198219821985,10.932944147150526
21.992199219921993,10.730722855062242
22.002200220022004,10.54899191103331
22.012201220122012,10.390285516897364
22.022202220222024,10.257172710235809
22.03220322032203,10.152835014312268
22.042204220422043,10.081264802709553
22.052205220522055,10.047039788017052
22.062206220622063,10.055845729578536
22.072207220722074,10.11411330941612
22.082208220822082,10.229065534502361
22.092209220922093,10.409943535949115
22.102210221022105,10.667435437258417
22.112211221122113,11.012921184519852
22.122212221222124,11.459934976608025
22.132213221322132,12.024256161798677
22.142214221422144,12.722251351506632
22.15221522152215,13.571440920692753
22.162216221622163,14.591123799044727
22.172217221722175,15.79993039207332
22.182218221822183,17.214421902144096
22.192219221922194,18.84892907424099
22.202220222022202,20.711949116153153
22.212221222122214,22.802161178037583
22.222222222222225,25.106418661851034
22.232223222322233,27.59582372255853
22.242224222422244,30.221850499116222
22.252225222522252,32.914892647998826
22.262226222622264,35.583781191391964
22.27222722272227,38.11974972172571
22.282228222822283,40.40517315521386
22.292229222922295,42.3241900470412
22.302230223022303,43.77772571827583
22.312231223122314,44.69880404740435
22.322232223222322,45.06162038154929
22.332233223322334,44.88682898546885
22.342234223422345,44.238636393299835
22.352235223522353,43.2104019616023
22.362236223622364,41.910333666963126
22.372237223722372,40.44839321714937
22.382238223822384,38.92047390580005
22.39223922392239,37.40115437416388
22.402240224022403,35.944711103792756
22.412241224122415,34.5845976441133
22.422242224222423,33.336762689435226
22.432243224322434,32.20596361635601
22.442244224422442,31.188412233074576
22.452245224522454,30.275631937918483
22.462246224622465,29.457646230639135
22.472247224722473,28.723231840246324
22.482248224822484,28.0625450390921
22.492249224922492,27.466629646664245
22.502250225022504,26.925947592712493
22.51225122512251,26.434947713944872
22.522252225222523,25.989797220450352
22.532253225322535,25.583747724607335
22.542254225422543,25.213767218688773
22.552255225522554,24.87992190254804
22.562256225622562,24.578407005521456
22.572257225722574,24.307333532896987
22.582258225822585,24.068222705323763
22.592259225922593,23.859958529678483
22.602260226022604,23.68211038808993
22.612261226122612,23.535790231511577
22.622262226222624,23.42075903495602
22.63226322632263,23.338280774489235
22.642264226422643,23.2895185695651
22.652265226522655,23.274015371593055
22.662266226622663,23.293561097376934
22.672267226722674,23.34985472608614
22.682268226822682,23.442176497922425
22.692269226922694,23.5713690412228
22.702270227022705,23.739261579536688
22.712271227122713,23.94520298791636
22.722272227222724,24.188351734332866
22.732273227322732,24.46924462938114
22.742274227422744,24.786523078898025
22.752275227522752,25.137605478777814
22.762276227622763,25.521142557204747
22.772277227722775,25.934072847833992
22.782278227822783,26.371055630043834
22.792279227922794,26.82803004455851
22.802280228022802,27.30067393789138
22.812281228122814,27.78131980608787
22.822282228222825,28.261997191276453
22.832283228322833,28.73642854404239
22.842284228422844,29.19669332954896
22.852285228522852,29.633532726597874
22.862286228622864,30.039354690043375
22.872287228722872,30.406971630375157
22.882288228822883,30.728906130031127
22.892289228922895,30.99924260024359
22.902290229022903,31.2132183059298
22.912291229122914,31.366933179661977
22.922292229222922,31.458975840417033
22.932293229322934,31.489167053014867
22.942294229422945,31.457217339923936
22.952295229522953,31.365401711888584
22.962296229622964,31.218245169217038
22.972297229722972,31.019481822908617
22.982298229822984,30.773441554675955
22.992299229922992,30.486224284061926
23.002300230023003,30.16354882186078
23.012301230123015,29.810351027536644
23.022302230223023,29.431988196378796
23.032303230323034,29.034024793270596
23.042304230423042,28.62116500196135
23.052305230523054,28.197327962935496
23.062306230623065,27.76655311644341
23.072307230723073,27.33266308078288
23.082308230823084,26.898534957963097
23.092309230923092,26.466750672778524
23.102310231023104,26.04009746726727
23.112311231123112,25.620856325933886
23.122312231223123,25.21052245262037
23.132313231323135,24.810559996565054
23.142314231423143,24.422860965462654
23.152315231523154,24.049317587015274
23.162316231623162,23.69136351333396
23.172317231723174,23.35016814713475
23.182318231823185,23.027061621454184
23.192319231923193,22.72360394722893
23.202320232023204,22.44143311683169
23.212321232123212,22.182187014495916
23.222322232223224,21.947478434289273
23.232323232323232,21.73894532010825
23.242324232423243,21.558369437296115
23.252325232523255,21.407685831096597
23.262326232623263,21.288955530820694
23.272327232723274,21.20445800515927
23.282328232823282,21.1566814762641
23.292329232923294,21.148126609756268
23.302330233023305,21.181265149606283
23.312331233123313,21.25865342890051
23.322332233223324,21.382816826802998
23.332333233323332,21.556035250154938
23.342334233423344,21.780482807409086
23.352335233523352,22.058431545735534
23.362336233623363,22.391855127269892
23.372337233723375,22.78178011399236
23.382338233823383,23.228297784735297
23.392339233923394,23.730903285910653
23.402340234023402,24.288149916917728
23.412341234123414,24.897017312709153
23.422342234223425,25.552944863474078
23.432343234323433,26.24993338136225
23.442344234423445,26.979947678782963
23.452345234523452,27.732589352146753
23.462346234623464,28.495798481480033
23.472347234723472,29.256469519696346
23.482348234823483,30.000251621898514
23.492349234923495,30.711600483223627
23.502350235023503,31.374739821516002
23.512351235123514,31.974640742126972
23.522352235223522,32.497475656993416
23.532353235323534,32.931187469880776
23.542354235423545,33.266426532892254
23.552355235523553,33.49718288900188
23.562356235623565,33.62083113212244
23.572357235723572,33.63805136851528
23.582358235823584,33.55274458292713
23.592359235923592,33.37157618662985
23.602360236023603,33.1032240936591
23.612361236123615,32.75780137665293
23.622362236223623,32.34640890418013
23.632363236323634,31.88042224455595
23.642364236423642,31.3707022830245
23.652365236523654,30.82724228141499
23.662366236623665,30.259088145968928
23.672367236723673,29.674146360881018
23.682368236823685,29.079113429316152
23.692369236923692,28.479701873213024
23.702370237023704,27.88070039971425
23.712371237123712,27.28580005430308
23.722372237223723,26.697709415185784
23.732373237323735,26.11856959809542
23.742374237423743,25.550227714301613
23.752375237523754,24.994286439396152
23.762376237623762,24.452035956428027
23.772377237723774,23.924362313499504
23.782378237823785,23.411862879174258
23.792379237923793,22.915145761360165
23.802380238023805,22.434958597403142
23.812381238123812,21.97207063012145
23.822382238223824,21.527164382128873
23.832383238323832,21.100897951489
23.842384238423843,20.69411206477997
23.852385238523855,20.30793334633006
23.862386238623863,19.943522107702123
23.872387238723874,19.601833151174993
23.882388238823882,19.283946355098138
23.892389238923894,18.99152194004939
23.902390239023905,18.726539823459476
23.912391239123913,18.49084039332106
23.922392239223925,18.286523221258253
23.932393239323932,18.11649487349144
23.942394239423944,17.983935441371695
23.952395239523952,17.89170379053222
23.962396239623963,17.843031501513252
23.972397239723975,17.84220233464589
23.982398239823983,17.893880148467403
23.992399239923994,18.002542533556074
24.002400240024002,18.173110913721093
24.012401240124014,18.411249487581145
24.022402240224025,18.72260342125047
24.032403240324033,19.11247413233413
24.042404240424045,19.586289732867314
24.052405240524052,20.1493739991731
24.062406240624064,20.805892946605947
24.072407240724072,21.558391859406086
24.082408240824083,22.407892884489982
24.092409240924095,23.35331917886449
24.102410241024103,24.390373326824033
24.112411241124114,25.510876415351294
24.122412241224122,26.702496365998154
24.132413241324134,27.948252008377505
24.142414241424145,29.22597384575799
24.152415241524153,30.50843731242671
24.162416241624165,31.7645386200118
24.172417241724172,32.96089504655325
24.182418241824184,34.063079618024446
24.192419241924192,35.037189679048176
24.202420242024203,35.85271866438762
24.212421242124215,36.48557548794395
24.222422242224223,36.91979754273615
24.232423242324234,37.14844083219158
24.242424242424242,37.17409043578704
24.252425242524254,37.00832816199384
24.262426242624265,36.67018617034192
24.272427242724273,36.18396417547159
24.282428242824285,35.57652321815878
24.292429242924293,34.87497816059663
24.302430243024304,34.10529390681446
24.312431243124312,33.290821587179444
24.322432243224323,32.45087263451161
24.332433243324335,31.600764605285768
24.342434243424343,30.752659933600953
24.352435243524354,29.91557059235412
24.362436243624362,29.095275154179767
24.372437243724374,28.295286398905187
24.382438243824385,27.517811724153468
24.392439243924393,26.7638612099946
24.402440244024405,26.033388289438847
24.412441244124413,25.32581209820637
24.422442244224424,24.640340758819423
24.432443244324432,23.97596334100993
24.442444244424443,23.33154899183283
24.452445244524455,22.706081262190384
24.462446244624463,22.098835246348578
24.472447244724474,21.509245637160934
24.482448244824482,20.93658147309656
24.492449244924494,20.37998157807606
24.502450245024505,19.838819699174564
24.512451245124513,19.312648274222227
24.522452245224525,18.80087792204263
24.532453245324533,18.30291606948761
24.542454245424544,17.81842773851242
24.552455245524552,17.347093552952934
24.562456245624563,16.888469023285005
24.572457245724575,16.442217053426557
24.582458245824583,16.00819051436195
24.592459245924594,15.586208746456402
24.602460246024602,15.175978028645833
24.612461246124614,14.77723118991157
24.622462246224625,14.38977307250415
24.632463246324633,14.013404103610382
24.642464246424645,13.647930139752201
24.652465246524653,13.293261865383617
24.662466246624664,12.949319928683535
24.672467246724672,12.615955768723754
24.682468246824683,12.293121118118364
24.692469246924695,11.980967341957665
24.702470247024703,11.679642702854748
24.712471247124714,11.389301668377133
24.722472247224722,11.110320115572083
24.732473247324734,10.84313286855396
24.742474247424745,10.588051845608973
24.752475247524753,10.34551055826497
24.762476247624765,10.11624560620854
24.772477247724773,9.901138331620993
24.782478247824784,9.70133963422324
24.792479247924792,9.518568405718733
24.802480248024803,9.354774791689524
24.812481248124815,9.21192719460282
24.822482248224823,9.092370967907513
24.832483248324834,8.999174342243718
24.842484248424842,8.936089286499428
24.852485248524854,8.907736940487176
24.862486248624865,8.919757011154555
24.872487248724873,8.978560648341414
24.882488248824885,9.091441775981464
24.892489248924893,9.267273956215298
24.902490249024904,9.516806079334266
24.912491249124912,9.852338393563514
24.922492249224923,10.28770520278523
24.932493249324935,10.838848347519315
24.942494249424943,11.52391863206313
24.952495249524954,12.362636475533002
24.962496249624962,13.375800407877648
24.972497249724974,14.584942456255169
24.982498249824985,16.01098918746245
24.992499249924993,17.6720180202781
25.002500250025005,19.580918554272174
25.012501250125013,21.742459774229125
25.022502250225024,24.149047770533716
25.032503250325032,26.776080495497034
25.042504250425043,29.57771849028149
25.052505250525055,32.48349435460845
25.062506250625063,35.39725504067981
25.072507250725074,38.200205979956664
25.082508250825082,40.75885354415715
25.092509250925094,42.937950847394454
25.102510251025105,44.617558029732976
25.112511251125113,45.711238882687596
25.122512251225125,46.18080692342912
25.132513251325133,46.04313557092443
25.142514251425144,45.36667442200161
25.152515251525152,44.25868685334572
25.162516251625163,42.84659464701272
25.172517251725175,41.25811121791686
25.182518251825183,39.60533580977685
25.192519251925194,37.975965072109624
25.202520252025202,36.43110080209945
25.212521252125214,35.007179208121784
25.222522252225225,33.72055301502276
25.232523252325233,32.57354386765735
25.242524252425245,31.559891278371037
25.252525252525253,30.66846756938834
25.262526252625264,29.885871394607488
25.272527252725272,29.19831036901363
25.282528252825283,28.592827708743446
25.292529252925295,28.058163662596883
25.302530253025303,27.584967752055988
25.312531253125314,27.165288484632793
25.322532253225322,26.79237303526834
25.332533253325334,26.460908396815277
25.342534253425345,26.166815371076034
25.352535253525353,25.90688576541553
25.362536253625365,25.678710886627684
25.372537253725373,25.480373381419668
25.382538253825384,25.310216154064488
25.392539253925392,25.167161436792135
25.402540254025403,25.05076442684759
25.412541254125415,24.960714220216037
25.422542254225423,24.896757547363254
25.432543254325434,24.858874898480593
25.442544254425442,24.84696439895564
25.452545254525454,24.860590628043806
25.462546254625465,24.899362315637784
25.472547254725473,24.963223467990144
25.482548254825485,25.052116838429953
25.492549254925493,25.165626516021263
25.502550255025504,25.30305587530314
25.512551255125512,25.46359821253652
25.522552255225524,25.64619868546813
25.532553255325535,25.84933457441537
25.542554255425543,26.07104135500756
25.552555255525554,26.309107617283278
25.562556255625562,26.56124886407748
25.572557255725574,26.825022073572008
25.582558255825585,27.097502922339125
25.592559255925593,27.37516335681757
25.602560256025605,27.654188523292706
25.612561256125613,27.930674133177863
25.622562256225624,28.20061840850617
25.632563256325636,28.46010077268557
25.642564256425644,28.705350224323617
25.652565256525655,28.93245889505223
25.662566256625663,29.137561456239
25.672567256725674,29.317465578155193
25.682568256825682,29.469582899857713
25.692569256925694,29.591441582288105
25.702570257025705,29.680921857888862
25.712571257125713,29.73676919226746
25.722572257225725,29.75855979896887
25.732573257325733,29.746458109285513
25.742574257425744,29.70109183788632
25.752575257525756,29.623446140613268
25.762576257625764,29.514902455109603
25.772577257725775,29.377482462922398
25.782578257825783,29.21376330834636
25.792579257925794,29.02628926135032
25.802580258025802,28.81733425874419
25.812581258125814,28.589438811726325
25.822582258225825,28.345666527052522
25.832583258325833,28.089013085126474
25.842584258425845,27.82205058871741
25.852585258525853,27.547379778845777
25.862586258625864,27.2677564905613
25.872587258725876,26.985556207139673
25.882588258825884,26.702709862669426
25.892589258925895,26.421182041184267
25.902590259025903,26.143060829176292
25.912591259125914,25.870399559426485
25.922592259225922,25.605121379998824
25.932593259325934,25.34885316729895
25.942594259425945,25.10311103332963
25.952595259525953,24.86965244193891
25.962596259625965,24.65011912562527
25.972597259725973,24.44570764123826
25.982598259825984,24.25767883253512
25.992599259925996,24.087640483754015
26.002600260026004,23.937227346819686
26.012601260126015,23.807991122728325
26.022602260226023,23.701353447085168
26.032603260326034,23.61849148625717
26.042604260426042,23.560592534409512
26.052605260526054,23.529088668176513
26.062606260626065,23.525450864483748
26.072607260726073,23.5509275198902
26.082608260826085,23.606517213485876
26.092609260926093,23.693131924414576
26.102610261026104,23.811652298012145
26.112611261126116,23.96271057727776
26.122612261226124,24.146601746919696
26.132613261326135,24.363357928484273
26.142614261426143,24.61256540271942
26.152615261526154,24.89324108334428
26.162616261626162,25.204000471256727
26.172617261726174,25.54295723420715
26.182618261826185,25.907429612518293
26.192619261926193,26.294014017153522
26.202620262026205,26.69873925863227
26.212621262126213,27.11702630618522
26.222622262226224,27.54371029222313
26.232623262326236,27.972973147190014
26.242624262426244,28.39826938808443
26.252625262526255,28.812760536119487
26.262626262626263,29.209675173746565
26.272627262726274,29.58210704125527
26.282628262826282,29.923235741483737
26.292629262926294,30.226988451224052
26.302630263026305,30.488068074711403
26.312631263126313,30.701820398309152
26.322632263226325,30.864633884970573
26.332633263326333,30.97422578080958
26.342634263426344,31.029526497483772
26.352635263526356,31.030518758818936
26.362636263626364,30.978249458834966
26.372637263726375,30.874981755843706
26.382638263826383,30.72390802991456
26.392639263926394,30.528597515146217
26.402640264026402,30.293140894868248
26.412641264126414,30.022266823525776
26.422642264226425,29.720738817414276
26.432643264326433,29.39319296566257
26.442644264426445,29.044282821885105
26.452645264526453,28.678340074465446
26.462646264626464,28.299369851822117
26.472647264726476,27.91122205223811
26.482648264826484,27.517365513723988
26.492649264926495,27.121008365522865
26.502650265026503,26.72506648128678
26.512651265126514,26.331786166387953
26.522652265226522,25.943332961109633
26.532653265326534,25.562155042528094
26.542654265426545,25.190154175106844
26.552655265526553,24.82880456689706
26.562656265626565,24.479919962622535
26.572657265726573,24.14525504434288
26.582658265826584,23.8261731251935
26.592659265926596,23.524074602607786
26.602660266026604,23.240553741555704
26.612661266126615,22.97725968393744
26.622662266226623,22.73574149438934
26.632663266326634,22.517542728040443
26.642664266426642,22.32443871408537
26.652665266526654,22.158162566400772
26.662666266626665,22.020329143022025
26.672667266726673,21.912977931179746
26.682668266826685,21.838388988737158
26.692669266926693,21.798493009266217
26.702670267026704,21.79529341742886
26.712671267126716,21.831159573583
26.722672267226724,21.908134762883602
26.732673267326735,22.02799642510473
26.742674267426743,22.192910300027883
26.752675267526755,22.404915971836086
26.762676267626762,22.665345135059077
26.772677267726774,22.97516963882015
26.782678267826785,23.33491436949969
26.792679267926793,23.7442405399418
26.802680268026805,24.202097328621637
26.812681268126813,24.70666581225142
26.822682268226824,25.254935586711973
26.832683268326836,25.84258184118153
26.842684268426844,26.463708072534242
26.852685268526855,27.110576277728594
26.862686268626863,27.774127670767918
26.872687268726875,28.44439796740765
26.882688268826882,29.11012119075108
26.892689268926894,29.758818131936092
26.902690269026905,30.377701423284
26.912691269126913,30.954111327509956
26.922692269226925,31.475581439529865
26.932693269326933,31.93060627712568
26.942694269426944,32.309529582259
26.952695269526956,32.60471135376456
26.962696269626964,32.81079528032685
26.972697269726975,32.92535912709796
26.982698269826983,32.948822802436396
26.992699269926995,32.88376503916487
27.002700270027002,32.73485775592221
27.012701270127014,32.50890667090207
27.022702270227025,32.21409032049893
27.032703270327033,31.85921932236373
27.042704270427045,31.45332947358445
27.052705270527053,31.00514831850985
27.062706270627064,30.5230462325282
27.072707270727076,30.015161248298988
27.082708270827084,29.48874094277358
27.092709270927095,28.949865410590856
27.102710271027103,28.40397581134345
27.112711271127115,27.85571084814639
27.122712271227122,27.308569913936093
27.132713271327134,26.765470239698384
27.142714271427145,26.229013603098746
27.152715271527153,25.701241449060753
27.162716271627165,25.183994806954583
27.172717271727173,24.679152577254502
27.182718271827184,24.187987357333355
27.192719271927196,23.711084963501907
27.202720272027204,23.249297711880594
27.212721272127215,22.803943774934243
27.222722272227223,22.37606471243555
27.232723272327235,21.966503958172343
27.242724272427242,21.576446695730347
27.252725272527254,21.207072500371083
27.262726272627265,20.85933501094443
27.272727272727273,20.534530361885956
27.282728272827285,20.234291738966036
27.292729272927293,19.960183148679427
27.302730273027304,19.714021076520073
27.312731273127316,19.498071255632173
27.322732273227324,19.314597823174047
27.332733273327335,19.165856533649233
27.342734273427343,19.05453562390197
27.352735273527355,18.983870023059673
27.362736273627362,18.957473774016055
27.372737273727374,18.97900168442554
27.382738273827385,19.05205837042415
27.392739273927393,19.180710523348175
27.402740274027405,19.369487789763806
27.412741274127413,19.622659506466242
27.422742274227424,19.94438415635324
27.432743274327436,20.339089705283406
27.442744274427444,20.810704858935722
27.452745274527455,21.362165545195968
27.462746274627463,21.995554734451986
27.472747274727475,22.711454350002274
27.482748274827483,23.508387329292873
27.492749274927494,24.382916172316246
27.502750275027505,25.329011035614943
27.512751275127513,26.33714364486135
27.522752275227525,27.394142805930837
27.532753275327533,28.483226205293207
27.542754275427544,29.584179376709198
27.552755275527556,30.673792964070916
27.562756275627564,31.72608903070739
27.572757275727575,32.71328793596774
27.582758275827583,33.608197660318325
27.592759275927595,34.38621186033255
27.602760276027603,35.02596564735443
27.612761276127614,35.510465381424964
27.622762276227625,35.82917859241223
27.632763276327633,35.9788805535658
27.642764276427645,35.9630764973405
27.652765276527653,35.791705067796606
27.662766276627664,35.48016175996215
27.672767276727676,35.04691135852394
27.682768276827684,34.511954325914274
27.692769276927695,33.89613497972337
27.702770277027703,33.21949424510019
27.712771277127715,32.49995989850285
27.722772277227723,31.753139551923223
27.732773277327734,30.991866926781043
27.742774277427745,30.2261903240446
27.752775277527753,29.464036144171594
27.762776277627765,28.71109381951067
27.772777277727773,27.97100189954238
27.782778277827784,27.246492443601632
27.792779277927796,26.53946584576686
27.802780278027804,25.850604464578527
27.812781278127815,25.18008614432251
27.822782278227823,24.527947838783902
27.832783278327835,23.893902516615128
27.842784278427843,23.27768824968569
27.852785278527854,22.67902392447413
27.862786278627865,22.0972957688143
27.872787278727873,21.53203944776889
27.882788278827885,20.983140699190272
27.892789278927893,20.450341055403293
27.902790279027904,19.933233756288217
27.912791279127916,19.431605610946768
27.922792279227924,18.945416764479326
27.932793279327935,18.474663417097098
27.942794279427943,18.019306269512366
27.952795279527955,17.579249536470048
27.962796279627963,17.15458676586185
27.972797279727974,16.74574795655512
27.982798279827986,16.353020714154045
27.992799279927993,15.97655164562281
28.002800280028005,15.617106921133969
28.012801280128013,15.275589249689073
28.022802280228024,14.95233635383194
28.032803280328036,14.648411995437847
28.042804280428044,14.365778953734043
28.052805280528055,14.105492175384104
28.062806280628063,13.868585874150972
28.072807280728075,13.657978474280945
28.082808280828083,13.476834577112639
28.092809280928094,13.327395871591834
28.102810281028106,13.212979092308878
28.112811281128113,13.138295261421018
28.122812281228125,13.10800820763401
28.132813281328133,13.127407430863991
28.142814281428144,13.203294314413075
28.152815281528156,13.343222376029674
28.162816281628164,13.555358185943147
28.172817281728175,13.848996706228196
28.182818281828183,14.234496731684636
28.192819281928195,14.723247277181608
28.202820282028203,15.327479944906928
28.212821282128214,16.05966608917891
28.222822282228226,16.932252449589797
28.232823282328233,17.95696901891625
28.242824282428245,19.143355500683796
28.252825282528253,20.498016483440885
28.262826282628264,22.023649433155672
28.272827282728276,23.716046128478066
28.282828282828284,25.561448462664607
28.292829282928295,27.535677575986718
28.302830283028303,29.60252322258316
28.312831283128315,31.712204067324947
28.322832283228323,33.802474158957494
28.332833283328334,35.80108685355384
28.342834283428346,37.62985442273147
28.352835283528353,39.21186725990374
28.362836283628365,40.47922526468787
28.372837283728373,41.380104913107985
28.382838283828384,41.886232833417836
28.392839283928396,41.99707407296633
28.402840284028404,41.73814788189742
28.412841284128415,41.156623225623505
28.422842284228423,40.31500539378156
28.432843284328435,39.28217195352423
28.442844284428443,38.12512530979117
28.452845284528454,36.90345839309231
28.462846284628466,35.66561955847517
28.472847284728473,34.44777793279109
28.482848284828485,33.27463610711018
28.492849284928493,32.16045593986247
28.502850285028504,31.111698613926333
28.512851285128516,30.130197327900113
28.522852285228524,29.214001298553196
28.532853285328535,28.358508616211278
28.542854285428543,27.558911889883074
28.552855285528555,26.810400381854578
28.562856285628563,26.10752469903595
28.572857285728574,25.44545468899248
28.582858285828586,24.820565625420347
28.592859285928593,24.22970510061133
28.602860286028605,23.67037290573936
28.612861286128613,23.14080347210755
28.622862286228624,22.63936887920734
28.632863286328636,22.164982629822607
28.642864286428644,21.71727731905541
28.652865286528655,21.29580875942565
28.662866286628663,20.90052296428729
28.672867286728675,20.532217532242683
28.682868286828683,20.191552159205756
28.692869286928694,19.879291239441894
28.702870287028706,19.596959204216663
28.712871287128714,19.346059981224766
28.722872287228725,19.128322756837882
28.732873287328733,18.94615517922696
28.742874287428744,18.801753916925463
28.752875287528756,18.697713106536828
28.762876287628764,18.63774383053169
28.772877287728775,18.625258358916586
28.782878287828783,18.66357450814028
28.792879287928795,18.757280206686556
28.802880288028803,18.911129081471707
28.812881288128814,19.129328596172044
28.822882288228826,19.416465938610855
28.832883288328834,19.77718165306679
28.842884288428845,20.21579797902514
28.852885288528853,20.736429426104042
28.862886288628864,21.34209889875829
28.872887288728876,22.03469418865099
28.882888288828884,22.814919261659426
28.892889288928895,23.680615583244403
28.902890289028903,24.626869675033436
28.912891289128915,25.64660506057492
28.922892289228923,26.72838723800392
28.932893289328934,27.856091553237377
28.942894289428946,29.010829962312194
28.952895289528954,30.169789989882556
28.962896289628965,31.305569227814175
28.972897289728973,32.389396446844906
28.982898289828984,33.39232641810846
28.992899289928996,34.28489813895277
29.002900290029004,35.04074416472715
29.012901290129015,35.63943855311073
29.022902290229023,36.065955175977955
29.032903290329035,36.31243434871644
29.042904290429043,36.37972944087186
29.052905290529054,36.275449470787905
29.062906290629066,36.01329953647623
29.072907290729074,35.6123996083859
29.082908290829085,35.09449349223767
29.092909290929093,34.48252875025072
29.102910291029104,33.79887484723715
29.112911291129116,33.06352819786599
29.122912291229124,32.294860313009366
29.132913291329135,31.508288899120235
29.142914291429143,30.71492787046035
29.152915291529155,29.9242387980972
29.162916291629163,29.143590852223774
29.172917291729174,28.376628071318795
29.182918291829186,27.626434843514883
29.192919291929194,26.895471064078997
29.202920292029205,26.18353504588956
29.212921292129213,25.49100060016165
29.222922292229224,24.818784561117603
29.232923292329236,24.16578487440795
29.242924292429244,23.5314969213678
29.252925292529255,22.915772312600144
29.262926292629263,22.317324168895908
29.272927292729275,21.736244885904675
29.282928292829283,21.171827195773716
29.292929292929294,20.622345397757034
29.302930293029306,20.089308444294577
29.312931293129314,19.57232238790088
29.322932293229325,19.068482109183854
29.332933293329333,18.580061917847317
29.342934293429344,18.107880278703803
29.352935293529356,17.648220245060045
29.362936293629364,17.20285106421122
29.372937293729375,16.773494200828658
29.382938293829383,16.356955818692292
29.392939293929395,15.954535915418447
29.402940294029403,15.567874418699137
29.412941294129414,15.1949310619555
29.422942294229426,14.837262453467405
29.432943294329434,14.495800395418174
29.442944294429445,14.16938660478775
29.452945294529453,13.8603075327052
29.462946294629464,13.569500201868392
29.472947294729476,13.297105417012492
29.482948294829484,13.045758687784826
29.492949294929495,12.81600596068079
29.502950295029503,12.609555969774108
29.512951295129515,12.430923311633313
29.522952295229523,12.28134190707635
29.532953295329534,12.162741482015521
29.542954295429546,12.081979793852147
29.552955295529554,12.04445060363572
29.562956295629565,12.052593771044156
29.572957295729573,12.112279526031624
29.582958295829584,12.233392838310985
29.592959295929596,12.425423753127625
29.602960296029604,12.697175773316943
29.612961296129615,13.058790509086855
29.622962296229623,13.522500491130979
29.632963296329635,14.10164825086133
29.642964296429643,14.809674599605174
29.652965296529654,15.66125197248132
29.662966296629666,16.67215406469404
29.672967296729674,17.85635413530697
29.682968296829685,19.22351152339431
29.692969296929693,20.77908461997563
29.702970297029704,22.524258012006413
29.712971297129716,24.45164719216771
29.722972297229724,26.5409115815046
29.732973297329735,28.757569819415707
29.742974297429743,31.052852446326153
29.752975297529755,33.36316055777059
29.762976297629763,35.60982566165635
29.772977297729774,37.70338603665073
29.782978297829786,39.55232025774778
29.792979297929794,41.07212427177846
29.802980298029805,42.19461343048573
29.812981298129813,42.8768118204836
29.822982298229824,43.10743650775852
29.832983298329836,42.90888390243548
29.842984298429844,42.33288599236121
29.852985298529855,41.45133397620421
29.862986298629863,40.34520374729751
29.872987298729875,39.09469574374359
29.882988298829883,37.772032622137296
29.892989298929894,36.43632608968668
29.902990299029906,35.13091593337048
29.912991299129914,33.883960713701015
29.922992299229925,32.711415755041486
29.932993299329933,31.62051746617105
29.942994299429945,30.612227406205957
29.952995299529956,29.682905056785863
29.962996299629964,28.826205016722692
29.972997299729975,28.034987054030946
29.982998299829983,27.302457757880017
29.992999299929995,26.622498983537856
30.003000300030003,25.989609084292955
30.013001300130014,25.398962574477725
30.023002300230026,24.846583152236274
30.033003300330034,24.32943933935089
30.043004300430045,23.845340011288112
30.053005300530053,23.392676831926796
30.063006300630065,22.970233510872415
30.073007300730076,22.577177331307713
30.083008300830084,22.213157951959428
30.093009300930095,21.878360328200028
30.103010301030103,21.57345208926108
30.113011301130115,21.299515880364762
30.123012301230123,21.057920013289166
30.133013301330134,20.850108810504167
30.143014301430146,20.67756131835925
30.153015301530154,20.541947624204738
30.163016301630165,20.445332426627573
30.173017301730173,20.390203673702505
30.183018301830185,20.379340469058377
30.193019301930196,20.415636350002853
30.203020302030204,20.501985450473835
30.213021302130215,20.64141877138485
30.223022302230223,20.837120528293447
30.233023302330235,21.092166111402552
30.243024302430243,21.4091396455806
30.253025302530254,21.7900368589595
30.263026302630266,22.236401949910267
30.273027302730274,22.749318279611348
30.283028302830285,23.328941210575618
30.293029302930293,23.973808044122002
30.303030303030305,24.680543046387903
30.313031303130316,25.443905178747926
30.323032303230324,26.256588107359498
30.333033303330335,27.108786572308983
30.343034303430343,27.988012864151784
30.353035303530355,28.879444778664663
30.363036303630363,29.76640554620578
30.373037303730374,30.630544968653652
30.383038303830386,31.452211478020928
30.393039303930394,32.21142273451866
30.403040304030405,32.889102560356946
30.413041304130413,33.46829925868222
30.423042304230425,33.93505597776229
30.433043304330436,34.27912070096448
30.443044304430444,34.49454001316428
30.453045304530455,34.580017317537695
30.463046304630463,34.538782770170286
30.473047304730475,34.37813482938553
30.483048304830483,34.10869470660475
30.493049304930494,33.74344316649771
30.503050305030506,33.29664850177864
30.513051305130514,32.78282923188179
30.523052305230525,32.21595807890358
30.533053305330533,31.608941348060608
30.543054305430545,30.973386719202686
30.553055305530556,30.319439889454824
30.563056305630564,29.655624437662503
30.573057305730575,28.988743380403104
30.583058305830583,28.324023854817575
30.593059305930595,27.66546698257953
30.603060306030603,27.01613810067245
30.613061306130614,26.37830365819681
30.623062306230626,25.753561430918612
30.633063306330634,25.143012015172182
30.643064306430645,24.54740464428932
30.653065306530653,23.967236833306195
30.663066306630665,23.40287184054063
30.673067306730676,22.854634926422435
30.683068306830684,22.322842364638525
30.693069306930695,21.807784937849075
30.703070307030703,21.309722075795477
30.713071307130715,20.828892579728794
30.723072307230723,20.365593899652065
30.733073307330734,19.92027869892364
30.743074307430746,19.493580375115428
30.753075307530754,19.086224147192315
30.763076307630765,18.698922973367882
30.773077307730773,18.332419822356474
30.783078307830785,17.9876361298911
30.793079307930796,17.66584379230408
30.803080308030804,17.36869604214164
30.813081308130815,17.09810126086947
30.823082308230823,16.85608166700186
30.833083308330835,16.644806966046886
30.843084308430846,16.46681963808268
30.853085308530854,16.325233496299205
30.863086308630866,16.223700693346352
30.873087308730874,16.16624896060616
30.883088308830885,16.15728900640771
30.893089308930893,16.201743209168562
30.903090309030905,16.30522884253952
30.913091309130916,16.474070544976534
30.923092309230924,16.71520617148981
30.933093309330935,17.035949573462865
30.943094309430943,17.443769129509757
30.953095309530955,17.946207797023764
30.963096309630966,18.550750182961306
30.973097309730974,19.264455496922128
30.983098309830986,20.093308417454992
30.993099309930994,21.041449916360296
31.003100310031005,22.110438033830473
31.013101310131013,23.298374531113804
31.023102310231025,24.598888113270064
31.033103310331036,26.000104168082856
31.043104310431044,27.483669514279534
31.053105310531055,29.024033820077655
31.063106310631063,30.588245794297126
31.073107310731075,32.13660184275035
31.083108310831086,33.624209597432824
31.093109310931094,35.00342491237588
31.103110311031106,36.227138102974266
31.113111311131114,37.252606817933845
31.123112311231125,38.04523670607377
31.133113311331133,38.58176521424294
31.143114311431145,38.852455217700424
31.153115311531156,38.86188137876353
31.163116311631164,38.627993795318986
31.173117311731176,38.17961006563533
31.183118311831183,37.552787060585395
31.193119311931195,36.78675834905863
31.203120312031206,35.92018950796192
31.213121312131214,34.98826346420172
31.223122312231226,34.020935530239306
31.233123312331234,33.04224978516898
31.243124312431245,32.070404286402606
31.253125312531253,31.118194664248442
31.263126312631265,30.1937548681778
31.273127312731276,29.301576778063072
31.283128312831284,28.443531366654295
31.293129312931296,27.619739600731357
31.303130313031303,26.829245529502227
31.313131313131315,26.070501255488452
31.323132313231326,25.341635716445456
31.333133313331334,24.64062347205569
31.343134313431346,23.965464945922232
31.353135313531354,23.314374528165743
31.363136313631365,22.68578980827733
31.373137313731373,22.078287957391293
31.383138313831385,21.490579120605272
31.393139313931396,20.92162696611899
31.403140314031404,20.370658365559787
31.413141314131416,19.837027049058467
31.423142314231423,19.320112312351334
31.433143314331435,18.81936198907281
31.443144314431446,18.33436432978282
31.453145314531454,17.864873164846916
31.463146314631466,17.41078790986557
31.473147314731474,16.97206225141688
31.483148314831485,16.54857243347461
31.493149314931493,16.14011431154641
31.503150315031505,15.746609928434355
31.513151315131516,15.368290508185538
31.523152315231524,15.005652559022613
31.533153315331536,14.659298923591646
31.543154315431543,14.329871579753096
31.553155315531555,14.01807822418767
31.563156315631566,13.724746248787786
31.573157315731574,13.45092024868246
31.583158315831586,13.19798024824706
31.593159315931594,12.96769160922237
31.603160316031605,12.762183387952854
31.613161316131613,12.583944487121643
31.623162316231625,12.43586728433639
31.633163316331636,12.321320010834496
31.643164316431644,12.244275921928715
31.653165316531656,12.209525850256876
31.663166316631663,12.222830782777345
31.673167316731675,12.290895234280372
31.683168316831686,12.42130643771599
31.693169316931694,12.622624577058986
31.703170317031706,12.90452013158872
31.713171317131714,13.277809358607804
31.723172317231725,13.754464930240486
31.733173317331733,14.34760882421052
31.743174317431745,15.071271954571277
31.753175317531756,15.939843977948872
31.763176317631764,16.967327484308562
31.773177317731776,18.16635612537577
31.783178317831783,19.5467986238763
31.793179317931795,21.1139604330594
31.803180318031806,22.866530770285035
31.813181318131814,24.794345376702278
31.823182318231826,26.875985241835057
31.833183318331834,29.076438698688836
31.843184318431845,31.345449014367674
31.853185318531853,33.61739275394978
31.863186318631865,35.813374934251165
31.873187318731876,37.84590418291246
31.883188318831884,39.62613096969699
31.893189318931896,41.072998327613035
31.903190319031903,42.122928473837774
31.913191319131915,42.7382454424561
31.923192319231926,42.912476166461175
31.933193319331934,42.67098905575485
31.943194319431946,42.06645661862646
31.953195319531954,41.17019771288688
31.963196319631965,40.06169112253936
31.973197319731973,38.8187567021544
31.983198319831985,37.51018050419691
31.993199319931996,36.19147575850468
32.00320032003201,34.90353078139484
32.01320132013201,33.67338946682645
32.02320232023202,32.51636946636227
32.033203320332035,31.438807607427478
32.04320432043205,30.44081670627363
32.05320532053206,29.518662444013067
32.06320632063206,28.666610547806147
32.073207320732074,27.878176536363885
32.083208320832085,27.146853083052758
32.0932093209321,26.466538428098506
32.10321032103211,25.831816663350924
32.11321132113211,25.23810433551909
32.123212321232124,24.681702801406615
32.133213321332136,24.159766796685155
32.14321432143215,23.67014919643651
32.15321532153215,23.21123251092663
32.16321632163216,22.781907584041804
32.173217321732174,22.381600546059452
32.183218321832186,22.010192210768036
32.1932193219322,21.667912972525734
32.2032203220322,21.35531745693337
32.21322132213221,21.073253587421284
32.223222322232225,20.822786656594193
32.233223322332236,20.605230011669907
32.24322432243225,20.422310524281247
32.25322532253225,20.276216941763103
32.26322632263226,20.169394564315333
32.273227322732275,20.10433124865369
32.28322832283229,20.083575560484693
32.2932293229323,20.109885741888153
32.3032303230323,20.186316649664597
32.313231323132314,20.31618631421067
32.323232323232325,20.502925044275116
32.33323332333234,20.74986741182781
32.34323432343235,21.06009058018214
32.35323532353235,21.43629296245677
32.363236323632364,21.88063275665413
32.373237323732376,22.394518397935546
32.38323832383239,22.978354630929246
32.39323932393239,23.631230255839665
32.4032403240324,24.350559769955417
32.413241324132414,25.131694819667434
32.423242324232426,25.967577589999138
32.43324332433244,26.848577236563383
32.44324432443244,27.762504420966536
32.45324532453245,28.694644824647376
32.463246324632465,29.627798414604367
32.473247324732476,30.5425250928431
32.48324832483249,31.417776128797392
32.49324932493249,32.23195171438565
32.503250325032504,32.96425141230688
32.513251325132515,33.59600471231178
32.52325232523253,34.11166203961445
32.53325332533254,34.49945443402609
32.54325432543254,34.75199099309742
32.553255325532554,34.866819570296656
32.563256325632565,34.8465989214766
32.57325732573258,34.698660938627455
32.58325832583259,34.434124840426655
32.59325932593259,34.06679093401989
32.603260326032604,33.61196420562872
32.613261326132616,33.08536654430845
32.62326232623263,32.50225410582495
32.63326332633263,31.876759229506874
32.64326432643264,31.221445672779975
32.653265326532654,30.547097161683375
32.663266326632666,29.862715022993292
32.67326732673268,29.175590231052723
32.68326832683268,28.49134501900129
32.69326932693269,27.814083591301245
32.703270327032705,27.146791869723007
32.713271327132716,26.4917536876805
32.72327232723273,25.850675571715573
32.73327332733273,25.224631415230665
32.743274327432744,24.614144052757485
32.753275327532755,24.019458538977737
32.76327632763277,23.44080706000476
32.77327732773278,22.878473175543974
32.78327832783278,22.332686871634724
32.793279327932794,21.803551320560185
32.803280328032805,21.2911113180641
32.81328132813282,20.79548578373887
32.82328232823283,20.31692978819624
32.83328332833283,19.855774367992474
32.843284328432844,19.412358554528964
32.853285328532856,18.987096017649346
32.86328632863287,18.58058336521374
32.87328732873287,18.19356908103721
32.88328832883288,17.826858768821825
32.893289328932894,17.481363997528106
32.903290329032906,17.15828530651241
32.91329132913292,16.859205317132812
32.92329232923292,16.58595710120373
32.93329332933293,16.34045075923172
32.943294329432945,16.124750583349382
32.953295329532956,15.941355160294318
32.96329632963297,15.793381185726323
32.97329732973297,15.684519015274937
32.983298329832984,15.618897311513056
32.993299329932995,15.601052608357124
33.00330033003301,15.63608021749795
33.01330133013302,15.72977316493745
33.02330233023302,15.888562382536659
33.033303330333034,16.119439649492094
33.043304330433045,16.43005516748155
33.05330533053306,16.828726461641402
33.06330633063307,17.324091220078277
33.07330733073307,17.924616565501783
33.083308330833084,18.63822540062487
33.093309330933096,19.471932788138925
33.10331033103311,20.431307782785062
33.11331133113311,21.51969100300767
33.12331233123312,22.737083071539555
33.133313331333134,24.078769543057504
33.143314331433146,25.534052330334585
33.15331533153316,27.085281667956924
33.16331633163316,28.70708382296233
33.17331733173317,30.36589749450397
33.183318331833185,32.02026091231884
33.193319331933196,33.62217508087784
33.20332033203321,35.11961163999453
33.21332133213321,36.46003139840532
33.223322332233224,37.59458558013914
33.233323332333235,38.48258069568501
33.24332433243325,39.09563781169587
33.25332533253326,39.42072062468508
33.26332633263326,39.46126198840222
33.273327332733274,39.236097321693194
33.283328332833285,38.77651270211098
33.2933293329333,38.122152922204705
33.30333033303331,37.31659707733985
33.31333133313331,36.40317082181649
33.323332333233324,35.42148218457452
33.333333333333336,34.40514419430205
33.34333433343335,33.38079235995325
33.35333533353335,32.36810787220657
33.36333633363336,31.380506111025568
33.373337333733375,30.426219660046026
33.383338333833386,29.509543529807885
33.3933393339334,28.63202312312944
33.4033403340334,27.79337056219396
33.41334133413341,26.992081279793716
33.423342334233425,26.22595295339154
33.433343334333436,25.49255957631776
33.44334433443345,24.789518252166012
33.45334533453345,24.11453000430127
33.463346334633464,23.465387151701073
33.473347334733475,22.84009616257856
33.48334833483349,22.237076563444514
33.4933493349335,21.65524213302429
33.5033503350335,21.093785694003593
33.513351335133514,20.551846156068603
33.523352335233525,20.02848954679353
33.53335333533354,19.52303058414975
33.54335433543355,19.035210587912616
33.55335533553355,18.565004648769857
33.563356335633564,18.112372195865582
33.573357335733576,17.67721571371702
33.58335833583359,17.259519197718156
33.59335933593359,16.859514196333762
33.6033603360336,16.477686907270275
33.613361336133615,16.114644125849054
33.623362336233626,15.771095558648906
33.63336333633364,15.447954273663814
33.64336433643364,15.14633719998076
33.65336533653365,14.867532637534554
33.663366336633665,14.613113836859647
33.673367336733676,14.385105414178081
33.68336833683369,14.186044252430602
33.69336933693369,14.018916172706284
33.703370337033704,13.887056602766489
33.713371337133715,13.79418801559203
33.72337233723373,13.74461428168182
33.73337333733374,13.743408156374892
33.74337433743374,13.796521652714707
33.753375337533754,13.910859852066938
33.763376337633765,14.094282276369018
33.77337733773378,14.355503586485602
33.78337833783379,14.70399765898274
33.79337933793379,15.149991560162514
33.803380338033804,15.704439767908001
33.813381338133816,16.378772140156777
33.82338233823383,17.184379679302445
33.83338333833383,18.131955345280872
33.84338433843384,19.230649256990702
33.853385338533855,20.486910744877793
33.863386338633866,21.903077890960073
33.87338733873388,23.47580477424194
33.88338833883388,25.19424313939556
33.89338933893389,27.03812300000948
33.903390339033905,28.976260406710985
33.913391339133916,30.965844865575338
33.92339233923393,32.95261214088619
33.93339333933393,34.87242502321096
33.943394339433944,36.6549006808777
33.953395339533955,38.22893139885409
33.96339633963397,39.529361997202706
33.97339733973398,40.50399990072319
33.98339833983398,41.11978022356786
33.993399339933994,41.36672351962635
34.003400340034005,41.25881998107411
34.01340134013402,40.83156541517003
34.02340234023403,40.13647408074385
34.03340334033403,39.233820323424396
34.043404340434044,38.18536951999978
34.053405340534056,37.04841424463748
34.06340634063407,35.871718954540746
34.07340734073407,34.69351741175588
34.08340834083408,33.541362172008895
34.093409340934095,32.433283412150715
34.103410341034106,31.3795601873504
34.11341134113412,30.384580108889125
34.12341234123412,29.4485825000694
34.13341334133413,28.56919330579915
34.143414341434145,27.742610291093186
34.153415341534156,26.96442364629671
34.16341634163417,26.23019949518287
34.17341734173417,25.535851095910576
34.183418341834184,24.877766284971358
34.193419341934195,24.2528261629025
34.20342034203421,23.65843149890383
34.21342134213422,23.092493710534367
34.22342234223422,22.55340530814212
34.233423342334234,22.040011443059818
34.243424342434245,21.551507607893445
34.25342534253426,21.087356656443554
34.26342634263427,20.64735742736895
34.27342734273427,20.231689864348137
34.283428342834284,19.84080507950086
34.293429342934296,19.47533740263377
34.30343034303431,19.136131677073614
34.31343134313431,18.824287772011637
34.32343234323432,18.54122345241442
34.333433343334335,18.288743476262884
34.343434343434346,18.06900488931732
34.35343534353436,17.884382954846032
34.36343634363436,17.73744545750693
34.37343734373437,17.631169746239777
34.383438343834385,17.569157983538744
34.393439343934396,17.555517103449404
34.40344034403441,17.59462405248749
34.41344134413441,17.691189770773583
34.423442344234424,17.850433258903834
34.433443344334435,18.07798518114886
34.44344434443445,18.37965251347123
34.45344534453446,18.761276623837553
34.46344634463446,19.228618230722585
34.473447344734474,19.78714718044638
34.483448344834486,20.44166452293951
34.4934493449345,21.19577430381034
34.50345034503451,22.05134421061367
34.51345134513451,23.0079253648642
34.523452345234524,24.06198321346005
34.533453345334536,25.206092711786827
34.54345434543455,26.42833605532816
34.55345534553455,27.711846615515
34.56345634563456,29.034499434062948
34.573457345734575,30.368957737756826
34.583458345834586,31.68323507227013
34.5934593459346,32.941894711652864
34.6034603460346,34.10791278912296
34.61346134613461,35.14499501972182
34.623462346234625,36.02018643926447
34.633463346334636,36.706608549947234
34.64346434643465,37.18579290526524
34.65346534653465,37.449149674314484
34.663466346634664,37.4984664097515
34.673467346734675,37.34530844186633
34.68346834683469,37.00936638063723
34.6934693469347,36.51615163518178
34.7034703470347,35.89439736567468
34.713471347134714,35.17347297690744
34.723472347234726,34.38120076859265
34.73347334733474,33.542309303860286
34.74347434743475,32.677595784224565
34.75347534753475,31.803748759977747
34.763476347634764,30.93353253927303
34.773477347734776,30.07610966303697
34.78347834783479,29.23755328914975
34.79347934793479,28.42149738329372
34.8034803480348,27.629825502455663
34.813481348134815,26.86329837162502
34.823482348234826,26.121855926917483
34.83348334833484,25.404661787833263
34.84348434843484,24.710414204154716
34.85348534853485,24.037904969826982
34.863486348634865,23.386247201465462
34.873487348734876,22.754665033656295
34.88348834883489,22.142261514879692
34.89348934893489,21.54796734951496
34.903490349034904,20.970697118009337
34.913491349134915,20.409578092030518
34.92349234923493,19.863963144053344
34.93349334933494,19.33332491261419
34.94349434943494,18.817279495989155
34.953495349534954,18.315516154236732
34.963496349634966,17.82756246062209
34.97349734973498,17.352745311831253
34.98349834983499,16.890451580804505
34.99349934993499,16.440351122201996
35.003500350035004,16.002307262952932
35.013501350135016,15.576074385305828
35.02350235023503,15.161260413702573
35.03350335033503,14.757538006965417
35.04350435043504,14.36470765194419
35.053505350535055,13.982572043020593
35.063506350635066,13.610777646949611
35.07350735073508,13.248731472941914
35.08350835083508,12.895951324442583
35.09350935093509,12.552468852685518
35.103510351035105,12.218499262196035
35.11351135113512,11.893854077483288
35.12351235123513,11.578017989014386
35.13351335133513,11.270606737087276
35.143514351435144,10.97152984272701
35.153515351535155,10.680740738943843
35.16351635163517,10.397998804764502
35.17351735173518,10.123096174215545
35.18351835183518,9.856052774746782
35.193519351935194,9.596873976030315
35.203520352035206,9.345368856391342
35.21352135213522,9.101213803591076
35.22352235223523,8.864128341756626
35.23352335233523,8.634310373136529
35.243524352435244,8.41229710359326
35.253525352535256,8.198138172762267
35.26352635263527,7.991594689897955
35.27352735273527,7.792893613141242
35.28352835283528,7.602444588810627
35.293529352935295,7.420404828972703
35.303530353035306,7.247004155593515
35.31353135313532,7.082903396319967
35.32353235323532,6.929140926410891
35.33353335333533,6.7868274327094475
35.343534353435345,6.656978558862551
35.35353535353536,6.540857013096932
35.36353635363537,6.440287946960662
35.37353735373537,6.3575859277825835
35.383538353835384,6.29552492817151
35.393539353935395,6.257306048320618
35.40354035403541,6.246730001807993
35.41354135413542,6.268750490138469
35.42354235423542,6.329576166850551
35.433543354335434,6.436290405068455
35.443544354435446,6.597040190634111
35.45354535453546,6.821847181246941
35.46354635463547,7.123125104202558
35.47354735473547,7.515652908032244
35.483548354835484,8.01633998850599
35.493549354935496,8.644161812230255
35.50355035503551,9.420643545115448
35.51355135513551,10.370445346635247
35.52355235523552,11.521017696540564
35.533553355335535,12.901039058929424
35.543554355435546,14.538478265899819
35.55355535553556,16.458616390009702
35.56355635563556,18.681134174464855
35.57355735573557,21.215391077068244
35.583558355835585,24.05433826958619
35.5935593559356,27.167957196752624
35.60356035603561,30.496875692430947
35.61356135613561,33.94707938955898
35.623562356235624,37.38809175928391
35.633563356335635,40.65773140179419
35.64356435643565,43.575253543174256
35.65356535653566,45.962436081462926
35.66356635663566,47.669998612056155
35.673567356735674,48.604329612625605
35.683568356835686,48.74702110141165
35.6935693569357,48.15979226856443
35.70357035703571,46.9718575611718
35.71357135713571,45.35375871985883
35.723572357235724,43.48632413626833
35.733573357335736,41.53330667458455
35.74357435743575,39.623454515367634
35.75357535753575,37.844439160170175
35.76357635763576,36.24655952084895
35.773577357735775,34.85074476700022
35.783578357835786,33.656912981292905
35.7935793579358,32.65189884268123
35.8035803580358,31.816199799036603
35.813581358135814,31.1281639154397
35.823582358235825,30.566101542482535
35.83358335833584,30.109848274931398
35.84358435843585,29.74173091844893
35.85358535853585,29.446437316063932
35.863586358635864,29.21064590045923
35.873587358735875,29.023077839454107
35.88358835883589,28.874388218107537
35.8935893589359,28.75663315842492
35.9035903590359,28.662985331146846
35.913591359135914,28.58768797047386
35.923592359235926,28.525810911963852
35.93359335933594,28.47314612257815
35.94359435943595,28.426368925086418
35.95359535953595,28.382821376544538
35.963596359635964,28.340049193738693
35.973597359735976,28.29587030599921
35.98359835983599,28.24873165499611
35.993599359936,28.197598504914993
36.003600360036,28.141616153114494
36.013601360136015,28.080107096132668
36.023602360236026,28.01264996386693
36.03360336033604,27.93901099659169
36.04360436043604,27.859215849407
36.053605360536054,27.77364678330363
36.063606360636065,27.682788530514994
36.07360736073608,27.586945611112398
36.08360836083609,27.486472005813532
36.09360936093609,27.38211988635409
36.103610361036104,27.27490394177262
36.113611361136115,27.16576613188218
36.12361236123613,27.05543315230748
36.13361336133614,26.944486777189454
36.14361436143614,26.833593323173165
36.153615361536154,26.723778218641364
36.163616361636166,26.616360493714836
36.17361736173618,26.512431623743222
36.18361836183619,26.412649632211327
36.19361936193619,26.317607330919408
36.203620362036204,26.228053669799902
36.213621362136216,26.144802392828623
36.22362236223623,26.068678520292817
36.23362336233624,26.00055354997492
36.24362436243624,25.941189855987634
36.253625362536255,25.891143139730676
36.263626362636266,25.85093730221231
36.27362736273628,25.82114313957716
36.28362836283628,25.802227634309194
36.293629362936294,25.794469770705717
36.303630363036305,25.798142775582274
36.31363136313632,25.813572170394405
36.32363236323633,25.840956066211227
36.33363336333633,25.88027396878421
36.343634363436344,25.93137427437096
36.353635363536355,25.9940138263197
36.36363636363637,26.067889670713498
36.37363736373638,26.152675316572683
36.38363836383638,26.247885986916565
36.393639363936394,26.352721406696862
36.403640364036406,26.466207278741845
36.41364136413642,26.58736392129193
36.42364236423643,26.715077724015817
36.43364336433643,26.84800747706378
36.443644364436445,26.984749212543374
36.453645364536456,27.12389470411387
36.46364636463647,27.263889961210545
36.47364736473648,27.403069136286675
36.48364836483648,27.539809566637633
36.493649364936495,27.672462949374502
36.503650365036506,27.79922361851974
36.51365136513652,27.918256874577054
36.52365236523652,28.0279261458995
36.533653365336534,28.126852275090016
36.543654365436545,28.21386754025179
36.55365536553656,28.287903383161822
36.56365636563657,28.347810780687723
36.57365736573657,28.3924666556544
36.583658365836584,28.42122615938451
36.593659365936595,28.433983818373427
36.60366036603661,28.43067707967008
36.61366136613662,28.411144468681055
36.62366236623662,28.375518592651858
36.633663366336634,28.324338565146828
36.643664366436646,28.258330985187857
36.65366536653666,28.178397064141386
36.66366636663667,28.08560882581307
36.67366736673667,27.98098897692634
36.683668366836685,27.865501244509325
36.693669366936696,27.74029369988273
36.70367036703671,27.606706360568054
36.71367136713672,27.466157184504482
36.72367236723672,27.32022138271612
36.733673367336735,27.170494507589115
36.743674367436746,27.018210237560375
36.75367536753676,26.864458069777413
36.76367636763676,26.71073832511872
36.773677367736774,26.558681264002043
36.783678367836785,26.409433254555235
36.7936793679368,26.263918461162383
36.80368036803681,26.123380833622775
36.81368136813681,25.98928043052869
36.823682368236824,25.862962912218514
36.833683368336835,25.745510532375825
36.84368436843685,25.637729638626013
36.85368536853686,25.54041825933165
36.86368636863686,25.454646967275018
36.873687368736874,25.381556666756147
36.883688368836886,25.322016060717736
36.8936893689369,25.27670589120521
36.90369036903691,25.24634405168287
36.91369136913691,25.23158002263636
36.923692369236925,25.232831489976583
36.933693369336936,25.250443807520938
36.94369436943695,25.284855910538987
36.95369536953696,25.33638689738891
36.96369636963696,25.405020895842018
36.973697369736975,25.49064134672427
36.983698369836986,25.593186340326568
36.993699369937,25.712232062226832
37.003700370037,25.84678170364883
37.013701370137014,25.995782924457323
37.023702370237025,26.158414636531212
37.03370337033704,26.333598857686496
37.04370437043705,26.51961031227622
37.05370537053705,26.714350731940456
37.063706370637064,26.915759122793126
37.073707370737075,27.12183794443798
37.08370837083709,27.330358713966575
37.0937093709371,27.53866580037695
37.1037103710371,27.743916385524717
37.113711371137114,27.943436676610702
37.123712371237126,28.134628259472372
37.13371337133714,28.314702178624156
37.14371437143715,28.480877039004227
37.15371537153715,28.63075887298646
37.163716371637165,28.762322294322914
37.173717371737176,28.87371117144062
37.18371837183719,28.96323396626788
37.1937193719372,29.029481000042228
37.2037203720372,29.071475119224704
37.213721372137215,29.088790477121492
37.223722372237226,29.081475769946483
37.23372337233724,29.049848419899792
37.24372437243724,28.9944474712108
37.253725372537254,28.916131793610166
37.263726372637265,28.816050432603898
37.27372737273728,28.695536303017015
37.28372837283729,28.556201531437093
37.29372937293729,28.400036013003287
37.303730373037304,28.22915035513454
37.313731373137315,28.045457221982947
37.32373237323733,27.850756309960886
37.33373337333734,27.64701904057777
37.34373437343734,27.436404249659397
37.353735373537354,27.221029384139687
37.363736373637366,27.002816960784905
37.37373737373738,26.783517605093436
37.38373837383739,26.56481292893453
37.39373937393739,26.348412449925203
37.403740374037405,26.136067152882077
37.413741374137416,25.929500391184064
37.42374237423743,25.730308608433724
37.43374337433744,25.53988448222855
37.44374437443744,25.359497686453246
37.453745374537455,25.190525260467545
37.463746374637466,25.034484233593183
37.47374737473748,24.892733201857794
37.48374837483748,24.76632918521501
37.493749374937494,24.656291235561962
37.503750375037505,24.563873260829425
37.51375137513752,24.490455438279263
37.52375237523753,24.437210929397995
37.53375337533753,24.404980751620997
37.543754375437544,24.39451008492341
37.553755375537555,24.406673943477127
37.56375637563757,24.442328558788486
37.57375737573758,24.502039073930654
37.58375837583758,24.586116318339663
37.593759375937594,24.694817081668123
37.603760376037606,24.82833703625907
37.61376137613762,24.986547571007744
37.62376237623763,25.168793048950263
37.63376337633763,25.374009230907177
37.643764376437645,25.600991043132336
37.653765376537656,25.848415390961488
37.66376637663767,26.1145260187228
37.67376737673768,26.396890703605337
37.68376837683768,26.69246548290375
37.693769376937695,26.997820747045335
37.703770377037706,27.309360217801604
37.71377137713772,27.62334878108866
37.72377237723772,27.935702547703713
37.733773377337734,28.241863426734184
37.743774377437745,28.5370700404311
37.75377537753776,28.81674601116522
37.76377637763777,29.076576404675727
37.77377737773777,29.312436939893008
37.783778377837784,29.52048315532708
37.793779377937796,29.69732508748428
37.80378037803781,29.84012543145647
37.81378137813782,29.946675730601896
37.82378237823782,30.015484946303374
37.833783378337834,30.04583284145847
37.843784378437846,30.03777785599858
37.85378537853786,29.992079142233138
37.86378637863787,29.910045885884074
37.87378737873787,29.793486920662577
37.883788378837885,29.64469209849004
37.893789378937896,29.46627661375433
37.90379037903791,29.26102623742715
37.91379137913792,29.03193154872368
37.92379237923792,28.782245137026266
37.933793379337935,28.515341662263072
37.943794379437946,28.23443396332712
37.95379537953796,27.942422244868943
37.96379637963796,27.642007750271866
37.973797379737974,27.335880625596868
37.983798379837985,27.026720456549793
37.993799379938,26.717029465583746
38.00380038003801,26.409026087981147
38.01380138013801,26.104727858708948
38.023802380238024,25.806125538952365
38.033803380338036,25.515224850399733
38.04380438043805,25.233862041921473
38.05380538053806,24.96356841721767
38.06380638063806,24.70575752755389
38.073807380738074,24.46199348383519
38.083808380838086,24.233986504253004
38.0938093809381,24.023383318084
38.10381038103811,23.83164770167262
38.11381138113811,23.660152736109886
38.123812381238125,23.510406840597476
38.133813381338136,23.384096565751232
38.14381438143815,23.282769033430302
38.15381538153816,23.20764678745986
38.16381638163816,23.16001895187023
38.173817381738175,23.141597967300452
38.183818381838186,23.15421907953638
38.1938193819382,23.199313813329372
38.2038203820382,23.27781464580071
38.213821382138214,23.390516773183812
38.223822382238225,23.53844613845502
38.23382338233824,23.722659493084354
38.24382438243825,23.94361401244631
38.25382538253825,24.200998281661445
38.263826382638264,24.4941232823043
38.273827382738276,24.82199082216229
38.28382838283829,25.182898752467906
38.2938293829383,25.57428894651514
38.3038303830383,25.99296272792114
38.313831383138314,26.435147864743605
38.323832383238326,26.89622238188767
38.33383338333834,27.370444556093652
38.34383438343835,27.85110079819833
38.35383538353835,28.330949702644325
38.363836383638365,28.80242984633262
38.373837383738376,29.257608247228255
38.38383838383839,29.68837096534637
38.3938393839384,30.086852508718255
38.4038403840384,30.44568419191297
38.413841384138415,30.758099877559474
38.42384238423843,31.01819951537872
38.43384338433844,31.2213430076325
38.44384438443844,31.36444162943218
38.453845384538454,31.445929752194537
38.463846384638465,31.465538474673227
38.47384738473848,31.424263520523233
38.48384838483849,31.324439630633172
38.49384938493849,31.169528841428942
38.503850385038504,30.963834258976974
38.513851385138516,30.71238253774392
38.52385238523853,30.42065572513812
38.53385338533854,30.094211774849377
38.54385438543854,29.738530116570878
38.553855385538554,29.358916351777196
38.563856385638566,28.960342446316186
38.57385738573858,28.547417898252945
38.58385838583859,28.124380572137838
38.59385938593859,27.695048550946634
38.603860386038605,27.26290062895693
38.613861386138616,26.83107628564557
38.62386238623863,26.402188854659865
38.63386338633864,25.97841461562729
38.64386438643864,25.56187595009156
38.653865386538655,25.154686573542257
38.66386638663867,24.758657217720497
38.67386738673868,24.37526256611718
38.68386838683868,24.005897346313994
38.693869386938694,23.652067699130914
38.703870387038705,23.31535843854211
38.71387138713872,22.997265700624315
38.72387238723873,22.69914975756323
38.73387338733873,22.42241236226155
38.743874387438744,22.16863906329442
38.753875387538756,21.93956149787866
38.76387638763877,21.736971253382762
38.77387738773878,21.562715235984705
38.78387838783878,21.418809951464294
38.793879387938794,21.307499844453197
38.803880388038806,21.231066067258222
38.81388138813882,21.191673552345566
38.82388238823883,21.191557567428127
38.83388338833883,21.233210000204668
38.843884388438845,21.31929761442442
38.853885388538856,21.452495871586738
38.86388638863887,21.635276463456975
38.87388738873888,21.869731789045144
38.88388838883888,22.157693598256813
38.893889388938895,22.500825710095924
38.90389038903891,22.90025603910363
38.91389138913892,23.35613910132366
38.92389238923892,23.86754623527153
38.933893389338934,24.432462806162555
38.943894389438945,25.047644432009054
38.95389538953896,25.708306218508493
38.96389638963897,26.407828701442675
38.97389738973897,27.137755035290827
38.983898389838984,27.88793818633637
38.993899389938996,28.646509817934135
39.00390039003901,29.39985664484226
39.01390139013902,30.13300236443495
39.02390239023902,30.830385207363662
39.033903390339034,31.476681497032516
39.043904390439046,32.0573422206089
39.05390539053906,32.55900272008925
39.06390639063907,32.97024248785042
39.07390739073907,33.282456348404594
39.083908390839085,33.490253060532794
39.093909390939096,33.591594423488324
39.10391039103911,33.58788224797245
39.11391139113912,33.48364468245013
39.123912391239124,33.28591989225407
39.133913391339135,33.003647667345305
39.14391439143915,32.64700181825191
39.15391539153916,32.226811468048126
39.16391639163916,31.754167151480686
39.173917391739174,31.23986224042155
39.183918391839185,30.693824043422666
39.1939193919392,30.1249021021982
39.20392039203921,29.54069560933766
39.21392139213921,28.947464367769168
39.223922392239224,28.35053260874635
39.233923392339236,27.754542626818573
39.24392439243925,27.163160594047874
39.25392539253926,26.579058406368773
39.26392639263926,26.004288940466413
39.273927392739274,25.440520564883318
39.283928392839286,24.889189474633838
39.2939293929393,24.351522720432
39.30393039303931,23.828432133196284
39.31393139313931,23.3206545787663
39.323932393239325,22.828945262835717
39.333933393339336,22.354017462442386
39.34393439343935,21.896481503280636
39.35393539353936,21.4569290290606
39.363936393639364,21.036155360935158
39.373937393739375,20.63525419250651
39.38393839383939,20.255259672281163
39.3939393939394,19.89702942359194
39.4039403940394,19.56170450688817
39.413941394139414,19.25074352787432
39.423942394239425,18.965723914894816
39.43394339433944,18.708606441590405
39.44394439443945,18.48161777103079
39.45394539453945,18.286996860364376
39.463946394639464,18.127392316087818
39.473947394739476,18.005805203192665
39.48394839483949,17.92533126979103
39.4939493949395,17.889687309922756
39.5039503950395,17.903154836300974
39.513951395139514,17.97011221150599
39.523952395239526,18.095363620573817
39.53395339533954,18.28406236765398
39.54395439543955,18.541485939885764
39.55395539553955,18.873393471877097
39.563956395639565,19.28544154029544
39.573957395739576,19.782618128645957
39.58395839583959,20.369623933653912
39.5939593959396,21.050213420731932
39.603960396039604,21.826506881353453
39.613961396139615,22.699081171188922
39.62396239623963,23.665846486569848
39.63396339633964,24.72119865733693
39.64396439643964,25.856141599602125
39.653965396539654,27.057191977218263
39.663966396639665,28.305614213680116
39.67396739673968,29.577963168340354
39.68396839683969,30.84635748255113
39.69396939693969,32.0793119012138
39.703970397039704,33.243229027352385
39.713971397139716,34.30373917090057
39.72397239723973,35.22805528552376
39.73397339733974,35.987963652244495
39.74397439743974,36.561906611178266
39.753975397539755,36.936494385256424
39.763976397639766,37.107587643411705
39.77397739773978,37.080266371395794
39.78397839783979,36.86798878722303
39.79397939793979,36.49108441727324
39.803980398039805,35.97428046734264
39.813981398139816,35.34422542682192
39.82398239823983,34.62769505378851
39.83398339833984,33.84986279616406
39.843984398439844,33.032747486630164
39.853985398539855,32.19447122411206
39.86398639863987,31.34927665368177
39.87398739873988,30.50794571894561
39.88398839883988,29.678445312909442
39.893989398939894,28.86641477708485
39.903990399039905,28.07526799237999
39.91399139913992,27.30652018331015
39.92399239923993,26.560561158238542
39.93399339933993,25.837306643144657
39.943994399439944,25.13637394448081
39.953995399539956,24.456981849534667
39.96399639963997,23.798133762079527
39.97399739973998,23.158985002861947
39.98399839983998,22.538797316546436
39.993999399939995,21.936718267686516
40.004000400040006,21.351765549349572
40.01400140014002,20.783047825797887
40.02400240024003,20.23005013056095
40.03400340034003,19.692502742025837
40.044004400440045,19.169919130610555
40.054005400540056,18.661562644423363
40.06400640064007,18.16689875497996
40.07400740074008,17.685795942603193
40.084008400840084,17.218193298804074
40.094009400940095,16.76371099386004
40.10401040104011,16.321706412262067
40.11401140114012,15.891712936962213
40.12401240124012,15.47367076323742
40.134013401340134,15.067677943537669
40.144014401440145,14.673612176122917
40.15401540154016,14.291091530013496
40.16401640164017,13.91980550951341
40.17401740174017,13.55976201065091
40.184018401840184,13.21110333999133
40.194019401940196,12.87378107073662
40.20402040204021,12.547633791102674
40.21402140214022,12.232704170405794
40.22402240224022,11.92923915762867
40.234023402340235,11.637450325310066
40.244024402440246,11.357507631029948
40.25402540254026,11.089803314419742
40.26402640264027,10.835090427244737
40.27402740274027,10.594286870203813
40.284028402840285,10.368217663584206
40.294029402940296,10.157681501364088
40.30403040304031,9.963853849514251
40.31403140314032,9.788589019885448
40.324032403240324,9.634212408645256
40.334033403340335,9.503171616748876
40.34403440344035,9.398143395908544
40.35403540354036,9.322599447959945
40.36403640364036,9.281079114710565
40.374037403740374,9.27891895528623
40.384038403840385,9.322077038527269
40.3940394039404,9.417566812494504
40.40404040404041,9.574029690504581
40.41404140414041,9.801741405241962
40.424042404240424,10.112329027039053
40.434043404340436,10.518864754148948
40.44404440444045,11.036387128917648
40.45404540454046,11.682125161931358
40.46404640464046,12.475016553102742
40.474047404740475,13.434965483660116
40.484048404840486,14.58230821444709
40.4940494049405,15.937166696727306
40.50405040504051,17.51784984181007
40.51405140514051,19.337989457276226
40.524052405240525,21.403249592586914
40.534053405340536,23.708155986358356
40.54405440544055,26.23242470221844
40.55405540554056,28.936342778884907
40.564056405640564,31.756811736433207
40.574057405740575,34.60614733525526
40.58405840584059,37.37465516911555
40.5940594059406,39.93690852779675
40.6040604060406,42.162392399796
40.614061406140614,43.93087135455987
40.624062406240625,45.15014215576376
40.63406340634064,45.77133207646169
40.64406440644065,45.79694588970101
40.65406540654065,45.279694206069365
40.664066406640664,44.312810522979
40.674067406740676,43.014053181578824
40.68406840684069,41.50694122657674
40.6940694069407,39.904165937872435
40.7040704070407,38.29702713429053
40.714071407140715,36.751663067133535
40.724072407240726,35.31025358471123
40.73407340734074,33.99482138288596
40.74407440744075,32.81209919519356
40.75407540754075,31.758499603364502
40.764076407640765,30.82454656804814
40.774077407740776,29.99834352103548
40.78407840784079,29.267619448982824
40.7940794079408,28.62042456426433
40.804080408040804,28.045360246264092
40.814081408140815,27.532293088439918
40.82408240824083,27.073204857754313
40.83408340834084,26.662077822343573
40.84408440844084,26.293895395876234
40.854085408540854,25.964036677191864
40.864086408640865,25.668916873193957
40.87408740874088,25.406489542180736
40.88408840884089,25.175495197728747
40.89408940894089,24.97449703490905
40.904090409040904,24.80223497066796
40.914091409140916,24.658391597721117
40.92409240924093,24.543153064701457
40.93409340934094,24.456288953012695
40.94409440944094,24.39734009602694
40.954095409540955,24.36655576585585
40.964096409640966,24.364763965937836
40.97409740974098,24.392328044085254
40.98409840984099,24.448892289352735
40.99409940994099,24.53419704826255
41.004100410041005,24.64846802603213
41.014101410141016,24.791758919382517
41.02410241024103,24.963360334965767
41.03410341034104,25.162050612715248
41.044104410441044,25.386589567195564
41.054105410541055,25.635653395244056
41.06410641064107,25.9074137831724
41.07410741074108,26.199349341781243
41.08410841084109,26.50837254690028
41.094109410941094,26.83105754772729
41.104110411041106,27.16375884031055
41.11411141114112,27.502463761910366
41.12411241124113,27.84252332126911
41.13411341134113,28.178716217035294
41.144114411441144,28.50569937189779
41.154115411541156,28.818408058923147
41.16411641164117,29.112064716767303
41.17411741174118,29.381973030208272
41.18411841184118,29.623481655027934
41.194119411941195,29.832270272377627
41.204120412041206,30.004743006754254
41.21412141214122,30.138239230377657
41.22412241224123,30.230969902744643
41.23412341234123,30.281836597763366
41.244124412441245,30.290409055540742
41.254125412541256,30.25708048523234
41.26412641264127,30.18315286825001
41.27412741274128,30.07063138931487
41.284128412841284,29.921952626638554
41.294129412941295,29.739920175520993
41.30413041304131,29.52775017123725
41.31413141314132,29.288933944757698
41.32413241324133,29.026979025563566
41.334133413341334,28.745320810540818
41.344134413441346,28.447339925919962
41.35413541354136,28.13637016245815
41.36413641364137,27.81569024194197
41.37413741374137,27.488416423745342
41.384138413841384,27.157330317344087
41.394139413941396,26.82487208073124
41.40414041404141,26.493348525042595
41.41414141414142,26.16508579223352
41.42414241424142,25.84232029107222
41.434143414341435,25.52704715306038
41.444144414441446,25.220979900229338
41.45414541454146,24.92572621240698
41.46414641464147,24.64292849330078
41.47414741474147,24.374232607073584
41.484148414841485,24.121126549528377
41.494149414941496,23.885113232223983
41.50415041504151,23.667915484623403
41.51415141514152,23.47130362795623
41.524152415241524,23.296725325821658
41.534153415341535,23.145419301911
41.54415441544155,23.01884300455928
41.55415541554156,22.918798376398485
41.56415641564157,22.84714845499654
41.574157415741574,22.805573828395886
41.584158415841586,22.79557567792768
41.5941594159416,22.818662463811922
41.60416041604161,22.876410721778292
41.61416141614161,22.97027957072646
41.624162416241624,23.101480349020022
41.634163416341636,23.271082516352983
41.64416441644165,23.48004825830332
41.65416541654166,23.7289443735931
41.66416641664166,24.017659292368617
41.674167416741675,24.34539597630059
41.684168416841686,24.710856515978513
41.6941694169417,25.11225770295973
41.70417041704171,25.54704682495761
41.71417141714171,26.011613224955028
41.724172417241725,26.50130796017055
41.73417341734174,27.010564023050563
41.74417441744175,27.53284616466661
41.75417541754176,28.060650506905713
41.764176417641764,28.58575062261032
41.774177417741775,29.099428431478742
41.78417841784179,29.592587947619243
41.7941794179418,30.05600930978779
41.80418041804181,30.48073633747216
41.814181418141814,30.858455137522533
41.824182418241826,31.181859927979303
41.83418341834184,31.44497747067844
41.84418441844185,31.643281639172148
41.85418541854185,31.77377386685798
41.864186418641864,31.835153358126664
41.874187418741876,31.827896842908615
41.88418841884189,31.754118517726525
41.8941894189419,31.61731236109744
41.9041904190419,31.422062462096374
41.914191419141915,31.173778086701017
41.924192419241926,30.87851236559263
41.93419341934194,30.54270001550529
41.94419441944195,30.17270690577304
41.95419541954195,29.774518233267152
41.964196419641965,29.353812038427737
41.97419741974198,28.91602718754996
41.98419841984199,28.46608436238415
41.994199419942,28.00818349298462
42.004200420042004,27.546051251117458
42.014201420142015,27.083207443795413
42.02420242024203,26.62279267663489
42.03420342034204,26.167284147179632
42.04420442044205,25.718637710017237
42.054205420542054,25.27872577167477
42.064206420642066,24.849467883654583
42.07420742074208,24.432564292965317
42.08420842084209,24.029426315373637
42.09420942094209,23.641489111346388
42.104210421042104,23.270270939822932
42.114211421142116,22.917012481255313
42.12421242124213,22.582679752706287
42.13421342134214,22.268554105232916
42.14421442144214,21.976494950942215
42.154215421542155,21.708437852468197
42.164216421642166,21.465953286946963
42.17421742174218,21.25053401762996
42.18421842184219,21.064087088226024
42.19421942194219,20.908863833513795
42.204220422042205,20.78705403374424
42.21422142214222,20.700831802963528
42.22422242224223,20.652761082225737
42.23422342234224,20.64576074324983
42.244224422442244,20.682685786623793
42.254225422542255,20.766270486672266
42.26422642264227,20.8993888904712
42.27422742274228,21.085039959890572
42.28422842284229,21.326055499653553
42.294229422942294,21.6248897566168
42.304230423042306,21.983576823168498
42.31423142314232,22.40370142378828
42.32423242324233,22.886173315172336
42.33423342334233,23.430822982552193
42.344234423442344,24.036106532397618
42.354235423542356,24.699014943093548
42.36423642364237,25.414913908876223
42.37423742374238,26.17717283278017
42.38423842384238,26.976851599494456
42.394239423942395,27.80273521813784
42.404240424042406,28.641598416580646
42.41424142414242,29.47835755096014
42.42424242424243,30.296189753670458
42.434243424342434,31.077103078807383
42.444244424442445,31.802979364272993
42.45424542454246,32.45652747256128
42.46424642464247,33.02196439078173
42.47424742474248,33.48582571367806
42.484248424842484,33.83792037319267
42.494249424942495,34.071940076673535
42.50425042504251,34.185581430557434
42.51425142514252,34.180477739940784
42.52425242524253,34.06203499679286
42.534253425342534,33.83894082157744
42.544254425442546,33.52225840939302
42.55425542554256,33.12440663347096
42.56425642564257,32.65836391857186
42.57425742574257,32.137104071165375
42.584258425842584,31.573022761160203
42.594259425942596,30.97729226444179
42.60426042604261,30.359540406821182
42.61426142614262,29.72805300253783
42.62426242624262,29.089932917744374
42.634263426342635,28.450891831639293
42.644264426442646,27.815245351556882
42.65426542654266,27.18630820405386
42.66426642664267,26.56668035080244
42.674267426742674,25.958365930556354
42.684268426842685,25.362915242230752
42.6942694269427,24.781443943344428
42.70427042704271,24.214631987272224
42.71427142714272,23.66296216533482
42.724272427242724,23.126959128057212
42.734273427342735,22.60714505367786
42.74427442744275,22.103937018426137
42.75427542754276,21.61776166139539
42.76427642764277,21.14918701931542
42.774277427742774,20.69878883849733
42.784278427842786,20.26705373055977
42.7942794279428,19.854585953281145
42.80428042804281,19.462205793060676
42.81428142814281,19.09083503428717
42.824282428242824,18.74155468704307
42.834283428342836,18.41567807057914
42.84428442844285,18.114692669833726
42.85428542854286,17.840342992456478
42.86428642864286,17.59467279158418
42.874287428742875,17.379890052147815
42.884288428842886,17.19845437109922
42.8942894289429,17.053314453533524
42.90429042904291,16.94791062040059
42.914291429142914,16.8860565862242
42.924292429242925,16.871943368894552
42.93429342934294,16.910249742704757
42.94429442944295,17.006172151899182
42.95429542954296,17.165359827135536
42.964296429642964,17.393968275249783
42.974297429742975,17.69865402891009
42.98429842984299,18.086215849974487
42.994299429943,18.563261185223123
43.00430043004301,19.13616226928885
43.014301430143014,19.810793672610785
43.024302430243026,20.591932188371565
43.03430343034304,21.482758275222743
43.04430443044305,22.48423625355985
43.05430543054305,23.59398913548032
43.064306430643065,24.805257607571395
43.074307430743076,26.106381479064826
43.08430843084309,27.480251043047513
43.0943094309431,28.90365045878672
43.1043104310431,30.347198938904754
43.114311431143115,31.77596385406506
43.124312431243126,33.150475533878954
43.13431343134314,34.42863136754935
43.14431443144315,35.56879101711323
43.154315431543154,36.5331816285667
43.164316431643165,37.2907809691619
43.17431743174318,37.81979489343435
43.18431843184319,38.109777972145345
43.1943194319432,38.16266719145135
43.204320432043204,37.99207594170369
43.214321432143215,37.62111459059659
43.22432243224323,37.079510910735934
43.23432343234324,36.40053890686632
43.24432443244325,35.617974226703936
43.254325432543254,34.76347832517121
43.264326432643266,33.86482092021243
43.27432743274328,32.94497487116871
43.28432843284329,32.02188851586759
43.29432943294329,31.108752886388967
43.304330433043305,30.21459101193382
43.314331433143316,29.345077267395265
43.32433243324333,28.503407536180866
43.33433343334334,27.690935863148248
43.34433443344334,26.90761684100769
43.354335433543355,26.15253234905292
43.364336433643366,25.42441542060891
43.37433743374338,24.72185448447669
43.38433843384339,24.043286936242538
43.394339433943394,23.38715335973555
43.404340434043405,22.7521385880157
43.41434143414342,22.137144769247737
43.42434243424343,21.541080204345686
43.43434343434344,20.962837804892487
43.444344434443444,20.40148603718842
43.454345434543455,19.856363447124835
43.46434643464347,19.32694543638188
43.47434743474348,18.812671489499643
43.48434843484349,18.312957259369302
43.494349434943494,17.827307125255675
43.504350435043506,17.355294440607548
43.51435143514352,16.896500919154846
43.52435243524353,16.45063112079263
43.53435343534353,16.01756971316778
43.544354435443545,15.59712578206337
43.554355435543556,15.188889170296267
43.56435643564357,14.792540438310377
43.57435743574358,14.408034324244595
43.58435843584358,14.035289764694845
43.594359435943595,13.674057636707024
43.604360436043606,13.324272974706554
43.61436143614362,12.986148428895563
43.62436243624363,12.659829711292888
43.634363436343634,12.34534994606332
43.644364436443645,12.042902340721247
43.65436543654366,11.752822473670578
43.66436643664367,11.47546201368685
43.67436743674368,11.211368846313716
43.684368436843684,10.961379685790998
43.694369436943695,10.726387158069295
43.70437043704371,10.507341434085253
43.71437143714372,10.3056200360962
43.72437243724373,10.123131431333421
43.734373437343734,9.962024931737819
43.744374437443746,9.824629654958045
43.75437543754376,9.713806420591329
43.76437643764377,9.633185067316813
43.77437743774377,9.587075916697815
43.784378437843785,9.58049971656168
43.794379437943796,9.619508255171645
43.80438043804381,9.711400628499756
43.81438143814382,9.864746519992806
43.82438243824382,10.089494776088062
43.834383438343835,10.397093075322394
43.844384438443846,10.800499935515735
43.85438543854386,11.314365160856337
43.86438643864387,11.955305246416684
43.874387438743874,12.74172042149229
43.884388438843885,13.693101171365274
43.8943894389439,14.829230561326503
43.90439043904391,16.169256312588793
43.91439143914392,17.73021316174743
43.924392439243924,19.524719416876238
43.934393439343935,21.55788520474052
43.94439443944395,23.823728289246535
43.95439543954396,26.301359929954227
43.96439643964397,28.951103332560304
43.974397439743974,31.711258328232258
43.984398439843986,34.49686523407172
43.994399439944,37.2017014538181
44.00440044004401,39.7044469689186
44.01440144014401,41.879554452896286
44.024402440244025,43.611957030707615
44.034403440344036,44.81306601978635
44.04440444044405,45.43479401891847
44.05440544054406,45.47806481679748
44.06440644064406,44.99260195372741
44.074407440744075,44.06728108768801
44.084408440844086,42.81409001559926
44.0944094409441,41.350682205930724
44.10441044104411,39.78562347543881
44.114411441144114,38.208361896607414
44.124412441244125,36.68448218958178
44.13441344134414,35.25599714247731
44.14441444144415,33.9452988100183
44.15441544154416,32.76035980167405
44.164416441644164,31.699333330592626
44.174417441744176,30.75420150679893
44.18441844184419,29.913732743768875
44.1944194419442,29.1657888194041
44.20442044204421,28.49885576954876
44.214421442144214,27.9026494863215
44.224422442244226,27.36804471538866
44.23442344234424,26.88711769638133
44.24442444244425,26.45352726418609
44.25442544254425,26.062463020422374
44.264426442644265,25.71000803912938
44.274427442744276,25.392903772080302
44.28442844284429,25.108911013802707
44.2944294429443,24.85672636961688
44.3044304430443,24.635313806037647
44.314431443144315,24.443719889306784
44.324432443244326,24.281531624518603
44.33443344334434,24.14897225951976
44.34443444344435,24.0463946899067
44.354435443544354,23.973987540327826
44.364436443644365,23.932017784168053
44.37443744374438,23.92101569892126
44.38443844384439,23.941563685190133
44.3944394439444,23.994069509907927
44.404440444044404,24.0787983416531
44.414441444144416,24.195969214571278
44.42444244424443,24.345709457012223
44.43444344434444,24.527871831821063
44.44444444444445,24.74184684019568
44.454445444544454,24.98657211674845
44.464446444644466,25.260681611302758
44.47444744474448,25.562423962419142
44.48444844484449,25.88936516112492
44.49444944494449,26.2383767823828
44.504450445044505,26.605909422591495
44.514451445144516,26.98798664751778
44.52445244524453,27.379920175938665
44.53445344534454,27.776321333077405
44.54445444544454,28.171418515686415
44.554455445544555,28.55916767677974
44.564456445644566,28.933198934685016
44.57445744574458,29.287075851762836
44.58445844584459,29.614775889547168
44.594459445944594,29.91083502632063
44.604460446044605,30.170109802332544
44.61446144614462,30.38777062542129
44.62446244624463,30.559871076515577
44.63446344634464,30.683910936534758
44.644464446444644,30.758615176837786
44.654465446544656,30.783339069471715
44.66446644664467,30.758201135032486
44.67446744674468,30.684696691094736
44.68446844684469,30.56549334508012
44.694469446944694,30.403601068550905
44.704470447044706,30.20228508453463
44.71447144714472,29.965522886283175
44.72447244724473,29.69774578078445
44.73447344734473,29.403162658733095
44.744474447444745,29.085767944628344
44.754475447544756,28.749697770107836
44.76447644764477,28.399074641266235
44.77447744774478,28.037655473429073
44.78447844784478,27.66884992448113
44.794479447944795,27.295813126120542
44.80448044804481,26.92133330668977
44.81448144814482,26.547874407354556
44.82448244824483,26.177846120676616
44.834483448344834,25.81360477250774
44.844484448444845,25.457187927810516
44.85448544854486,25.110331295803103
44.86448644864487,24.774735060102184
44.87448744874488,24.452107723587268
44.884488448844884,24.144047867475166
44.894489448944896,23.852056192063902
44.90449044904491,23.577618899536823
44.91449144914492,23.32226912823198
44.92449244924493,23.087604743409905
44.934493449344934,22.875228383373
44.944494449444946,22.68674940597167
44.95449544954496,22.52388664697529
44.96449644964497,22.38843929332995
44.97449744974497,22.282188189331
44.984498449844985,22.206963528051997
44.994499449944996,22.164701281378
45.00450045004501,22.157354093280173
45.01450145014502,22.186857040698225
45.02450245024502,22.255111229937935
45.034503450345035,22.363915881505847
45.04450445044505,22.51500464997476
45.05450545054506,22.71001830577689
45.06450645064507,22.950219542223206
45.074507450745074,23.236349202532832
45.084508450845085,23.568724723821646
45.0945094509451,23.94710322537936
45.10451045104511,24.37038261929606
45.11451145114512,24.83655096401323
45.124512451245124,25.342661234322748
45.134513451345136,25.884648931504415
45.14451445144515,26.457221997589972
45.15451545154516,27.053783768026264
45.16451645164517,27.66634008380573
45.174517451745174,28.28566454312541
45.184518451845186,28.90161294789375
45.1945194519452,29.50327218534757
45.20452045204521,30.07919907405038
45.21452145214521,30.617905379525173
45.224522452245225,31.108282648541294
45.234523452345236,31.53999167814423
45.24452445244525,31.904012921961993
45.25452545254526,32.19311346150228
45.26452645264526,32.402125006009875
45.274527452745275,32.528250620069834
45.28452845284529,32.57113631177765
45.2945294529453,32.532500275525194
45.30453045304531,32.415853525487144
45.314531453145314,32.22651475171383
45.324532453245325,31.971287045361407
45.33453345334534,31.657696707585046
45.34453445344535,31.293516413333776
45.35453545354536,30.88668660252049
45.364536453645364,30.445087528118766
45.374537453745376,29.976137590706006
45.38453845384539,29.486602802733806
45.3945394539454,28.982575704174838
45.40454045404541,28.46935910539286
45.414541454145414,27.951412903150796
45.424542454245426,27.432551824379352
45.43454345434544,26.916070390379485
45.44454445444545,26.40459891265761
45.45454545454545,25.90021444750438
45.464546454645465,25.404943852234148
45.474547454745476,24.920790469472188
45.48454845484549,24.44924716501577
45.4945494549455,23.99138609831071
45.504550455045504,23.548414416393207
45.514551455145515,23.12162000528585
45.52455245524553,22.712057170274704
45.53455345534554,22.32070711452645
45.54455445544555,21.948681822555002
45.554555455545554,21.597177985451722
45.564556455645565,21.267581097945435
45.57455745574558,20.961468411722095
45.58455845584559,20.680351399984385
45.5945594559456,20.425797410356388
45.604560456045604,20.19977603856577
45.614561456145616,20.00453419407286
45.62456245624563,19.842300797936435
45.63456345634564,19.7154513632637
45.64456445644565,19.62680505740369
45.654565456545654,19.579445921697705
45.664566456645666,19.576437264586435
45.67456745674568,19.62109461994188
45.68456845684569,19.717278424028528
45.69456945694569,19.86894400714956
45.704570457045705,20.07970399520187
45.714571457145716,20.353194163335434
45.72457245724573,20.693226203124645
45.73457345734574,21.103116364397785
45.744574457445744,21.58539507530226
45.754575457545755,22.142006515117785
45.76457645764577,22.773840378848938
45.77457745774578,23.479940685872172
45.78457845784579,24.257408171229574
45.794579457945794,25.101338116758512
45.804580458045805,26.004200332952706
45.81458145814582,26.955370326924555
45.82458245824583,27.94120781894389
45.83458345834584,28.945164672847266
45.844584458445844,29.947746294061837
45.854585458545856,30.926946334393662
45.86458645864587,31.85935875112042
45.87458745874588,32.72132745378882
45.88458845884589,33.489923942515624
45.894589458945894,34.14441412341737
45.904590459045906,34.66797737930284
45.91459145914592,35.0486845659523
45.92459245924593,35.279892205712855
45.93459345934593,35.360781304262645
45.944594459445945,35.29636283960893
45.954595459545956,35.09647989802218
45.96459645964597,34.774652180262294
45.97459745974598,34.34715850360522
45.984598459845984,33.83172976398979
45.994599459945995,33.2461390987754
46.00460046004601,32.607250738823346
46.01460146014602,31.93029021039488
46.02460246024603,31.228271212148673
46.034603460346034,30.511985472426858
46.044604460446045,29.79035106198547
46.05460546054606,29.070407143648403
46.06460646064607,28.3572501328724
46.07460746074608,27.65449895000333
46.084608460846084,26.9648307942261
46.094609460946096,26.29005273919271
46.10461046104611,25.63119122755731
46.11461146114612,24.988807330391726
46.12461246124613,24.363181105927683
46.134613461346134,23.75447925265249
46.144614461446146,23.162843410583648
46.15461546154616,22.588158430086033
46.16461646164617,22.029989785360403
46.17461746174618,21.488104551963502
46.184618461846185,20.962710953846912
46.194619461946196,20.454002060554274
46.20462046204621,19.961881158324694
46.21462146214622,19.486316208114626
46.224622462246224,19.027617248825035
46.234623462346235,18.586099002904227
46.24462446244625,18.161869520087542
46.25462546254626,17.755194584228356
46.26462646264627,17.366706489132646
46.274627462746274,16.997187008718054
46.284628462846285,16.64765293700917
46.2946294629463,16.319364474521265
46.30463046304631,16.013370383472637
46.31463146314632,15.730745761713008
46.324632463246324,15.47335540686949
46.334633463346336,15.243624352358697
46.34463446344635,15.04394019305007
46.35463546354636,14.87689448185846
46.36463646364637,14.745740330217668
46.374637463746375,14.654492537549412
46.384638463846386,14.607756432965028
46.3946394639464,14.610485688137832
46.40464046404641,14.668212646404855
46.41464146414642,14.787518706043148
46.424642464246425,14.97591612782046
46.434643464346436,15.24151950055703
46.44464446444645,15.59299132844827
46.45464546454646,16.03963253987122
46.464646464646464,16.59140677023506
46.474647464746475,17.25847803321298
46.48464846484649,18.05045866833254
46.4946494649465,18.975983287325704
46.50465046504651,20.04207213983797
46.514651465146514,21.252810293416836
46.524652465246525,22.60811457780771
46.53465346534654,24.102570812291365
46.54465446544655,25.72374707235005
46.55465546554656,27.45053851807304
46.564656465646564,29.252269942958996
46.574657465746576,31.088376696066966
46.58465846584659,32.90877894816202
46.5946594659466,34.655778975858595
46.60466046604661,36.267555744225625
46.614661466146615,37.682836521516876
46.624662466246626,38.84624960697611
46.63466346634664,39.71398849962422
46.64466446644665,40.25899542173018
46.65466546654666,40.47428431056088
46.664666466646665,40.37305012104002
46.674667466746676,39.985748440079895
46.68466846684669,39.355678752286934
46.6946694669467,38.53397620645354
46.704670467046704,37.57384780952185
46.714671467146715,36.52510753229464
46.72467246724673,35.430619975600955
46.73467346734674,34.32476750789958
46.74467446744675,33.23311591369601
46.754675467546754,32.173029936954634
46.764676467646765,31.155021128459794
46.77467746774678,30.18439740908611
46.78467846784679,29.262829880455307
46.7946794679468,28.389542744274422
46.804680468046804,27.56214091796459
46.814681468146816,26.77731289490788
46.82468246824683,26.031542136506538
46.83468346834684,25.321601469826177
46.84468446844685,24.644590600721735
46.854685468546855,23.997757348503672
46.864686468646866,23.378629844282035
46.87468746874688,22.785299557433568
46.88468846884689,22.216308875549938
46.8946894689469,21.670454067303037
46.904690469046905,21.146870764641708
46.914691469146916,20.644980131828916
46.92469246924693,20.164345435533555
46.93469346934694,19.704792564137655
46.944694469446944,19.266456661847045
46.954695469546955,18.849587567572108
46.96469646964697,18.454554931032042
46.97469746974698,18.081958932410497
46.98469846984699,17.732579192162863
46.994699469946994,17.40747053016878
47.004700470047005,17.10814906588888
47.01470147014702,16.836419822058737
47.02470247024703,16.59411605134632
47.03470347034704,16.3833194824028
47.044704470447044,16.206725752151783
47.054705470547056,16.067557875760706
47.06470647064707,15.969359765036002
47.07470747074708,15.916159417046613
47.08470847084709,15.912607193435235
47.094709470947095,15.963847782637929
47.104710471047106,16.075669098281296
47.11471147114712,16.254752792331644
47.12471247124713,16.50829900567475
47.13471347134714,16.8436143600972
47.144714471447145,17.268379335445438
47.154715471547156,17.790675659847757
47.16471647164717,18.41837776085939
47.17471747174718,19.15885880865954
47.184718471847184,20.018633886540897
47.194719471947195,21.00213239507132
47.20472047204721,22.110712714932216
47.21472147214722,23.342284047760625
47.22472247224723,24.69011404130472
47.234723472347234,26.141194092500918
47.244724472447245,27.675546354931715
47.25472547254726,29.26586529083915
47.26472647264727,30.87715999502859
47.27472747274728,32.467437823112924
47.284728472847284,33.98937976463385
47.294729472947296,35.392717050612696
47.30473047304731,36.62797280632876
47.31473147314732,37.65104336419929
47.32473247324733,38.42715980835939
47.334733473347335,38.93398512695278
47.344734473447346,39.16387930762736
47.35473547354736,39.12449956805959
47.36473647364737,38.8373021801481
47.37473747374738,38.33455726606404
47.384738473847385,37.65544662956621
47.394739473947396,36.84158284107364
47.40474047404741,35.93304024825907
47.41474147414742,34.96585895855023
47.424742474247424,33.97040900954177
47.434743474347435,32.97028672052438
47.44474447444745,31.982630199874734
47.45474547454746,31.01935712346082
47.46474647464747,30.08797650041563
47.474747474747474,29.19231813936348
47.484748474847486,28.33359223947712
47.4947494749475,27.51121914092401
47.50475047504751,26.72356314649338
47.51475147514752,25.968636028814043
47.524752475247524,25.24428665435842
47.534753475347536,24.548333381284817
47.54475447544755,23.87888331813999
47.55475547554756,23.234155726903353
47.56475647564757,22.612250716903223
47.574757475747575,22.011568412980974
47.584758475847586,21.43101673756333
47.5947594759476,20.86964139364268
47.60476047604761,20.326593348429356
47.61476147614762,19.801373599040534
47.624762476247625,19.293646058072135
47.634763476347636,18.80294119617488
47.64476447644765,18.328745131999504
47.65476547654766,17.87070360142896
47.664766476647664,17.428674011701844
47.674767476747675,17.002762240446547
47.68476847684769,16.59332361266325
47.6947694769477,16.20069085598204
47.70477047704771,15.824964215468992
47.714771477147714,15.466391590986241
47.724772477247726,15.125736229218193
47.73477347734774,14.803984900637396
47.74477447744775,14.502159102392707
47.75477547754776,14.221524146442473
47.764776477647764,13.963535157992744
47.774777477747776,13.729846423947233
47.78477847784779,13.522590565516051
47.7947794779478,13.344297673377625
47.80478047804781,13.197947432651969
47.814781478147815,13.087406015177814
47.824782478247826,13.017188979589951
47.83478347834784,12.992055819590943
47.84478447844785,13.017488191050532
47.85478547854786,13.100054673318905
47.864786478647865,13.247232099213923
47.874787478747876,13.467576165631515
47.88478847884789,13.770867222939994
47.8947894789479,14.167757914253297
47.904790479047904,14.669650177544648
47.914791479147915,15.288795680422417
47.92479247924793,16.03788876029691
47.93479347934794,16.929450312305
47.94479447944795,17.97541414463686
47.954795479547954,19.186075362747083
47.964796479647966,20.56812150356683
47.97479747974798,22.12296575851906
47.98479847984799,23.845331994069344
47.994799479948,25.720993884846997
48.004800480048004,27.7245808824037
48.014801480148016,29.818322545359067
48.02480248024803,31.950934254131386
48.03480348034804,34.05776745734624
48.04480448044805,36.06415247543912
48.054805480548055,37.890802512558146
48.064806480648066,39.46011595867559
48.07480748074808,40.703996392230245
48.08480848084809,41.572165932581086
48.0948094809481,42.03875320867476
48.104810481048105,42.10582411235868
48.11481148114812,41.8024452231558
48.12481248124813,41.179228199033545
48.13481348134814,40.30080034760106
48.144814481448144,39.23767367470486
48.154815481548155,38.057924033078834
48.16481648164817,36.82087487400099
48.17481748174818,35.57409253539964
48.18481848184819,34.352478894051714
48.194819481948194,33.1791285889869
48.204820482048206,32.06769571938316
48.21482148214822,31.02444878079145
48.22482248224823,30.049901039286112
48.23482348234824,29.14109234379388
48.244824482448244,28.293534841696438
48.254825482548256,27.502097632309546
48.26482648264827,26.76155044618351
48.27482748274828,26.066852936187814
48.28482848284829,25.413297749441146
48.294829482948295,24.796946425360193
48.304830483048306,24.21480176213418
48.31483148314832,23.664377899894152
48.32483248324833,23.143536426387804
48.33483348334834,22.65083877662701
48.344834483448345,22.185567741407773
48.35483548354836,21.74727490836216
48.36483648364837,21.335688736155035
48.37483748374838,20.950875793804727
48.384838483848384,20.593197445328066
48.394839483948395,20.263548889643534
48.40484048404841,19.963382861707302
48.41484148414842,19.69395925066824
48.42484248424843,19.456425585286436
48.434843484348434,19.252765347858258
48.444844484448446,19.085521055751222
48.45484548454846,18.957162773048832
48.46484648464847,18.870503178746326
48.47484748474848,18.828805653775397
48.484848484848484,18.835538178490655
48.494849484948496,18.894637930720403
48.50485048504851,19.010256673814407
48.51485148514852,19.186398878033458
48.52485248524853,19.427556031711354
48.534853485348535,19.738691609901945
48.544854485448546,20.124202426907736
48.55485548554856,20.58778321986156
48.56485648564857,21.132704803334924
48.57485748574858,21.7613579473888
48.584858485848585,22.47484445653374
48.5948594859486,23.272569688060457
48.60486048604861,24.151502105952684
48.61486148614862,25.105899518968886
48.624862486248624,26.127038639344125
48.634863486348635,27.202237973998347
48.64486448644865,28.3144466381661
48.65486548654866,29.443039566545718
48.66486648664867,30.564485726109844
48.674867486748674,31.652478574899444
48.684868486848686,32.67879392680541
48.6948694869487,33.61506108570687
48.70487048704871,34.43453171241457
48.71487148714872,35.11389191747471
48.724872487248724,35.634929570459796
48.734873487348736,35.98564417763199
48.74487448744875,36.1614933245381
48.75487548754876,36.16583954459679
48.76487648764877,36.008439688636116
48.774877487748775,35.70418852603148
48.784878487848786,35.27235003885464
48.7948794879488,34.73419176808106
48.80488048804881,34.11108435239062
48.81488148814882,33.42416476023213
48.824882488248825,32.69268628653828
48.83488348834884,31.93246506183872
48.84488448844885,31.15698005196416
48.85488548854886,30.3777126077703
48.864886488648864,29.602688032362884
48.874887488748875,28.837109455973852
48.88488848884889,28.085160897274964
48.8948894889489,27.349838126164443
48.90489048904891,26.63260501966808
48.914891489148914,25.93418047247028
48.924892489248926,25.254826114386425
48.93489348934894,24.594400186072974
48.94489448944895,23.952722952672005
48.95489548954896,23.329361939300707
48.964896489648964,22.723553824695887
48.974897489748976,22.134831820278414
48.98489848984899,21.562927129212223
48.994899489949,21.00732193611744
49.00490049004901,20.46764981307812
49.014901490149015,19.943690804900715
49.024902490249026,19.43499589885812
49.03490349034904,18.941479321896352
49.04490449044905,18.463300553276895
49.05490549054906,17.999953590898496
49.064906490649065,17.551130897978233
49.07490749074908,17.117366052120968
49.08490849084909,16.69875577454547
49.0949094909491,16.29505822864437
49.104910491049104,15.906708357858065
49.114911491149115,15.534142600931494
49.12491249124913,15.177638096337173
49.13491349134914,14.838077819531673
49.14491449144915,14.516315537192678
49.154915491549154,14.21283455709892
49.164916491649166,13.928740095740107
49.17491749174918,13.665695811775795
49.18491849184919,13.425343795682593
49.1949194919492,13.209745839339519
49.204920492049204,13.021371676818976
49.214921492149216,12.862796796766775
49.22492249224923,12.737315481831779
49.23492349234924,12.648964554549213
49.24492449244925,12.602207439258255
49.254925492549255,12.602634663795012
49.264926492649266,12.65676495043048
49.27492749274928,12.77129174832854
49.28492849284929,12.954121295573927
49.2949294929493,13.214979513310473
49.304930493049305,13.564390850722397
49.31493149314932,14.013690614770978
49.32493249324933,14.575429412778742
49.33493349334934,15.26262886180625
49.344934493449344,16.088576642437868
49.354935493549355,17.06675734933767
49.36493649364937,18.209242211418882
49.37493749374938,19.52529142585827
49.38493849384939,21.020534473920566
49.394939493949394,22.694677167492088
49.404940494049406,24.539015083510098
49.41494149414942,26.534670048046802
49.42494249424943,28.64998450664993
49.43494349434944,30.838883985968348
49.444944494449445,33.0414348721708
49.454945494549456,35.184929755919846
49.46494649464947,37.18743707835426
49.47494749474948,38.96475014122005
49.48494849484949,40.437996543787584
49.494949494949495,41.542504054055584
49.504950495049506,42.237071073561275
49.51495149514952,42.508961263990386
49.52495249524953,42.37475108279776
49.53495349534954,41.87809069519655
49.544954495449545,41.0823361165517
49.55495549554956,40.060643319590596
49.56495649564957,38.88746713173716
49.57495749574958,37.63086427813289
49.584958495849584,36.34699806852817
49.594959495949595,35.07869984720995
49.60496049604961,33.85555314210275
49.61496149614962,32.69533838996398
49.62496249624963,31.607284719383223
49.634963496349634,30.593884787152913
49.644964496449646,29.652509394854913
49.65496549654966,28.778746405976516
49.66496649664967,27.967385128929823
49.67496749674968,27.211925989545403
49.684968496849685,26.50649495341912
49.694969496949696,25.846485530807385
49.70497049704971,25.227072802841324
49.71497149714972,24.64424755791425
49.72497249724973,24.095714125095526
49.734973497349735,23.578953153983154
49.744974497449746,23.091681822637916
49.75497549754976,22.633539490457142
49.76497649764977,22.20405578628359
49.77497749774978,21.802054417254254
49.784978497849785,21.42782008599434
49.7949794979498,21.082130976385493
49.80498049804981,20.76534913344203
49.81498149814982,20.478676386733184
49.824982498249824,20.223398102917162
49.834983498349835,20.000780248847217
49.84498449844985,19.81310658429072
49.85498549854986,19.662603028976697
49.86498649864987,19.551591572686988
49.874987498749874,19.483138274886986
49.884988498849886,19.45984397821074
49.8949894989499,19.48484356808228
49.90499049904991,19.562287486874745
49.91499149914992,19.69526897335738
49.924992499249925,19.88737707721051
49.934993499349936,20.143588494441065
49.94499449944995,20.467139947796106
49.95499549954996,20.860983224338813
49.96499649964997,21.32924741174112
49.974997499749975,21.87355075018604
49.984998499849986,22.494348080732284
49.99499949995,23.192615501629085
50.00500050005001,23.965754412266953
50.01500150015002,24.80885378884748
50.025002500250025,25.715916509352592
50.03500350035004,26.676092778402662
50.04500450045005,27.67655265945101
50.05500550055006,28.70242100852797
50.065006500650064,29.731915012414564
50.075007500750075,30.742942699020432
50.08500850085009,31.714495539470327
50.0950095009501,32.61960053346048
50.10501050105011,33.43323656022578
50.115011501150114,34.13602484603751
50.125012501250126,34.70723505205373
50.13501350135014,35.13248680111293
50.14501450145015,35.40620086965747
50.15501550155016,35.52385696330006
50.165016501650165,35.48914442712781
50.175017501750176,35.314103915551144
50.18501850185019,35.010196687902635
50.1950195019502,34.59359111028619
50.20502050205021,34.0841483394324
50.215021502150215,33.499150754501876
50.225022502250226,32.856991816765934
50.23502350235024,32.17411699724053
50.24502450245025,31.462904173202126
50.25502550255026,30.736550581685044
50.265026502650265,30.005063747710043
50.27502750275028,29.273840587008973
50.28502850285029,28.5492796083186
50.2950295029503,27.836654232370265
50.305030503050304,27.137118789508726
50.315031503150315,26.451911779688967
50.32503250325033,25.783542555095384
50.33503350335034,25.132389588116766
50.34503450345035,24.497829810342118
50.355035503550354,23.880304646107763
50.365036503650366,23.280047802934146
50.37503750375038,22.696784987529167
50.38503850385039,22.13004504099724
50.3950395039504,21.57959698540123
50.405040504050405,21.045788387683828
50.415041504150416,20.528725358532096
50.42504250425043,20.027671149101884
50.43504350435044,19.541916187056188
50.44504450445045,19.07235878870646
50.455045504550455,18.62006274575949
50.465046504650466,18.18446152051893
50.47504750475048,17.765155922611136
50.48504850485049,17.363068774934415
50.4950495049505,16.979601554449975
50.505050505050505,16.615225994310016
50.51505150515052,16.26970757408541
50.52505250525053,15.944290707828321
50.53505350535054,15.641057359113084
50.545054505450544,15.361236142477498
50.555055505550555,15.106130736000646
50.56505650565057,14.877910981296875
50.57505750575058,14.679267768350488
50.58505850585059,14.513125721118392
50.595059505950594,14.382704782005796
50.605060506050606,14.291790993196978
50.61506150615062,14.244931324626714
50.62506250625063,14.247380226981614
50.63506350635064,14.30493660120693
50.645064506450645,14.424167291530942
50.655065506550656,14.612581642691136
50.66506650665067,14.878494137009694
50.67506750675068,15.231040331878614
50.68506850685069,15.680164494598115
50.695069506950695,16.236348404103886
50.705070507050706,16.91021916354081
50.71507150715072,17.712035576210454
50.72507250725073,18.65113511409168
50.73507350735074,19.735352442014808
50.745074507450745,20.969922095335686
50.75507550755076,22.355827335595308
50.76507650765077,23.888223763947668
50.77507750775078,25.555035375640973
50.785078507850784,27.33537554827248
50.795079507950796,29.19808646114478
50.80508050805081,31.101177815373354
50.81508150815082,32.99246862902906
50.82508250825083,34.811415610489455
50.835083508350834,36.49252973164088
50.845084508450846,37.97045602718322
50.85508550855086,39.186005048988946
50.86508650865087,40.09224514691457
50.87508750875088,40.65997067438752
50.885088508850885,40.88129883343337
50.895089508950896,40.77012752871722
50.90509050905091,40.35938424587283
50.91509150915092,39.696183084569185
50.92509250925093,38.835722185827535
50.935093509350935,37.83479179844791
50.945094509450946,36.74618027393741
50.95509550955096,35.61506326033556
50.96509650965097,34.47730974965458
50.97509750975098,33.35918310646927
50.985098509850985,32.27818148126428
50.995099509951,31.24458904904189
51.00510051005101,30.263225627482463
51.01510151015102,29.33515214446767
51.025102510251024,28.459004822609188
51.035103510351036,27.631802061976845
51.04510451045105,26.84962710441209
51.05510551055106,26.10849911366925
51.06510651065107,25.4049151543199
51.075107510751074,24.73566225322923
51.085108510851086,24.097705471724158
51.0951095109511,23.488603518214212
51.10511051105111,22.906630341433132
51.11511151115112,22.350321094831003
51.125112511251125,21.81820496555557
51.135113511351136,21.30921768459586
51.14511451145115,20.82293003616171
51.15511551155116,20.35922866050871
51.16511651165117,19.918041007400426
51.175117511751175,19.499475902191502
51.185118511851186,19.103970555517236
51.1951195119512,18.73219784695525
51.20512051205121,18.38493351513548
51.21512151215122,18.06314481699288
51.225122512251225,17.768249226636822
51.23512351235124,17.502183167153973
51.24512451245125,17.26707350600163
51.25512551255126,17.06506142976269
51.26512651265127,16.89869908392507
51.275127512751276,16.771248842606944
51.28512851285129,16.68642031394971
51.2951295129513,16.648052216877353
51.30513051305131,16.660522624045175
51.315131513151314,16.729155505681064
51.325132513251326,16.85986537661829
51.33513351335134,17.05868213997733
51.34513451345135,17.33190322787547
51.35513551355136,17.68639096193532
51.365136513651365,18.12934857829506
51.375137513751376,18.66777108914129
51.38513851385139,19.308156394349837
51.3951395139514,20.056268777261113
51.40514051405141,20.916562798526382
51.415141514151415,21.891263351950343
51.42514251425143,22.97946505115327
51.43514351435144,24.176454397962445
51.44514451445145,25.473026282816374
51.45514551455146,26.854429172343007
51.465146514651465,28.299363755006915
51.47514751475148,29.779800640741385
51.48514851485149,31.261600498413358
51.4951495149515,32.705457633996005
51.50515051505151,34.068379570156495
51.515151515151516,35.30628467361237
51.52515251525153,36.37739140266898
51.53515351535154,37.245624946528146
51.54515451545155,37.88378021199623
51.555155515551554,38.27617349062396
51.565156515651566,38.42006134235473
51.57515751575158,38.3254337587383
51.58515851585159,38.013409704906174
51.5951595159516,37.51344392055353
51.605160516051605,36.859780534913966
51.615161516151616,36.08803224256705
51.62516251625163,35.23239165372571
51.63516351635164,34.32350456102077
51.64516451645165,33.38715581666378
51.655165516551655,32.44386116278844
51.66516651665167,31.50896240888855
51.67516751675168,30.592912874637655
51.68516851685169,29.70216386309033
51.6951695169517,28.840443269104643
51.705170517051705,28.00956287971143
51.71517151715172,27.209684859008235
51.72517251725173,26.439832344313327
51.73517351735174,25.698631982323132
51.74517451745175,24.98457107674299
51.755175517551756,24.295905677399634
51.76517651765177,23.630869281496956
51.77517751775178,22.988007483514135
51.78517851785179,22.36610852744641
51.795179517951794,21.763993829930023
51.805180518051806,21.180509866071024
51.81518151815182,20.61464451234088
51.82518251825183,20.065508312387102
51.83518351835184,19.532432205065554
51.845184518451845,19.01500797597031
51.855185518551856,18.51294625943799
51.86518651865187,18.02580137268398
51.87518751875188,17.55294160361678
51.88518851885189,17.09385731069072
51.895189518951895,16.64834217917096
51.90519051905191,16.216315544649902
51.91519151915192,15.797575984760629
51.92519251925193,15.39188842719104
51.93519351935194,14.999220773234558
51.945194519451945,14.619668841706728
51.95519551955196,14.25323466115034
51.96519651965197,13.899914114816786
51.97519751975198,13.559888876612241
51.98519851985199,13.233517342318123
51.995199519951996,12.92119716598523
52.00520052005201,12.623425937228516
52.01520152015202,12.34089550846704
52.02520252025203,12.0744297663906
52.035203520352034,11.824957544947102
52.045204520452046,11.593692688347126
52.05520552055206,11.382308267092165
52.06520652065207,11.192879987596971
52.07520752075208,11.027735632550051
52.085208520852085,10.889539871901405
52.095209520952096,10.781608448343617
52.10521052105211,10.708039227142702
52.11521152115212,10.673584457605061
52.12521252125213,10.683708228568985
52.135213521352135,10.744902234955875
52.14521452145215,10.864800867742334
52.15521552155216,11.052158989483955
52.16521652165217,11.317119284323072
52.17521752175218,11.671557632315324
52.185218521852185,12.12893256470592
52.1952195219522,12.70396299410888
52.20522052205221,13.412593565206203
52.21522152215222,14.271812048606959
52.22522252225223,15.298923935435441
52.235223522352236,16.51063926492691
52.24522452245225,17.922005864485364
52.25522552255226,19.544530650572018
52.26522652265227,21.383447591744
52.275227522752274,23.4348097664555
52.285228522852286,25.682555855253366
52.2952295229523,28.095293684813296
52.30523052305231,30.623271169803512
52.31523152315232,33.196781255515276
52.325232523252325,35.727266655183925
52.335233523352336,38.11186150933191
52.34523452345235,40.24132670771298
52.35523552355236,42.01083231022264
52.36523652365237,43.33279015895856
52.375237523752375,44.14969624145629
52.38523852385239,44.44337291531255
52.3952395239524,44.23754058608843
52.40524052405241,43.593138548585955
52.41524152415242,42.59771199907732
52.425242524252425,41.351358709337845
52.43524352435244,39.95287624482246
52.44524452445245,38.48929997753966
52.45524552455246,37.029819017004634
52.46524652465247,35.62371781816205
52.475247524752476,34.30185438616063
52.48524852485249,33.08030500655005
52.4952495249525,31.964173712077105
52.50525052505251,30.950887489179237
52.515251525152514,30.033401321530604
52.525252525252526,29.202882559976654
52.53525352535254,28.45006596115397
52.54525452545255,27.765798004439347
52.55525552555256,27.14172078308416
52.565256525652565,26.570838186729294
52.575257525752576,26.04738046727429
52.58525852585259,25.566408285222735
52.5952595259526,25.123907888984757
52.60526052605261,24.717139912369554
52.615261526152615,24.34440477025515
52.62526252625263,24.00431778455035
52.63526352635264,23.695692802145302
52.64526452645265,23.41813658964635
52.65526552655266,23.171998257776888
52.665266526652665,22.957521242859116
52.67526752675268,22.77484630301646
52.68526852685269,22.624924671933165
52.6952695269527,22.509397547004966
52.70527052705271,22.429504393982036
52.715271527152716,22.386133787322795
52.72527252725273,22.380796704281043
52.73527352735274,22.41543326891538
52.74527452745275,22.491462213852056
52.755275527552755,22.609935558537565
52.765276527652766,22.7722042099274
52.77527752775278,22.97959755340584
52.78527852785279,23.232796929513015
52.7952795279528,23.531956666913473
52.805280528052805,23.876942605841272
52.815281528152816,24.26710198154778
52.82528252825283,24.700948280483235
52.83528352835284,25.175899556411796
52.84528452845285,25.688062032625712
52.855285528552855,26.23237908983707
52.86528652865287,26.802924582651986
52.87528752875288,27.39277452491649
52.88528852885289,27.99370256125509
52.8952895289529,28.59619689831816
52.905290529052905,29.189709623505294
52.91529152915292,29.76308070303766
52.92529252925293,30.30516458819983
52.93529352935294,30.80523444024712
52.94529452945295,31.25304611293865
52.955295529552956,31.639181915496177
52.96529652965297,31.955754551213474
52.97529752975298,32.19682653382797
52.98529852985299,32.35853617345252
52.995299529952995,32.43931273076
53.005300530053006,32.43985914989842
53.01530153015302,32.36270799942613
53.02530253025303,32.21199905788308
53.03530353035304,31.993532052174487
53.045304530453045,31.71428535409685
53.055305530553056,31.381644261504178
53.06530653065307,31.003302048115962
53.07530753075308,30.587282098498868
53.08530853085309,30.141091203067194
53.095309530953095,29.671060333879716
53.10531053105311,29.183039530550587
53.11531153115312,28.682961439878785
53.12531253125313,28.17594713306545
53.13531353135314,27.665721421136123
53.145314531453145,27.15561848825103
53.15531553155316,26.64916388398892
53.16531653165317,26.14913230623724
53.17531753175318,25.65719699702869
53.18531853185319,25.17493574128749
53.195319531953196,24.70419183930765
53.20532053205321,24.24642529747631
53.21532153215322,23.802719700708266
53.22532253225323,23.374379118621192
53.235323532353235,22.962836731615344
53.245324532453246,22.569202890929382
53.25532553255326,22.19441445145892
53.26532653265327,21.83967052810563
53.27532753275328,21.506459086840994
53.285328532853285,21.196271434765798
53.295329532953296,20.91050720301647
53.30533053305331,20.650704176188995
53.31533153315332,20.418716796647
53.32533253325333,20.21661503942605
53.335333533353335,20.04661887986035
53.34533453345335,19.911238162354245
53.35533553355336,19.81324718766318
53.36533653365337,19.7554518108241
53.37533753375338,19.74070326060322
53.385338533853385,19.772179786255755
53.3953395339534,19.853465972057624
53.40534053405341,19.98827993558893
53.41534153415342,20.180229902598604
53.42534253425343,20.43286342899868
53.435343534353436,20.749729368371945
53.44534453445345,21.134118912076868
53.45534553455346,21.588711742771707
53.46534653465347,22.115404861200442
53.475347534753475,22.71502079671908
53.485348534853486,23.386823344908567
53.4953495349535,24.12834515635295
53.50535053505351,24.9353901082446
53.51535153515352,25.801501997703145
53.525352535253525,26.717189355028516
53.535353535353536,27.669754031834792
53.54535453545355,28.643633584767713
53.55535553555356,29.62071349956389
53.56535653565357,30.580592445394846
53.575357535753575,31.501120591953303
53.58535853585359,32.359451132950795
53.5953595359536,33.13341692834538
53.60536053605361,33.80273428041706
53.61536153615362,34.35006411521724
53.625362536253625,34.762249490626004
53.63536353635364,35.031305047931745
53.64536453645365,35.154740266091814
53.65536553655366,35.13556803829214
53.66536653665367,34.98193762875637
53.675367536753676,34.7059412183735
53.68536853685369,34.32222749637905
53.6953695369537,33.84714179313318
53.70537053705371,33.2977946396445
53.715371537153715,32.690706014858364
53.725372537253726,32.0408744868951
53.73537353735374,31.361582036655875
53.74537453745375,30.66426699422758
53.75537553755376,29.958279424215956
53.765376537653765,29.250926883555543
53.775377537753776,28.547851577583046
53.78537853785379,27.853358100211537
53.7953795379538,27.17047606891819
53.80538053805381,26.501113980765798
53.815381538153815,25.846559945513288
53.82538253825383,25.2077845388513
53.83538353835384,24.585244429018623
53.84538453845385,23.978981592681148
53.85538553855386,23.389179474991057
53.865386538653866,22.816171458007215
53.87538753875388,22.259953018526662
53.88538853885389,21.72025568040209
53.8953895389539,21.196985355045634
53.90539053905391,20.690240150841355
53.915391539153916,20.20015204985484
53.92539253925393,19.726913181937114
53.93539353935394,19.270756956293496
53.94539453945395,18.831929915452335
53.955395539553955,18.41079220779636
53.965396539653966,18.007874953559657
53.97539753975398,17.623894921931427
53.98539853985399,17.259755448374964
53.995399539954,16.91640820286038
54.005400540054005,16.594825722500204
54.015401540154016,16.296281298249934
54.02540254025403,16.022502711603494
54.03540354035404,15.775530967469667
54.04540454045405,15.55764948907908
54.055405540554055,15.371406312628913
54.06540654065407,15.219664002859822
54.07540754075408,15.105903837522748
54.08540854085409,15.034442854000076
54.0954095409541,15.01013356530899
54.105410541054106,15.038124442894123
54.11541154115412,15.124163429885355
54.12541254125413,15.274863583251513
54.13541354135414,15.497638995713258
54.14541454145415,15.800644454052833
54.155415541554156,16.192698384319364
54.16541654165417,16.683055118068623
54.17541754175418,17.281141237733834
54.18541854185419,17.996173207495616
54.195419541954195,18.836588202954797
54.205420542054206,19.809424339103415
54.21542154215422,20.919515144930404
54.22542254225423,22.168327562649377
54.23542354235424,23.55267398336833
54.245424542454245,25.063448308313045
54.255425542554256,26.68424178346504
54.26542654265427,28.39001250108897
54.27542754275428,30.146323681913213
54.28542854285429,31.909630930213776
54.295429542954295,33.62874108609485
54.30543054305431,35.24723238331771
54.31543154315432,36.706853380892596
54.32543254325433,37.95219410423376
54.33543354335434,38.936182721195344
54.345434543454346,39.625157174999785
54.35543554355436,40.00249295335584
54.36543654365437,40.07019065811865
54.37543754375438,39.84799784389335
54.38543854385439,39.37024344717234
54.395439543954396,38.68118319048241
54.40544054405441,37.829739984830084
54.41544154415442,36.86445899597621
54.42544254425443,35.829369909354554
54.435443544354435,34.76139331132481
54.445444544454446,33.689560434797514
54.45544554455446,32.63527510228035
54.46544654465447,31.612785826330818
54.47544754475448,30.630318517648426
54.485448544854485,29.691897081723845
54.495449544954496,28.798558717335656
54.50545054505451,27.9490130810905
54.51545154515452,27.140855341098586
54.52545254525453,26.37155047702418
54.535453545354535,25.638260073667567
54.54545454545455,24.937782130296824
54.55545554555456,24.267253453845075
54.56545654565457,23.624451011248166
54.57545754575458,23.007504363926564
54.585458545854586,22.414775301364653
54.5954595459546,21.844840383150736
54.60546054605461,21.29647882924777
54.61546154615462,20.768846400417118
54.62546254625463,20.26151379696748
54.635463546354636,19.77422353193467
54.64546454645465,19.306730871325733
54.65546554655466,18.858835929096614
54.66546654665467,18.430561209393936
54.675467546754675,18.02232157159287
54.685468546854686,17.634742032475
54.6954695469547,17.26841164879906
54.70547054705471,16.924084585418623
54.71547154715472,16.602903525337595
54.725472547254725,16.30629176540353
54.73547354735474,16.035906593383764
54.74547454745475,15.79363697602329
54.75547554755476,15.58156667983842
54.76547654765477,15.402285732607975
54.775477547754775,15.259152416760204
54.78547854785479,15.155959665442058
54.7954795479548,15.096777585697927
54.80548054805481,15.086361434223482
54.81548154815482,15.130227126515164
54.825482548254826,15.234373324642833
54.83548354835484,15.40546156830745
54.84548454845485,15.651162535722879
54.85548554855486,15.97995611841797
54.86548654865487,16.400659833512975
54.875487548754876,16.922255550180612
54.88548854885489,17.553892658778075
54.8954895489549,18.30456262397027
54.90549054905491,19.182380867063056
54.915491549154915,20.193771322563506
54.925492549254926,21.342474924496997
54.93549354935494,22.62833587546315
54.94549454945495,24.046254481801764
54.95549554955496,25.585042516624874
54.965496549654965,27.22573071175481
54.97549754975498,28.940310580624434
54.98549854985499,30.691767185396014
54.995499549955,32.43468253428697
55.00550055005501,34.11634172283644
55.015501550155015,35.679487304414195
55.02550255025503,37.066784218254504
55.03550355035504,38.22588015912435
55.04550455045505,39.11425534863828
55.05550555055506,39.70356012375563
55.065506550655066,39.982858809768025
55.07550755075508,39.95960227325993
55.08550855085509,39.65794192057906
55.0955095509551,39.11528979918886
55.10551055105511,38.37753617285577
55.115511551155116,37.49337240598604
55.12551255125513,36.50951948604548
55.13551355135514,35.46764910578037
55.14551455145515,34.40223676483228
55.155515551555155,33.339590149944506
55.165516551655166,32.29844555917195
55.17551755175518,31.29114529011996
55.18551855185519,30.324718267810514
55.1955195519552,29.40214199966327
55.205520552055205,28.523724331963095
55.21552155215522,27.688108779261803
55.22552255225523,26.892849336590075
55.23552355235524,26.13494795939691
55.24552455245525,25.411426948222303
55.255525552555255,24.719615875634492
55.26552655265527,24.057093590042328
55.27552755275528,23.42163214736904
55.28552855285529,22.81129172000668
55.2955295529553,22.224434196256507
55.305530553055306,21.65969844254793
55.31553155315532,21.116130984104384
55.32553255325533,20.593134314391456
55.33553355335534,20.09017152959073
55.34553455345535,19.606817459810813
55.355535553555356,19.1429645177048
55.36553655365537,18.698585362692235
55.37553755375538,18.273627275034084
55.38553855385539,17.868378703074736
55.395539553955395,17.483469665967405
55.405540554055406,17.11959212054144
55.41554155415542,16.777655562467302
55.42554255425543,16.458891697573193
55.43554355435544,16.16456203336748
55.445544554455445,15.895997368502323
55.45554555455546,15.655021303287187
55.46554655465547,15.444053687913529
55.47554755475548,15.265915024690528
55.48554855485549,15.1237996420582
55.495549554955495,15.021401695434891
55.50555055505551,14.962908343258974
55.51555155515552,14.952977380812966
55.52555255525553,14.997024681754395
55.53555355535554,15.101435017408894
55.545554555455546,15.27318198839555
55.55555555555556,15.519663682829004
55.56555655565557,15.849222848388763
55.57555755575558,16.271119007313644
55.58555855585559,16.79479236385088
55.595559555955596,17.429590614729964
55.60556055605561,18.184628450200456
55.61556155615562,19.068122393358045
55.62556255625563,20.086770804379224
55.635563556355635,21.244947721207332
55.645564556455646,22.54310075821737
55.65556555655566,23.976197801776042
55.66556655665567,25.532769023449042
55.67556755675568,27.19385220182111
55.685568556855685,28.93166061871522
55.6955695569557,30.7087177961961
55.70557055705571,32.478357688984566
55.71557155715572,34.186745403938346
55.72557255725573,35.77573552126022
55.735573557355735,37.186581292456125
55.74557455745575,38.36506400469653
55.75557555755576,39.26725180499024
55.76557655765577,39.86430283459185
55.77557755775578,40.14535347121605
55.785578557855786,40.11808775106831
55.7955795579558,39.80728619631409
55.80558055805581,39.25168064057999
55.81558155815582,38.49874249932246
55.82558255825583,37.5984653845126
55.835583558355836,36.59863263641871
55.84558455845585,35.54187935226196
55.85558555855586,34.46342004492625
55.86558655865587,33.389933682284884
55.875587558755875,32.34020087337443
55.885588558855886,31.326450043326712
55.8955895589559,30.355537607125036
55.90559055905591,29.43012574378817
55.91559155915592,28.550120566090957
55.925592559255925,27.713984744367956
55.93559355935594,26.919258491491437
55.94559455945595,26.16276106727496
55.95559555955596,25.44130437806445
55.96559655965597,24.75213590010799
55.975597559755975,24.092642825538647
55.98559855985599,23.4604360679114
55.995599559956,22.853678662399528
56.00560056005601,22.27076555434819
56.01560156015602,21.710207286210323
56.025602560256026,21.1711045870661
56.03560356035604,20.652981137168403
56.04560456045605,20.15524600410221
56.05560556055606,19.677405595675133
56.06560656065607,19.219397951837394
56.075607560756076,18.781349796850645
56.08560856085609,18.363402979552962
56.0956095609561,17.965977676786466
56.10561056105611,17.58981406801916
56.115611561156115,17.23563998247319
56.125612561256126,16.90433085569056
56.13561356135614,16.59729324344734
56.14561456145615,16.31611925352231
56.15561556155616,16.062339302128073
56.165616561656165,15.838091592696365
56.17561756175618,15.646265963427405
56.18561856185619,15.489780890772632
56.1956195619562,15.371778289206025
56.20562056205621,15.296232312714633
56.215621562156215,15.267820900309237
56.22562256225623,15.291818561571356
56.23562356235624,15.374169225204778
56.24562456245625,15.521174977042618
56.25562556255626,15.739737695291986
56.265626562656266,16.03794529940167
56.27562756275628,16.424587823279545
56.28562856285629,16.908330843766727
56.2956295629563,17.49783838646572
56.30563056305631,18.201915281714193
56.315631563156316,19.028887504424212
56.32563256325633,19.985580623795983
56.33563356335634,21.076357200098727
56.34563456345635,22.302121844092866
56.35563556355636,23.659326037800117
56.365636563656366,25.138835014363536
56.37563756375638,26.724521977890763
56.38563856385639,28.391757793680263
56.3956395639564,30.106856480082108
56.405640564056405,31.827896291025645
56.41564156415642,33.50583040286267
56.42564256425643,35.08613516505118
56.43564356435644,36.51244143041015
56.44564456445645,37.73160829862732
56.455645564556455,38.69853100133498
56.46564656465647,39.38059379219648
56.47564756475648,39.76124817707024
56.48564856485649,39.841481698319186
56.4956495649565,39.6391571071638
56.505650565056506,39.18654804216469
56.51565156515652,38.52592527807924
56.52565256525653,37.703919047456864
56.53565356535654,36.766617723268666
56.54565456545655,35.75642250364114
56.555655565556556,34.70989942368861
56.56565656565657,33.655985646378454
56.57565756575658,32.61561155694106
56.58565856585659,31.603142102188503
56.5956595659566,30.62758138695654
56.605660566056606,29.69338373324434
56.61566156615662,28.80181399714746
56.62566256625663,27.952165052512857
56.63566356635664,27.14244606357654
56.645664566456645,26.370272895924412
56.65566556655666,25.633186657374104
56.66566656665667,24.928285040153508
56.67566756675668,24.252596527383407
56.68566856685669,23.603864544193687
56.695669566956695,22.98049638617534
56.70567056705671,22.38108683997031
56.71567156715672,21.804134127617214
56.72567256725673,21.24810244831558
56.73567356735674,20.71192483330264
56.745674567456746,20.195361444682288
56.75567556755676,19.69853278591376
56.76567656765677,19.221090110777432
56.77567756775678,18.76224594287576
56.78567856785679,18.321690046606246
56.795679567956796,17.899909947177587
56.80568056805681,17.497597556671863
56.81568156815682,17.115334776013942
56.82568256825683,16.75363190304275
56.83568356835684,16.412973147940246
56.845684568456846,16.094379464362436
56.85568556855686,15.7996007091219
56.86568656865687,15.530291815161032
56.87568756875688,15.287974592301316
56.885688568856885,15.074923007184172
56.8956895689569,14.894027464808545
56.90569056905691,14.748193285929219
56.91569156915692,14.640770847623848
56.92569256925693,14.57617354305757
56.935693569356935,14.559584657049157
56.94569456945695,14.596450379529895
56.95569556955696,14.692752077750736
56.96569656965697,14.855517668055672
56.97569756975698,15.09260133999942
56.985698569856986,15.412494245574257
56.995699569957,15.8246468286938
57.00570057005701,16.33901666897036
57.01570157015702,16.965388740889615
57.02570257025703,17.713621523782066
57.035703570357036,18.593250004065442
57.04570457045705,19.61200788181876
57.05570557055706,20.775021463673465
57.06570657065707,22.084112918026474
57.07570757075708,23.536077266588098
57.085708570857086,25.121026317842215
57.0957095709571,26.821038850805408
57.10571057105711,28.608792899879123
57.11571157115712,30.446900512139017
57.125712571257125,32.28827372032035
57.13571357135714,34.07739309802099
57.14571457145715,35.752802270708756
57.15571557155716,37.25165590866729
57.16571657165717,38.515499403396454
57.175717571757176,39.49568030383258
57.18571857185719,40.15843554369951
57.1957195719572,40.489442059627585
57.20572057205721,40.49508510770449
57.21572157215722,40.20003606405231
57.225722572257226,39.644025251893105
57.23572357235724,38.87744817751849
57.24572457245725,37.95434975537089
57.25572557255726,36.92607938415965
57.26572657265727,35.838156848243095
57.275727572757276,34.72833672982422
57.28572857285729,33.62531718179876
57.2957295729573,32.549287157005615
57.30573057305731,31.51331930117055
57.31573157315732,30.524467334895164
57.325732573257326,29.585143225393953
57.33573357335734,28.694809021016646
57.34573457345735,27.851363121596357
57.35573557355736,27.051972786446232
57.365736573657365,26.29340523430769
57.37573757375738,25.57221934064453
57.38573857385739,24.88515839932579
57.3957395739574,24.229328365908103
57.40574057405741,23.602052414100456
57.415741574157416,23.001127621006514
57.42574257425743,22.425173891401062
57.43574357435744,21.873146346755725
57.44574457445745,21.343914432440556
57.45574557455746,20.83666667913251
57.465746574657466,20.350942644906553
57.47574757475748,19.886378914829436
57.48574857485749,19.443043795605043
57.4957495749575,19.021378420712455
57.50575057505751,18.621684438939983
57.515751575157516,18.244393303441164
57.52575257525753,17.890405071941956
57.53575357535754,17.560847148118867
57.54575457545755,17.257031010991298
57.55575557555756,16.980447453066454
57.565756575657566,16.732778113947568
57.57575757575758,16.51631936374133
57.58575857585759,16.333924845701947
57.5957595759576,16.1886209629612
57.605760576057605,16.083829181089094
57.61576157615762,16.02345225328169
57.62576257625763,16.01188023047846
57.63576357635764,16.054381893678446
57.64576457645765,16.15670931394695
57.655765576557656,16.324704384098744
57.66576657665767,16.565242496153616
57.67576757675768,16.886269450840317
57.68576857685769,17.295438191072904
57.6957695769577,17.800157920466944
57.705770577057706,18.40840910350166
57.71577157715772,19.127871468525775
57.72577257725773,19.964617399664643
57.73577357735774,20.922851790190336
57.74577457745775,22.004460928537434
57.755775577557756,23.20793960472236
57.76577657765777,24.527310378066876
57.77577757775778,25.95071042166618
57.78577857785779,27.45922686894274
57.7957795779578,29.02676259095451
57.80578057805781,30.61994949669963
57.81578157815782,32.19830970694759
57.82578257825783,33.715841153621184
57.83578357835784,35.12347406378349
57.845784578457845,36.372431906393004
57.85578557855786,37.41854424651569
57.86578657865787,38.225873759332856
57.87578757875788,38.7700111809693
57.88578857885789,39.04125149331465
57.895789578957896,39.044994118879956
57.90579057905791,38.79996534165456
57.91579157915792,38.336356494960704
57.92579257925793,37.691990538088966
57.93579357935794,36.907152748941115
57.945794579457946,36.0214505994468
57.95579557955796,35.07145944660162
57.96579657965797,34.08803369852656
57.97579757975798,33.09536843630079
57.98579857985799,32.11156250238949
57.995799579957996,31.149420855507827
58.00580058005801,30.217242781619483
58.01580158015802,29.31925942176482
58.02580258025803,28.45681568862995
58.03580358035804,27.630055729011584
58.04580458045805,26.83796939898165
58.05580558055806,26.078356307127244
58.06580658065807,25.349216457778873
58.07580758075808,24.648837786920325
58.085808580858085,23.97480605839428
58.0958095809581,23.324897646992724
58.10581058105811,22.697961151743776
58.11581158115812,22.092712086776277
58.12581258125813,21.507455759394425
58.135813581358136,20.941250222370336
58.14581458145815,20.393512400862555
58.15581558155816,19.863369183040707
58.16581658165817,19.350340241014415
58.17581758175818,18.85413996159819
58.185818581858186,18.374166812168838
58.1958195819582,17.910092390199356
58.20582058205821,17.461885179163765
58.21582158215822,17.029508985514394
58.22582258225823,16.613018919240144
58.235823582358236,16.21240890217051
58.24582458245825,15.8280407271503
58.25582558255826,15.460589091614892
58.26582658265827,15.11002947499391
58.27582758275828,14.776747820605346
58.28582858285829,14.462385753740673
58.2958295829583,14.167822519985265
58.30583058305831,13.893606594987371
58.31583158315832,13.641846968738669
58.325832583258325,13.414542413117498
58.33583358335834,13.213236437573393
58.34583458345835,13.0410074145282
58.35583558355836,12.901310683233453
58.36583658365837,12.797109899965038
58.375837583758376,12.73273266618942
58.38583858385839,12.713918106095832
58.3958395839584,12.74652571681988
58.40584058405841,12.836494252230306
58.41584158415842,12.991335176966398
58.425842584258426,13.221118970793151
58.43584358435844,13.53582820933297
58.44584458445845,13.944820136331312
58.45584558455846,14.46080220760575
58.46584658465847,15.097753479787759
58.475847584758476,15.867184335387309
58.48584858485849,16.782234770361217
58.4958495849585,17.857061768595713
58.50585058505851,19.100888706792038
58.51585158515852,20.51989740784063
58.52585258525853,22.117317480605262
58.53585358535854,23.88725339055197
58.54585458545855,25.813972145709705
58.55585558555856,27.87158852574583
58.565856585658565,30.020095375670973
58.57585758575858,32.20499708097073
58.58585858585859,34.358713199893565
58.5958595859586,36.40322546475579
58.60586058605861,38.25592302241127
58.615861586158616,39.83603494904706
58.62586258625863,41.07361685604084
58.63586358635864,41.91935179260936
58.64586458645865,42.34941952786416
58.65586558655866,42.36812244166079
58.665866586658666,42.00916397640586
58.67586758675868,41.329556746852006
58.68586858685869,40.39784917509989
58.6958695869587,39.286203229262746
58.70587058705871,38.06568321859117
58.715871587158716,36.79796062052907
58.72587258725873,35.52934913850661
58.73587358735874,34.29320138516616
58.74587458745875,33.11270092168034
58.75587558755876,32.00022349610145
58.76587658765877,30.959729357203138
58.77587758775878,29.991238326160463
58.78587858785879,29.09163778304392
58.7958795879588,28.255191033068005
58.805880588058805,27.476055080584253
58.81588158815882,26.74871986825933
58.82588258825883,26.067665915731148
58.83588358835884,25.428528289260836
58.84588458845885,24.82775531805222
58.855885588558856,24.261475697848205
58.86588658865887,23.72679517724931
58.87588758875888,23.222514935940037
58.88588858885889,22.74750266296019
58.8958895889589,22.300601503473334
58.905890589058906,21.881350978265054
58.91589158915892,21.489401450831558
58.92589258925893,21.124932846206644
58.93589358935894,20.78909363284303
58.94589458945895,20.48285809299668
58.955895589558956,20.206845789875963
58.96589658965897,19.962412875189017
58.97589758975898,19.751821752137555
58.98589858985899,19.577284311716113
58.995899589959,19.440667879772427
59.00590059005901,19.344420627789354
59.01590159015902,19.291832964048183
59.02590259025903,19.28625427745774
59.03590359035904,19.330954381369434
59.045904590459045,19.429575397587342
59.05590559055906,19.586121915698314
59.06590659065907,19.804708454409763
59.07590759075908,20.089419536844105
59.08590859085909,20.444103513774653
59.095909590959096,20.87215905949649
59.10591059105911,21.376462274798705
59.11591159115912,21.95921597070946
59.12591259125913,22.621490147618918
59.13591359135914,23.3625869793478
59.145914591459146,24.17954834709457
59.15591559155916,25.06693678291618
59.16591659165917,26.01668055841681
59.17591759175918,27.017721411884217
59.18591859185919,28.0555365505201
59.195919591959196,29.111955108335483
59.20592059205921,30.165548767422656
59.21592159215922,31.19246412798108
59.22592259225923,32.16743203141279
59.23592359235924,33.064893069697895
59.24592459245925,33.86033448459092
59.25592559255926,34.531828686817725
59.26592659265927,35.06158998368142
59.27592759275928,35.43729523872953
59.285928592859285,35.65292158162045
59.2959295929593,35.70894640603571
59.30593059305931,35.611948074896056
59.31593159315932,35.37373784574493
59.32593259325933,35.01012098298385
59.335933593359336,34.53943073297778
59.34593459345935,33.981075633846224
59.35593559355936,33.35424439529906
59.36593659365937,32.6768099038129
59.37593759375938,31.96456341789451
59.385938593859386,31.23091015987772
59.3959395939594,30.486885081877322
59.40594059405941,29.74124717811328
59.41594159415942,29.000619961499265
59.42594259425943,28.269761103218926
59.435943594359436,27.551931821419362
59.44594459445945,26.849254292552647
59.45594559455946,26.163035919907895
59.46594659465947,25.494050413572232
59.47594759475948,24.8427133190456
59.48594859485949,24.209125511584762
59.4959495949595,23.593089506582352
59.50595059505951,22.99423204470625
59.51595159515952,22.41219752687926
59.525952595259525,21.8467641856435
59.53595359535954,21.29782374006942
59.54595459545955,20.76527703021216
59.55595559555956,20.248925758555668
59.56595659565957,19.748481193356184
59.575957595759576,19.263756253746045
59.58595859585959,18.794847966717008
59.5959595959596,18.3420606621645
59.60596059605961,17.905650846341768
59.61596159615962,17.485736171001967
59.625962596259626,17.082484505519243
59.63596359635964,16.69633519721092
59.64596459645965,16.32800667837297
59.65596559655966,15.97833933625009
59.66596659665967,15.64820996744699
59.675967596759676,15.338615052593273
59.68596859685969,15.050814879834274
59.6959695969597,14.78642563843658
59.70597059705971,14.547420310004439
59.71597159715972,14.336074237157753
59.72597259725973,14.154960205061586
59.73597359735974,14.007079457696554
59.74597459745975,13.896043998226752
59.75597559755976,13.826152767493786
59.765976597659765,13.802351095534517
59.77597759775978,13.83020003478704
59.78597859785979,13.915962494851744
59.7959795979598,14.066798206335948
59.80598059805981,14.290925284592268
59.815981598159816,14.597572499299908
59.82598259825983,14.996741267477605
59.83598359835984,15.499000136741731
59.84598459845985,16.1153746622809
59.85598559855986,16.85711851339571
59.865986598659866,17.73520966028471
59.87598759875988,18.759593470285104
59.88598859885989,19.938129368381908
59.8959895989599,21.275170491815594
59.90599059905991,22.76993708961791
59.915991599159916,24.414939565512103
59.92599259925993,26.19442251101057
59.93599359935994,28.08270238544436
59.94599459945995,30.042713516896715
59.95599559955996,32.02554322284067
59.96599659965997,33.971603226482124
59.97599759975998,35.813563832044345
59.98599859985999,37.480856829248346
59.99599959996,38.905548562854094
60.006000600060005,40.02917606967373
60.01600160016002,40.80948993058329
60.02600260026003,41.22561991932466
60.03600360036004,41.280464277261984
60.04600460046005,40.999737939001335
60.056005600560056,40.42775936460304
60.06600660066007,39.62088199868617
60.07600760076008,38.64018321202034
60.08600860086009,37.54495118198545
60.0960096009601,36.38782341704976
60.106010601060106,35.211839873261454
60.11601160116012,34.04938481374879
60.12601260126013,32.92270992665124
60.13601360136014,31.845449025718814
60.14601460146015,30.824503623722595
60.156015601560156,29.861914951172174
60.16601660166017,28.956517824645946
60.17601760176018,28.10523039355424
60.18601860186019,27.30397143488563
60.1960196019602,26.548348444058796
60.20602060206021,25.83416642999908
60.21602160216022,25.15767388527468
60.22602260226023,24.515568302129623
60.23602360236024,23.90496942666905
60.246024602460245,23.323498911792147
60.25602560256026,22.76936166958896
60.26602660266027,22.241258810870278
60.27602760276028,21.738197885523387
60.28602860286029,21.25944947020473
60.296029602960296,20.804678074140455
60.30603060306031,20.373969119864277
60.31603160316032,19.96762616771185
60.32603260326033,19.58602790029088
60.33603360336034,19.22978520776383
60.346034603460346,18.8999478745444
60.35603560356036,18.59791500925144
60.36603660366037,18.325209615899144
60.37603760376038,18.083524989821694
60.38603860386039,17.87498941547319
60.396039603960396,17.70224756823292
60.40604060406041,17.568297317391746
60.41604160416042,17.47638807527601
60.42604260426043,17.430113615199463
60.43604360436044,17.43354571570339
60.44604460446045,17.491282880076348
60.45604560456046,17.608421631914318
60.46604660466047,17.790466459380287
60.47604760476048,18.043190412550167
60.486048604860486,18.372522045712405
60.4960496049605,18.784475479253327
60.50605060506051,19.284991802289703
60.51605160516052,19.879591826414835
60.52605260526053,20.572913240472353
60.536053605360536,21.368205490349066
60.54605460546055,22.266754636751926
60.55605560556056,23.26725954846717
60.56605660566057,24.365160736230102
60.57605760576058,25.551828920691456
60.586058605860586,26.813718593104756
60.5960596059606,28.131847530026153
60.60606060606061,29.48179785606201
60.61606160616062,30.83409652988475
60.62606260626063,32.154886534601104
60.636063606360636,33.40714878392876
60.64606460646065,34.55277126567851
60.65606560656066,35.5553088816844
60.66606660666067,36.38287623186577
60.67606760676068,37.01070412257373
60.68606860686069,37.42314733173801
60.6960696069607,37.61494513939338
60.70607060706071,37.59147518265726
60.71607160716072,37.36784045112771
60.726072607260726,36.966848119929935
60.73607360736074,36.416285392003
60.74607460746075,35.74612086228878
60.75607560756076,34.98606704457493
60.76607660766077,34.16365286057235
60.776077607760776,33.30290621323812
60.78607860786079,32.42365812947603
60.7960796079608,31.541354679913244
60.80608060806081,30.667324291618662
60.81608160816082,29.80942706824419
60.826082608260826,28.972786049870756
60.83608360836084,28.16037478937825
60.84608460846085,27.37353605531288
60.85608560856086,26.61249673869467
60.86608660866087,25.876746220995937
60.876087608760876,25.165267493778103
60.88608860886089,24.476810616701442
60.8960896089609,23.810197461332752
60.90609060906091,23.1643837756054
60.91609160916092,22.538303955548265
60.92609260926093,21.93085883673958
60.93609360936094,21.341088843858635
60.94609460946095,20.768232393327803
60.95609560956096,20.211593568184547
60.966096609660966,19.670454241905887
60.97609760976098,19.144170926411086
60.98609860986099,18.632266615828257
60.996099609961,18.134349808855884
61.00610061006101,17.65000059713545
61.016101610161016,17.17875281109169
61.02610261026103,16.720107705138574
61.03610361036104,16.273626263834345
61.04610461046105,15.839048229613168
61.05610561056106,15.416191719748277
61.066106610661066,15.004776750586727
61.07610761076108,14.604462649993984
61.08610861086109,14.214950666567312
61.0961096109611,13.835955972762052
61.10611061106111,13.467145656365648
61.11611161116112,13.108173194538338
61.12611261126113,12.758811200311216
61.13611361136114,12.41894957862593
61.14611461146115,12.08833975561464
61.15611561156116,11.766496784629938
61.16611661166117,11.453007488980369
61.17611761176118,11.147821581127335
61.18611861186119,10.85110781979693
61.1961196119612,10.562805750498478
61.206120612061206,10.282425610659908
61.21612161216122,10.009369703570924
61.22612261226123,9.743329463261441
61.23612361236124,9.484286726069781
61.24612461246125,9.232267221674777
61.256125612561256,8.987160767388007
61.26612661266127,8.748671464445042
61.27612761276128,8.516453692409343
61.28612861286129,8.290343273556342
61.2961296129613,8.070371105874262
61.306130613061306,7.856493411619706
61.31613161316132,7.648430878348737
61.32613261326133,7.4457933695515095
61.33613361336134,7.248327481451984
61.34613461346135,7.056011183478784
61.35613561356136,6.868969812728263
61.36613661366137,6.687237257797701
61.37613761376138,6.510549062335986
61.38613861386139,6.338499279132066
61.3961396139614,6.170964495222091
61.40614061406141,6.008150100564034
61.41614161416142,5.8501326129853695
61.42614261426143,5.696660523011065
61.43614361436144,5.547504336821699
61.446144614461446,5.402749641024307
61.45614561456146,5.262578467503207
61.46614661466147,5.1269969317182955
61.47614761476148,4.9959782449720755
61.48614861486149,4.86961804709102
61.496149614961496,4.748077547564293
61.50615061506151,4.63153036578991
61.51615161516152,4.520299577039452
61.52615261526153,4.414872866865995
61.53615361536154,4.315754268491009
61.546154615461546,4.223423591948489
61.55615561556156,4.138540769939983
61.56615661566157,4.062071090520689
61.57615761576158,3.995257453793567
61.58615861586159,3.9395282522012494
61.5961596159616,3.8966034513816084
61.60616061606161,3.868727932252174
61.61616161616162,3.858778168495924
61.62616261626163,3.8702253548128525
61.63616361636164,3.907165477083737
61.64616461646165,3.9745505662487517
61.65616561656166,4.078514458415089
61.66616661666167,4.226699032268783
61.67616761676168,4.428401338090357
61.68616861686169,4.694730034202102
61.6961696169617,5.039009544288444
61.70617061706171,5.477322513604445
61.71617161716172,6.028800367899667
61.72617261726173,6.715781301104062
61.736173617361736,7.563993798787873
61.74617461746175,8.602675964208387
61.75617561756176,9.86429438614379
61.76617661766177,11.383596212777775
61.77617761776178,13.195982379704184
61.786178617861786,15.334760843656845
61.7961796179618,17.826963607940712
61.80618061806181,20.687352855777508
61.81618161816182,23.910722391747477
61.82618261826183,27.46301775536832
61.83618361836184,31.272256702197886
61.84618461846185,35.22109542977368
61.85618561856186,39.14422321270811
61.86618661866187,42.834905646462055
61.87618761876188,46.06369735799639
61.88618861886189,48.60888900120894
61.8961896189619,50.29431511821728
61.90619061906191,51.0259235156024
61.91619161916192,50.81507104986386
61.92619261926193,49.77809608219421
61.93619361936194,48.11063366624194
61.94619461946195,46.04617975736612
61.95619561956196,43.812889038421204
61.96619661966197,41.59995253888994
61.976197619761976,39.54084234870275
61.98619861986199,37.71457158196546
61.996199619962,36.15686063993054
62.00620062006201,34.87125914434224
62.01620162016202,33.83936120164674
62.026202620262026,33.03257022032984
62.03620362036204,32.42076803770796
62.04620462046205,31.97386706839699
62.05620562056206,31.661636908650618
62.06620662066207,31.45648696383647
62.07620762076208,31.335407672997835
62.08620862086209,31.278356396139955
62.0962096209621,31.26678726979006
62.10621062106211,31.284264381601098
62.11621162116212,31.31682845975948
62.12621262126213,31.35256144618098
62.13621362136214,31.381491841124145
62.14621462146215,31.39534079227857
62.15621562156216,31.38702239084154
62.16621662166217,31.35106176388329
62.17621762176218,31.284096970886445
62.18621862186219,31.184012845804176
62.1962196219622,31.049313278662314
62.20622062206221,30.879984077119175
62.216221622162216,30.677674416635394
62.22622262226223,30.444332391876596
62.23622362236224,30.181807556567424
62.24622462246225,29.892938304466192
62.25622562256226,29.581498560453497
62.266226622662266,29.250917471713606
62.27622762276228,28.904175430000464
62.28622862286229,28.54457940754222
62.2962296229623,28.17556763521845
62.30623062306231,27.80016526696639
62.31623162316232,27.421189590749833
62.32623262326233,27.04135751149574
62.33623362336234,26.66300710376416
62.34623462346235,26.288328358491107
62.35623562356236,25.91965609860186
62.36623662366237,25.558929819828787
62.37623762376238,25.207568547519863
62.38623862386239,24.867237655646566
62.3962396239624,24.539921536366364
62.40624062406241,24.22715024791373
62.41624162416242,23.93010171735916
62.42624262426243,23.650383266552403
62.43624362436244,23.3898266099741
62.44624462446245,23.149831263163577
62.456245624562456,22.931697641378328
62.46624662466247,22.737175840083026
62.47624762476248,22.568118038175342
62.48624862486249,22.426091463953313
62.4962496249625,22.312724619639962
62.506250625062506,22.229932330307513
62.51625162516252,22.179678225381302
62.52625262526253,22.163944131508792
62.53625362536254,22.184756145300796
62.54625462546255,22.24395457271333
62.55625562556256,22.343222686624895
62.56625662566257,22.484376569804013
62.57625762576258,22.669101285019885
62.58625862586259,22.898505967877057
62.5962596259626,23.17337566443711
62.60626062606261,23.494387192037216
62.61626162616262,23.86147760618771
62.62626262626263,24.27347536376159
62.63626362636264,24.728609696056587
62.64626462646265,25.22448927926429
62.65626562656266,25.75729135431947
62.66626662666267,26.321634316513652
62.67626762676268,26.911129598461343
62.68626862686269,27.518335878729577
62.696269626962696,28.134422492891566
62.70627062706271,28.74941506619392
62.71627162716272,29.35260602498898
62.72627262726273,29.932695073323373
62.73627362736274,30.478158507052683
62.746274627462746,30.977847812955012
62.75627562756276,31.421372496520426
62.76627662766277,31.79945021440367
62.77627762776278,32.10451029573711
62.78627862786279,32.3310696490095
62.7962796279628,32.47570042470734
62.80628062806281,32.53719550562594
62.81628162816282,32.51683320187263
62.82628262826283,32.41800338744654
62.83628362836284,32.24555234057891
62.84628462846285,32.0056767374563
62.85628562856286,31.70586689776962
62.86628662866287,31.354150913870974
62.87628762876288,30.958370625069232
62.88628862886289,30.526160168773156
62.8962896289629,30.064932235622354
62.90629062906291,29.58154194292937
62.91629162916292,29.082175011258098
62.92629262926293,28.572354476513926
62.936293629362936,28.05673529998576
62.94629462946295,27.539186718234042
62.95629562956296,27.023187122810956
62.96629662966297,26.511739290291032
62.97629762976298,26.007090957959047
62.986298629862986,25.511104061481454
62.996299629963,25.0256890257825
63.00630063006301,24.55250421442842
63.01630163016302,24.092681584130208
63.02630263026303,23.64727809517847
63.03630363036304,23.217633298977336
63.04630463046305,22.805044088801445
63.05630563056306,22.410534651296885
63.06630663066307,22.035164451669004
63.07630763076308,21.680211350687998
63.08630863086309,21.347021625831637
63.0963096309631,21.03700219458308
63.10631063106311,20.751668094078433
63.11631163116312,20.492588778792268
63.12631263126313,20.26158583261033
63.13631363136314,20.060918547866986
63.14631463146315,19.892929138244536
63.15631563156316,19.759832769678155
63.16631663166317,19.66422862822075
63.176317631763176,19.609325013714393
63.18631863186319,19.59839720054159
63.1963196319632,19.63459338364177
63.20632063206321,19.721383761155987
63.21632163216322,19.862635645512174
63.226322632263226,20.062186624833576
63.23632363236324,20.323689426958914
63.24632463246325,20.650703133018318
63.25632563256326,21.046570566191342
63.26632663266327,21.514138723830715
63.27632763276328,22.055464616383468
63.28632863286329,22.671447707742026
63.2963296329633,23.361471798200956
63.30633063306331,24.123144004323144
63.31633163316332,24.95192148748859
63.32633263326333,25.84061364333985
63.33633363336334,26.779176545886266
63.34633463346335,27.754767933505654
63.35633563356336,28.751531556014083
63.36633663366337,29.750427074453995
63.37633763376338,30.72992576177827
63.38633863386339,31.667147422778974
63.3963396339634,32.538633166346365
63.40634063406341,33.32131825954121
63.416341634163416,33.99419630084793
63.42634263426343,34.53986531471111
63.43634363436344,34.945459078279015
63.44634463446345,35.203357961579925
63.45634563456346,35.31168380433396
63.466346634663466,35.27424575684361
63.47634763476348,35.09996879958882
63.48634863486349,34.801889234191776
63.4963496349635,34.395775999595095
63.50635063506351,33.89879692381899
63.51635163516352,33.328542731986765
63.52635263526353,32.7020950297275
63.53635363536354,32.034950709377455
63.54635463546355,31.340403841057903
63.55635563556356,30.629683844779393
63.56635663566357,29.91211405984212
63.57635763576358,29.1949328415314
63.58635863586359,28.48342897380709
63.5963596359636,27.78152949551246
63.60636063606361,27.092133723810573
63.61636163616362,26.417173312475175
63.62636263626363,25.75784483700051
63.63636363636364,25.11483092068171
63.64636463646365,24.4884035523266
63.656365636563656,23.8787043756816
63.66636663666367,23.285891986249666
63.67636763676368,22.709907936641525
63.68636863686369,22.150469226492604
63.6963696369637,21.607432481828802
63.706370637063706,21.080871778022573
63.71637163716372,20.57083566213025
63.72637263726373,20.07728100524381
63.73637363736374,19.600240155908743
63.74637463746375,19.13991042347229
63.75637563756376,18.69656469541655
63.76637663766377,18.27054372591272
63.77637763776378,17.862343620458045
63.78637863786379,17.472528224454933
63.7963796379638,17.101700067318582
63.80638063806381,16.75074073361132
63.81638163816382,16.420780699655378
63.82638263826383,16.11296078584966
63.83638363836384,15.828634828231207
63.84638463846385,15.569643371408139
63.85638563856386,15.338177506353471
63.86638663866387,15.136687462924373
63.87638763876388,14.967984969236648
63.88638863886389,14.83529393540309
63.896389638963896,14.742355027897705
63.90639063906391,14.693574286417997
63.91639163916392,14.694060547516385
63.92639263926393,14.749575512243046
63.93639363936394,14.866521373526442
63.946394639463946,15.052095160685848
63.95639563956396,15.314350690158788
63.96639663966397,15.661977937233997
63.97639763976398,16.104276333119522
63.98639863986399,16.651137775896817
63.996399639964,17.31244535589351
64.00640064006402,18.097536082700017
64.01640164016402,19.01498533198847
64.02640264026402,20.07179971108115
64.03640364036404,21.272111318768218
64.04640464046405,22.615934476039744
64.05640564056407,24.097796964970506
64.06640664066407,25.705326445758413
64.07640764076407,27.41791675322893
64.0864086408641,29.205412416664164
64.0964096409641,31.027596698857156
64.10641064106412,32.83516146330414
64.11641164116412,34.57161381798464
64.12641264126412,36.17599799842199
64.13641364136414,37.58735551801408
64.14641464146415,38.75069254803426
64.15641564156417,39.622686078000186
64.16641664166417,40.17609594777624
64.17641764176417,40.40277412741756
64.1864186418642,40.3145710283267
64.1964196419642,39.94122014330189
64.20642064206422,39.3255531391833
64.21642164216422,38.51770288563364
64.22642264226423,37.569760903607445
64.23642364236424,36.53116851239241
64.24642464246425,35.44489774354908
64.25642564256425,34.34523361412675
64.26642664266427,33.25762297412277
64.27642764276428,32.1997426163006
64.2864286428643,31.182722405458403
64.2964296429643,30.212293534332247
64.3064306430643,29.290104108177285
64.31643164316432,28.41529960707016
64.32643264326433,27.585820187502463
64.33643364336434,26.798832553175444
64.34643464346435,26.050852756417868
64.35643564356435,25.33836253586217
64.36643664366437,24.658386858239698
64.37643764376438,24.00838150205783
64.3864386438644,23.3860457268934
64.3964396439644,22.789472355728
64.4064406440644,22.217160520461356
64.41644164416442,21.667875532114095
64.42644264426443,21.14067653836804
64.43644364436445,20.634948480573083
64.44644464446445,20.15031500064884
64.45644564456445,19.686582417505672
64.46644664466447,19.243702706138702
64.47644764476448,18.821753133892145
64.4864486448645,18.421090966678904
64.4964496449645,18.042480715293706
64.5064506450645,17.68685395818353
64.51645164516452,17.355097161091816
64.52645264526453,17.04836828634987
64.53645364536455,16.76835464527708
64.54645464546455,16.51694967748072
64.55645564556455,16.29610732087377
64.56645664566457,16.10829390687183
64.57645764576458,15.956688091184468
64.5864586458646,15.844853419413976
64.5964596459646,15.776639648143666
64.6064606460646,15.756440824803343
64.61646164616462,15.789320736633842
64.62646264626463,15.88100277543092
64.63646364636465,16.037877484917725
64.64646464646465,16.266917865354166
64.65646564656466,16.575594793743413
64.66646664666467,16.971898826937974
64.67646764676468,17.46413766804901
64.6864686468647,18.06044975619035
64.6964696469647,18.768528455508267
64.7064706470647,19.595418115780753
64.71647164716472,20.546658098207956
64.72647264726473,21.625084872415698
64.73647364736473,22.83008528897062
64.74647464746475,24.156780739740693
64.75647564756476,25.594545206702275
64.76647664766477,27.125695520606293
64.77647764776478,28.724979575292636
64.78647864786478,30.35938249371406
64.7964796479648,31.988310707007972
64.8064806480648,33.56481399118591
64.81648164816482,35.03797890152139
64.82648264826483,36.35639309108648
64.83648364836483,37.47245578893053
64.84648464846485,38.346722185500894
64.85648564856486,38.951601913630476
64.86648664866487,39.2742114295461
64.87648764876488,39.31766897268828
64.88648864886488,39.10006108282032
64.8964896489649,38.651567919964975
64.9064906490649,38.01073510479172
64.91649164916493,37.22016667106183
64.92649264926493,36.32208394034421
64.93649364936493,35.354941770934005
64.94649464946495,34.35161140114971
64.95649564956496,33.338475059224436
64.96649664966498,32.335129221801324
64.97649764976498,31.35496584364938
64.98649864986498,30.40634389706153
64.996499649965,29.493806933817336
65.00650065006501,28.619213777783703
65.01650165016503,27.782563355026205
65.02650265026503,26.982427970413802
65.03650365036503,26.216543703066627
65.04650465046505,25.482616576856785
65.05650565056506,24.77854222101574
65.06650665066508,24.10206889710722
65.07650765076508,23.450906842704352
65.08650865086508,22.82327661559284
65.0965096509651,22.217921224009395
65.10651065106511,21.633639118055193
65.11651165116513,21.069213477826366
65.12651265126513,20.52368987393798
65.13651365136514,19.996413333177287
65.14651465146515,19.48692394312861
65.15651565156516,18.99488633793754
65.16651665166518,18.519949467832422
65.17651765176518,18.061807809657367
65.18651865186519,17.620466334088004
65.1965196519652,17.19611532515058
65.20652065206521,16.788828145990205
65.21652165216521,16.39877846448112
65.22652265226523,16.02652729203211
65.23652365236524,15.672774639980696
65.24652465246525,15.338154316082072
65.25652565256526,15.023466830307685
65.26652665266526,14.729855799760657
65.27652765276528,14.458773605147957
65.28652865286529,14.21202358372475
65.2965296529653,13.991773091767563
65.30653065306531,13.8004407302733
65.31653165316531,13.640780052181034
65.32653265326533,13.516136098456768
65.33653365336534,13.430512806123026
65.34653465346535,13.388548415906417
65.35653565356536,13.395633343998181
65.36653665366536,13.457970784770184
65.37653765376538,13.582575510056582
65.38653865386539,13.777454260304983
65.3965396539654,14.051684298404611
65.40654065406541,14.415185019632814
65.41654165416541,14.878661872142038
65.42654265426543,15.453717475611922
65.43654365436544,16.152494910948292
65.44654465446546,16.986936959100685
65.45654565456546,17.96820301806384
65.46654665466546,19.106020957352193
65.47654765476548,20.407383753151667
65.48654865486549,21.874790700698284
65.4965496549655,23.504573605446744
65.50655065506551,25.285169616851427
65.51655165516551,27.195039954645775
65.52655265526553,29.200836061408552
65.53655365536554,31.256646852842614
65.54655465546556,33.30452130619665
65.55655565556556,35.27640096423701
65.56655665566556,37.09792150648177
65.57655765576558,38.69430773930958
65.58655865586559,39.99785510043889
65.5965596559656,40.95563605571587
65.60656065606561,41.535798806528824
65.61656165616562,41.731409506476936
65.62656265626563,41.56113522399883
65.63656365636564,41.06607100312645
65.64656465646566,40.30316091139198
65.65656565656566,39.337187950792995
65.66656665666567,38.23325939931702
65.67656765676568,37.05070519286693
65.68656865686569,35.83895954710171
65.69656965696569,34.63583359358369
65.70657065706571,33.46782669397664
65.71657165716572,32.351617579344286
65.72657265726573,31.296051759019438
65.73657365736574,30.30412983187626
65.74657465746574,29.37480295179533
65.75657565756576,28.50469376282561
65.76657665766577,27.689457786322897
65.77657765776578,26.924346900916227
65.78657865786579,26.204474667701746
65.7965796579658,25.525360673294376
65.80658065806581,24.88328966766807
65.81658165816582,24.275157991533646
65.82658265826583,23.698305565264967
65.83658365836584,23.15059945069211
65.84658465846584,22.63049039300284
65.85658565856586,22.136909245734024
65.86658665866587,21.66913840441413
65.87658765876589,21.226777847116125
65.88658865886589,20.809792436048177
65.8965896589659,20.41850939679093
65.90659065906591,20.053501505555605
65.91659165916592,19.715524819632293
65.92659265926594,19.405650704202813
65.93659365936594,19.125357377792195
65.94659465946594,18.87636706577532
65.95659565956596,18.660538191158146
65.96659665966597,18.480073046646332
65.97659765976599,18.33768647692807
65.98659865986599,18.23646025801424
65.996599659966,18.179702661668223
66.00660066006601,18.171058546735303
66.01660166016602,18.21464732988421
66.02660266026604,18.315012309326676
66.03660366036604,18.476964571432486
66.04660466046604,18.70549274108431
66.05660566056606,19.005760028358026
66.06660666066607,19.383017376873152
66.07660766076609,19.842289048982003
66.08660866086609,20.388025940721082
66.0966096609661,21.02392279248603
66.10661066106611,21.752585227876757
66.11661166116612,22.57479105834713
66.12661266126614,23.48881792661106
66.13661366136614,24.490121593831965
66.14661466146615,25.57085492374318
66.15661566156616,26.719090066066762
66.16661666166617,27.918289355499873
66.17661766176617,29.147278951845248
66.18661866186619,30.380613248706688
66.1966196619662,31.589222748666497
66.20662066206621,32.741363874379516
66.21662166216622,33.804122008780325
66.22662266226622,34.74561921339513
66.23662366236624,35.53745480024698
66.24662466246625,36.156830413151326
66.25662566256626,36.588177411257355
66.26662666266627,36.82424628975227
66.27662766276627,36.8666243013363
66.28662866286629,36.72540484103662
66.2966296629663,36.41774595027311
66.30663066306631,35.965632998229125
66.31663166316632,35.39366539996266
66.32663266326632,34.72730033836092
66.33663366336634,33.99118439955977
66.34663466346635,33.207518567451146
66.35663566356637,32.395082599009086
66.36663666366637,31.56919064991606
66.37663766376637,30.741936772988442
66.38663866386639,29.922299850518844
66.3966396639664,29.11644710007604
66.40664066406642,28.328383193283532
66.41664166416642,27.56055689452548
66.42664266426642,26.81421086525275
66.43664366436644,26.089680262499154
66.44664466446645,25.386733981543646
66.45664566456647,24.704812442889985
66.46664666466647,24.043219707202013
66.47664766476647,23.401256583508783
66.4866486648665,22.778118307119502
66.4966496649665,22.17289331653152
66.50665066506652,21.584830663101126
66.51665166516652,21.0133754210479
66.52665266526652,20.45794984348499
66.53665366536654,19.918020602646433
66.54665466546655,19.393187180656316
66.55665566556657,18.88300705687026
66.56665666566657,18.386972260307243
66.57665766576658,17.904741220158446
66.5866586658666,17.43613035330094
66.5966596659666,16.980819149973147
66.60666066606662,16.538386806871202
66.61666166616662,16.10873153887723
66.62666266626663,15.692005307711765
66.63666366636664,15.288053228166124
66.64666466646665,14.896474543712294
66.65666566656667,14.517191871408956
66.66666666666667,14.150485329150861
66.67666766676668,13.796495184705963
66.6866686668667,13.45510282798379
66.6966696669667,13.126326814184614
66.7066706670667,12.81071449188488
66.71667166716672,12.509049057592442
66.72667266726673,12.221679003026836
66.73667366736674,11.948790178505874
66.74667466746675,11.691359983678499
66.75667566756675,11.450982853181396
66.76667666766677,11.229004904147965
66.77667766776678,11.026650660469967
66.7866786678668,10.845767647329248
66.7966796679668,10.689082703546168
66.8066806680668,10.559693175316243
66.81668166816682,10.46062570815229
66.82668266826683,10.395554649348899
66.83668366836685,10.369700990755614
66.84668466846685,10.389228698306434
66.85668566856685,10.460666994964468
66.86668666866687,10.591666231565066
66.87668766876688,10.791508721621975
66.8866886688669,11.070924203596036
66.8966896689669,11.442118717798488
66.9066906690669,11.918774666054004
66.91669166916692,12.516022889405741
66.92669266926693,13.250456748588865
66.93669366936695,14.139901287793107
66.94669466946695,15.20256166433012
66.95669566956695,16.455771299077014
66.96669666966697,17.91481060827656
66.97669766976698,19.591350186436713
66.986698669867,21.490649985361287
66.996699669967,23.6080290232253
67.006700670067,25.925477688276217
67.01670167016702,28.408467914952176
67.02670267026703,31.003363301531806
67.03670367036705,33.63629237393777
67.04670467046705,36.21396007743346
67.05670567056706,38.62777535407465
67.06670667066707,40.763071123279566
67.07670767076708,42.512258188592504
67.0867086708671,43.788577228967384
67.0967096709671,44.538212130198545
67.1067106710671,44.74886200268334
67.11671167116712,44.45199366937512
67.12671267126713,43.717090280842726
67.13671367136715,42.63924286069454
67.14671467146715,41.323805561409706
67.15671567156716,39.87235092151465
67.16671667166717,38.37261028457442
67.17671767176718,36.89272086301351
67.18671867186718,35.479568904346856
67.1967196719672,34.16100567561713
67.2067206720672,32.95023574588492
67.21672167216722,31.850215109388756
67.22672267226723,30.857049905519787
67.23672367236723,29.962485732620365
67.24672467246725,29.156227557017967
67.25672567256726,28.428134765995857
67.26672667266728,27.769160211575855
67.27672767276728,27.171001452179688
67.28672867286728,26.62603659436968
67.2967296729673,26.128056744090763
67.3067306730673,25.672573866006616
67.31673167316733,25.25612563096963
67.32673267326733,24.87565860663396
67.33673367336733,24.52881125595562
67.34673467346735,24.214236048533348
67.35673567356736,23.93121699452618
67.36673667366738,23.679336616843813
67.37673767376738,23.45860351814842
67.38673867386738,23.269391815428076
67.3967396739674,23.1121507227726
67.40674067406741,22.987462223143506
67.41674167416743,22.89630665459363
67.42674267426743,22.839973476757805
67.43674367436743,22.8196883918725
67.44674467446745,22.836479453493496
67.45674567456746,22.89140949871921
67.46674667466748,22.985723836547166
67.47674767476748,23.120564670812627
67.48674867486748,23.296685709574135
67.4967496749675,23.514583617669786
67.50675067506751,23.77460160664154
67.51675167516753,24.07658106234176
67.52675267526753,24.41957593804029
67.53675367536754,24.801967113524515
67.54675467546755,25.221509454309064
67.55675567556756,25.675097649184792
67.56675667566758,26.158640306323722
67.57675767576758,26.66708584703118
67.58675867586759,27.194368510709644
67.5967596759676,27.733343993372277
67.60676067606761,28.27588593766747
67.61676167616763,28.813143274414443
67.62676267626763,29.33584830754017
67.63676367636764,29.83451143927195
67.64676467646765,30.29956439122499
67.65676567656766,30.721764123070685
67.66676667666766,31.09272201372243
67.67676767676768,31.405185963025904
67.68676867686769,31.653217531275462
67.6967696769677,31.832561984200883
67.70677067706771,31.940908677317122
67.71677167716771,31.9777991450368
67.72677267726773,31.9444564196761
67.73677367736774,31.843633010071184
67.74677467746776,31.67938650894729
67.75677567756776,31.456851583217013
67.76677667766776,31.18202642510391
67.77677767776778,30.861438176823142
67.78677867786779,30.50179507651052
67.7967796779678,30.10971115065899
67.80678067806781,29.69141128114942
67.81678167816781,29.252584076234946
67.82678267826783,28.79847673474813
67.83678367836784,28.333883403421304
67.84678467846786,27.863033661102463
67.85678567856786,27.38970369940098
67.86678667866786,26.917253676634452
67.87678767876788,26.448397772108528
67.88678867886789,25.985335068611597
67.8967896789679,25.5302236851392
67.90679067906791,25.08510751466335
67.91679167916791,24.651520588602963
67.92679267926793,24.230728244086738
67.93679367936794,23.824218717434213
67.94679467946796,23.433568191058107
67.95679567956796,23.06008350704221
67.96679667966797,22.704899658386065
67.97679767976798,22.36928892457047
67.98679867986799,22.054770389562524
67.996799679968,21.76298236735591
68.00680068006801,21.495484812020976
68.01680168016802,21.253811508866683
68.02680268026803,21.039752009260848
68.03680368036804,20.85537688207257
68.04680468046806,20.702840145163712
68.05680568056806,20.58441223247215
68.06680668066807,20.502583090783933
68.07680768076808,20.459968879349876
68.08680868086809,20.459343206275022
68.09680968096811,20.503734683621374
68.10681068106811,20.596199904942786
68.11681168116812,20.739673135950483
68.12681268126813,20.937211492249773
68.13681368136814,21.19193246469668
68.14681468146814,21.506491810144848
68.15681568156816,21.882933094351888
68.16681668166817,22.322895720161647
68.17681768176818,22.82739550741342
68.18681868186819,23.39626649222087
68.1968196819682,24.027848850205924
68.20682068206821,24.718919476706603
68.21682168216822,25.464549081716985
68.22682268226824,26.257718141802457
68.23682368236824,27.088863327812458
68.24682468246824,27.94588166264746
68.25682568256826,28.814596826008245
68.26682668266827,29.6789909014267
68.27682768276829,30.52126207973176
68.28682868286829,31.322492059883473
68.2968296829683,32.06373223016154
68.30683068306831,32.726814706795935
68.31683168316832,33.29520389218047
68.32683268326834,33.75521987542168
68.33683368336834,34.09697368192628
68.34683468346834,34.3146861983636
68.35683568356836,34.40685777506418
68.36683668366837,34.376280346935815
68.37683768376839,34.22953524699911
68.38683868386839,33.976256093971806
68.3968396839684,33.628485321900456
68.40684068406841,33.19983046204105
68.41684168416842,32.70429901816815
68.42684268426844,32.15536919634116
68.43684368436844,31.565661424535723
68.44684468446845,30.94671921595223
68.45684568456846,30.308454514515752
68.46684668466847,29.658847508764033
68.47684768476849,29.00449111846327
68.48684868486849,28.35111797944891
68.4968496849685,27.703200791795798
68.50685068506851,27.06360004788676
68.51685168516852,26.434330028257275
68.52685268526854,25.817365136169574
68.53685368536854,25.21428019343976
68.54685468546855,24.625744227651516
68.55685568556856,24.052066771502354
68.56685668566857,23.493926229925208
68.57685768576859,22.952091869510316
68.58685868586859,22.42677855451732
68.5968596859686,21.91788466669836
68.60686068606861,21.425743160216552
68.61686168616862,20.951052366522408
68.62686268626862,20.49420629462889
68.63686368636864,20.055447968810434
68.64686468646865,19.635558939248337
68.65686568656866,19.235610446204962
68.66686668666867,18.856319499386068
68.67686768676867,18.498415277889727
68.68686868686869,18.16318310222851
68.6968696869687,17.852074137475284
68.70687068706872,17.566432382726124
68.71687168716872,17.308035076392404
68.72687268726872,17.079318509557453
68.73687368736874,16.882944551738113
68.74687468746875,16.721664391726158
68.75687568756877,16.598624194985984
68.76687668766877,16.517512214025558
68.77687768776877,16.4824794142017
68.78687868786879,16.498106465152393
68.7968796879688,16.569519352820343
68.80688068806882,16.702543738881257
68.81688168816882,16.903584881451415
68.82688268826882,17.179286862271802
68.83688368836884,17.536508907945688
68.84688468846885,17.982509510028777
68.85688568856887,18.524624334197505
68.86688668866887,19.169622620300135
68.87688768876887,19.923422522614366
68.8868886888689,20.790759174616767
68.8968896889689,21.774192313914966
68.90689068906892,22.873066102182392
68.91689168916892,24.082924666181267
68.92689268926893,25.394743734973936
68.93689368936894,26.793698755105623
68.94689468946895,28.258326811572925
68.95689568956897,29.760520273711847
68.96689668966897,31.265820807119095
68.97689768976898,32.73400249021106
68.986898689869,34.120828979756745
68.996899689969,35.381142593744556
69.00690069006902,36.47222820213476
69.01690169016902,37.35697266734654
69.02690269026903,38.0072541738321
69.03690369036904,38.407008534584236
69.04690469046905,38.55354343329947
69.05690569056907,38.45701646241812
69.06690669066907,38.138950356582384
69.07690769076908,37.62966090851185
69.0869086908691,36.96447858804082
69.0969096909691,36.18002096794898
69.1069106910691,35.311436187871195
69.11691169116912,34.39022980511429
69.12691269126913,33.44263889523339
69.13691369136914,32.489180484049406
69.14691469146915,31.5451569810871
69.15691569156915,30.62128581930873
69.16691669166917,29.724269364703474
69.17691769176918,28.857619944032532
69.1869186918692,28.022749761482274
69.1969196919692,27.21977022190086
69.2069206920692,26.447735442631455
69.21692169216922,25.70492740827126
69.22692269226923,24.989525673193167
69.23692369236925,24.29994869743141
69.24692469246925,23.634587287208895
69.25692569256925,22.991758378467708
69.26692669266927,22.370044467266982
69.27692769276928,21.768323411463072
69.2869286928693,21.18554991488643
69.2969296929693,20.620745682942776
69.3069306930693,20.073078476119036
69.31693169316932,19.541844643633283
69.32693269326933,19.026465782305397
69.33693369336935,18.526450417980325
69.34693469346935,18.041359371142995
69.35693569356935,17.570843255128523
69.36693669366937,17.114667624086557
69.37693769376938,16.672682037703648
69.3869386938694,16.244772629099693
69.3969396939694,15.830733352023456
69.4069406940694,15.430276034072039
69.41694169416942,15.043358553150936
69.42694269426943,14.670251809217786
69.43694369436945,14.311089775591576
69.44694469446945,13.965856373087508
69.45694569456946,13.63499113919879
69.46694669466947,13.319302925533323
69.47694769476948,13.019267425376482
69.4869486948695,12.735299595055844
69.4969496949695,12.468581955694711
69.5069506950695,12.22061222816888
69.51695169516952,11.992510884057346
69.52695269526953,11.785782266831498
69.53695369536955,11.60299212514858
69.54695469546955,11.44700094300131
69.55695569556956,11.320499045439739
69.56695669566957,11.226909896745155
69.57695769576958,11.170913225819046
69.58695869586958,11.157815581286478
69.5969596959696,11.19340809484838
69.6069606960696,11.284725812580033
69.61696169616962,11.440285273090158
69.62696269626963,11.66955666875311
69.63696369636963,11.983066645098157
69.64696469646965,12.392975301908544
69.65696569656966,12.913038665179787
69.66696669666968,13.558146597003628
69.67696769676968,14.344097269339684
69.68696869686968,15.287247479035438
69.6969696969697,16.40367044458826
69.7069706970697,17.70804553694343
69.71697169716973,19.21213734970224
69.72697269726973,20.922641625326026
69.73697369736973,22.83854397309136
69.74697469746975,24.948203958148603
69.75697569756976,27.22640637591761
69.76697669766978,29.63173566141805
69.77697769776978,32.10473086993453
69.78697869786978,34.56793913508555
69.7969796979698,36.928920775984885
69.80698069806981,39.08623654130034
69.81698169816983,40.938218193015985
69.82698269826983,42.39471150201902
69.83698369836983,43.389665205695024
69.84698469846985,43.89055973450105
69.85698569856986,43.90268528939376
69.86698669866988,43.46823293533132
69.87698769876988,42.65925138136392
69.88698869886989,41.56518904303784
69.8969896989699,40.27960523753596
69.90699069906991,38.88985152344804
69.91699169916993,37.46965170886854
69.92699269926993,36.07466017795847
69.93699369936994,34.74222908582815
69.94699469946995,33.49444329721028
69.95699569956996,32.34162851257139
69.96699669966998,31.28535011065579
69.97699769976998,30.32148319884788
69.98699869986999,29.443096067428854
69.99699969997,28.64215756631667
70.00700070007001,27.910211416556212
70.01700170017003,27.239121356734003
70.02700270027003,26.621881873971326
70.03700370037004,26.0526360207946
70.04700470047005,25.526311873418177
70.05700570057006,25.038828563079825
70.06700670067006,24.58734915030743
70.07700770077008,24.169851118271577
70.08700870087009,23.784741740189624
70.0970097009701,23.43101957221422
70.10701070107011,23.108299101719812
70.11701170117011,22.816462762718846
70.12701270127013,22.55557063587586
70.13701370137014,22.326173381065093
70.14701470147016,22.129438827390352
70.15701570157016,21.966756496834535
70.16701670167016,21.83936054886768
70.17701770177018,21.74867378252398
70.18701870187019,21.69661015776181
70.1970197019702,21.685115375267987
70.20702070207021,21.715929984423436
70.21702170217021,21.79107694953025
70.22702270227023,21.912823719044546
70.23702370237024,22.083033912248727
70.24702470247026,22.303196673458977
70.25702570257026,22.574841046638372
70.26702670267026,22.899178429813524
70.27702770277028,23.276603016579877
70.28702870287029,23.7067403021397
70.2970297029703,24.188442787564412
70.30703070307031,24.7195368295864
70.31703170317031,25.296608867986247
70.32703270327033,25.914783538808823
70.33703370337034,26.567581378052516
70.34703470347036,27.246949906104422
70.35703570357036,27.94323373656563
70.36703670367037,28.64526586067698
70.37703770377038,29.340723596916526
70.38703870387039,30.01637571524237
70.3970397039704,30.658244243212035
70.40704070407041,31.25236111244493
70.41704170417042,31.785675991186025
70.42704270427043,32.24645900971363
70.43704370437044,32.62467794997321
70.44704470447046,32.912705491056414
70.45704570457046,33.10572730428103
70.46704670467047,33.20174957073189
70.47704770477048,33.20163084131538
70.48704870487049,33.1089919455941
70.49704970497051,32.929824841005654
70.50705070507051,32.671938701353646
70.51705170517052,32.3442993278128
70.52705270527053,31.956476550006506
70.53705370537054,31.5183345749155
70.54705470547054,31.039572581597852
70.55705570557056,30.52909718550911
70.56705670567057,29.99477579156367
70.57705770577059,29.443693145135285
70.58705870587059,28.882207415299046
70.5970597059706,28.315675983575936
70.60706070607061,27.74844828437003
70.61706170617062,27.184068659247984
70.62706270627064,26.62541131469789
70.63706370637064,26.07481724876793
70.64706470647064,25.534248122003667
70.65706570657066,25.00526119897824
70.66706670667067,24.489036136989817
70.67706770677069,23.986674076797822
70.68706870687069,23.499287435473097
70.6970697069707,23.027756600588564
70.70707070707071,22.5728163222771
70.71707170717072,22.135459691562787
70.72707270727074,21.716791786964585
70.73707370737074,21.317650396656738
70.74707470747074,20.938865492957426
70.75707570757076,20.58159122722233
70.76707670767077,20.24712807437197
70.77707770777079,19.936816931025206
70.78707870787079,19.652296113972408
70.7970797079708,19.395537396641615
70.80708070807081,19.16863107305678
70.81708170817082,18.973723013348145
70.82708270827084,18.813139836775264
70.83708370837084,18.68960256501371
70.84708470847085,18.606373900328293
70.85708570857086,18.567051552860068
70.86708670867087,18.575308646811642
70.87708770877089,18.635067906643908
70.88708870887089,18.750730584096747
70.8970897089709,18.926957673882306
70.90709070907091,19.168373298964283
70.91709170917092,19.479685229865154
70.92709270927094,19.865775124989014
70.93709370937094,20.331175405232635
70.94709470947095,20.879471042681587
70.95709570957096,21.513359671106286
70.96709670967097,22.23464278566604
70.97709770977099,23.043310497214723
70.98709870987099,23.936622527835972
70.997099709971,24.909025115167353
71.00710071007101,25.9519117487609
71.01710171017102,27.05280623413552
71.02710271027102,28.19502400070907
71.03710371037104,29.35791382653754
71.04710471047105,30.517111033270517
71.05710571057107,31.64513891925832
71.06710671067107,32.71261204340743
71.07710771077107,33.68970113139345
71.08710871087109,34.54796452165813
71.0971097109711,35.26246900690131
71.10711071107112,35.81358570600029
71.11711171117112,36.18843114976065
71.12711271127112,36.38195841320355
71.13711371137114,36.39698539583877
71.14711471147115,36.243261602484594
71.15711571157117,35.9363704182165
71.16711671167117,35.49634261428263
71.17711771177117,34.94569813309792
71.1871187118712,34.30748475584507
71.1971197119712,33.60374671673785
71.20712071207122,32.85441495587058
71.21712171217122,32.07666031238168
71.22712271227122,31.284610333913204
71.23712371237124,30.489308705755008
71.24712471247125,29.699044754807037
71.25712571257127,28.919880333738785
71.26712671267127,28.15593505498829
71.27712771277128,27.409663529916
71.2871287128713,26.68245129799801
71.2971297129713,25.97509687422342
71.30713071307132,25.287778941889368
71.31713171317132,24.620068382158095
71.32713271327133,23.97140024586127
71.33713371337134,23.341360218048802
71.34713471347135,22.72942429330215
71.35713571357137,22.134888634392425
71.36713671367137,21.557213417742005
71.37713771377138,20.995997782412587
71.3871387138714,20.450701375317212
71.3971397139714,19.920853962337148
71.40714071407142,19.406276092013833
71.41714171417142,18.90673991871888
71.42714271427143,18.42182576528798
71.43714371437144,17.95127951198883
71.44714471447145,17.49507110357339
71.45714571457147,17.053113074049406
71.46714671467147,16.62530788183153
71.47714771477148,16.211746061828798
71.4871487148715,15.81258497153642
71.4971497149715,15.427904018709574
71.5071507150715,15.057864237577288
71.51715171517152,14.702874129673798
71.52715271527153,14.36346622477212
71.53715371537155,14.040185738495616
71.54715471547155,13.733781609589903
71.55715571557155,13.445302128562506
71.56715671567157,13.175868098867985
71.57715771577158,12.926709003886918
71.5871587158716,12.699554773914317
71.5971597159716,12.496615038343238
71.6071607160716,12.320265810890952
71.61716171617162,12.173274884848302
71.62716271627163,12.05919401398036
71.63716371637165,11.98218906821297
71.64716471647165,11.946913305176052
71.65716571657165,11.958925505684697
71.66716671667167,12.024895490248005
71.67716771677168,12.152366217424548
71.6871687168717,12.349867756045008
71.6971697169717,12.627304102733298
71.7071707170717,12.995840043800952
71.71717171717172,13.46765152329286
71.72717271727173,14.056141778815084
71.73717371737175,14.77582795755234
71.74717471747175,15.64144191899472
71.75717571757176,16.66726934949223
71.76717671767177,17.866716340221465
71.77717771777178,19.250801449017082
71.7871787178718,20.825911530982417
71.7971797179718,22.591958805729032
71.8071807180718,24.540249737763723
71.81718171817182,26.65039792121967
71.82718271827183,28.88762217831541
71.83718371837185,31.201536419145903
71.84718471847185,33.52608010384617
71.85718571857186,35.780924761893694
71.86718671867187,37.87589187608133
71.87718771877188,39.718672368580194
71.8871887188719,41.22425112092002
71.8971897189719,42.32478627734625
71.9071907190719,42.97902431112439
71.91719171917192,43.178541206079224
71.92719271927193,42.94819378592523
71.93719371937195,42.341380875156915
71.94719471947195,41.4317672061533
71.95719571957196,40.302343867305176
71.96719671967197,39.034433103254166
71.97719771977198,37.69996359782765
71.987198719872,36.35718188566395
71.997199719972,35.04861718495751
72.007200720072,33.80170423980293
72.01720172017203,32.631796847417085
72.02720272027203,31.54538988338978
72.03720372037203,30.54243478446711
72.04720472047205,29.61861601614561
72.05720572057206,28.7677824248925
72.06720672067208,27.983225280352027
72.07720772077208,27.257814664783865
72.08720872087208,26.584750524252645
72.0972097209721,25.958637962246964
72.10721072107211,25.375067542938158
72.11721172117213,24.829874659578454
72.12721272127213,24.319810584101802
72.13721372137213,23.84285398268468
72.14721472147215,23.39729715603393
72.15721572157216,22.981748054878263
72.16721672167218,22.59582516028577
72.17721772177218,22.2396284050239
72.18721872187218,21.913129556363543
72.1972197219722,21.616760432894257
72.20722072207221,21.351666083165608
72.21722172217223,21.11903013742719
72.22722272227223,20.919948535500794
72.23722372237224,20.756046012914997
72.24722472247225,20.62955279981921
72.25722572257226,20.542712702045804
72.26722672267228,20.49772690860734
72.27722772277228,20.497279239813142
72.28722872287229,20.544347072438903
72.2972297229723,20.641615465224106
72.30723072307231,20.79183557852735
72.31723172317233,20.99818443058789
72.32723272327233,21.263517667566255
72.33723372337234,21.59002207141343
72.34723472347235,21.97978311347001
72.35723572357236,22.434537427497965
72.36723672367238,22.95481108451497
72.37723772377238,23.539917288310132
72.38723872387239,24.188033233537155
72.3972397239724,24.89551223789961
72.40724072407241,25.65655070152303
72.41724172417243,26.463384848571224
72.42724272427243,27.305971362735047
72.43724372437244,28.171656797682726
72.44724472447245,29.045602641608717
72.45724572457246,29.911085722886977
72.46724672467248,30.74959103454853
72.47724772477248,31.541830880334317
72.48724872487249,32.26901208561568
72.4972497249725,32.91325298972266
72.50725072507251,33.45832337370855
72.51725172517251,33.89125158549819
72.52725272527253,34.20320129454201
72.53725372537254,34.38941002025735
72.54725472547256,34.44936314669397
72.55725572557256,34.38692282263156
72.56725672567256,34.2097540722803
72.57725772577258,33.92848659971998
72.58725872587259,33.55588689639758
72.5972597259726,33.10582484959531
72.60726072607261,32.59219146078002
72.61726172617261,32.02827913976292
72.62726272627263,31.42664732212952
72.63726372637264,30.7986778995433
72.64726472647266,30.15381155169122
72.65726572657266,29.499648746459915
72.66726672667266,28.84265163904857
72.67726772677268,28.18808609349372
72.68726872687269,27.539755409392633
72.6972697269727,26.900470887897598
72.70727072707271,26.27247669117316
72.71727172717272,25.657408407358613
72.72727272727273,25.056341160406248
72.73727372737274,24.469998907035112
72.74727472747276,23.89899357358658
72.75727572757276,23.343856353941284
72.76727672767277,22.804798423505993
72.77727772777278,22.281939075699242
72.78727872787279,21.775804153374256
72.7972797279728,21.286968649596467
72.80728072807281,20.81559142555573
72.81728172817282,20.361951764796697
72.82728272827283,19.926783165460982
72.83728372837284,19.51071948844116
72.84728472847286,19.114224794597526
72.85728572857286,18.738211771572274
72.86728672867287,18.384019997804348
72.87728772877288,18.052809725193573
72.88728872887289,17.745635624462032
72.89728972897291,17.46410087833722
72.90729072907291,17.210379754684034
72.91729172917292,16.986770982163065
72.92729272927293,16.79575032733772
72.93729372937294,16.64016755256898
72.94729472947296,16.523163339916486
72.95729572957296,16.44841483058235
72.96729672967297,16.42037863240532
72.97729772977299,16.44386634821324
72.98729872987299,16.5239543737218
72.997299729973,16.66659599354265
73.00730073007301,16.878472123875817
73.01730173017302,17.16623008504578
73.02730273027304,17.536719742154542
73.03730373037304,17.997483326384522
73.04730473047304,18.55598242874864
73.05730573057306,19.218781615093462
73.06730673067307,19.991757111507013
73.07730773077309,20.87969007123381
73.08730873087309,21.884809877721057
73.0973097309731,23.006044555173183
73.10731073107311,24.2386660858614
73.11731173117312,25.57293584787577
73.12731273127314,26.992843789080446
73.13731373137314,28.475920568762223
73.14731473147314,29.992990790433616
73.15731573157316,31.508035729335123
73.16731673167317,32.97960758008016
73.17731773177319,34.36314099142427
73.18731873187319,35.61309773474477
73.1973197319732,36.686178795281535
73.20732073207321,37.54585145039645
73.21732173217322,38.16569650129106
73.22732273227324,38.53106507787632
73.23732373237324,38.64074924071651
73.24732473247325,38.507384305576046
73.25732573257326,38.154744370775056
73.26732673267327,37.61423048451257
73.27732773277329,36.92210537000781
73.28732873287329,36.11584852377216
73.2973297329733,35.23047590760558
73.30733073307331,34.296890588553566
73.31733173317332,33.3410064979143
73.32733273327334,32.38282293282664
73.33733373337334,31.436773079685675
73.34733473347335,30.512806577328185
73.35733573357336,29.61699326767539
73.36733673367337,28.752410179798883
73.37733773377339,27.920370575150876
73.38733873387339,27.12081314624591
73.3973397339734,26.352372094610754
73.40734073407341,25.613232370392964
73.41734173417342,24.901786838189757
73.42734273427344,24.216220518998536
73.43734373437344,23.554505709035798
73.44734473447345,22.91517001065023
73.45734573457347,22.297058056852038
73.46734673467347,21.698693456296283
73.47734773477347,21.11892756899907
73.48734873487349,20.557272858564872
73.4973497349735,20.012971304417245
73.50735073507352,19.484965726258174
73.51735173517352,18.97273824158688
73.52735273527352,18.476070990873513
73.53735373537354,17.99449020962637
73.54735473547355,17.527524924464576
73.55735573557357,17.074894250264183
73.56735673567357,16.636368056955575
73.57735773577357,16.211884226941297
73.5873587358736,15.801538685311655
73.5973597359736,15.405289554450707
73.60736073607362,15.023081123311199
73.61736173617362,14.655118288465866
73.62736273627362,14.301621994908492
73.63736373637364,13.962801474336416
73.64736473647365,13.639223342287579
73.65736573657367,13.331565799535506
73.66736673667367,13.040422868853383
73.67736773677368,12.766860950340803
73.6873687368737,12.512294700893735
73.6973697369737,12.277948699405789
73.70737073707372,12.065467174900071
73.71737173717372,11.877263699899293
73.72737273727373,11.715833522808468
73.73737373737374,11.58400777061611
73.74737473747375,11.485676621603861
73.75737573757377,11.425276921166223
73.76737673767377,11.407550334948583
73.77737773777378,11.43844899718492
73.7873787378738,11.525243076603289
73.7973797379738,11.675850533208049
73.80738073807382,11.89925378059701
73.81738173817382,12.206233092744046
73.82738273827383,12.608907405675208
73.83738373837384,13.120364355917008
73.84738473847385,13.75509533347441
73.85738573857387,14.528580010909673
73.86738673867387,15.456326376949173
73.87738773877388,16.553772933872335
73.8873887388739,17.83541916254943
73.8973897389739,19.312396490903232
73.90739073907392,20.990616227112554
73.91739173917392,22.86913404698398
73.92739273927393,24.936860890333108
73.93739373937395,27.169191950988424
73.94739473947395,29.52604761042198
73.95739573957395,31.95017367923174
73.96739673967397,34.36666770816092
73.97739773977398,36.68610902869804
73.987398739874,38.810551862756725
73.997399739974,40.641583324847176
74.007400740074,42.09145770007358
74.01740174017402,43.09509552087522
74.02740274027403,43.61891109914443
74.03740374037405,43.665515389465476
74.04740474047405,43.273323242347416
74.05740574057405,42.5095363316346
74.06740674067407,41.45894762682231
74.07740774077408,40.21216484820616
74.0874087408741,38.85464486557406
74.0974097409741,37.458564924502184
74.1074107410741,36.0793190844648
74.11741174117412,34.75549472651879
74.12741274127413,33.51050009346047
74.13741374137415,32.35542646675658
74.14741474147415,31.29273831708219
74.15741574157416,30.319529801631052
74.16741674167417,29.429700913230224
74.17741774177418,28.615607341925475
74.1874187418742,27.869156589130963
74.1974197419742,27.182502698789204
74.2074207420742,26.548985800831648
74.21742174217422,25.963160585356615
74.22742274227423,25.419994804489008
74.23742374237425,24.91543126822899
74.24742474247425,24.446787407719555
74.25742574257426,24.011652091028537
74.26742674267427,23.608257234289713
74.27742774277428,23.236228183547794
74.2874287428743,22.895074120940983
74.2974297429743,22.584002393372224
74.3074307430743,22.303637762190796
74.31743174317432,22.055237118478633
74.32743274327433,21.839260434314458
74.33743374337435,21.65656822948441
74.34743474347435,21.509034609047255
74.35743574357436,21.39837398997969
74.36743674367438,21.32621108590276
74.37743774377438,21.294759394983704
74.3874387438744,21.306206611132144
74.3974397439744,21.362528206883557
74.4074407440744,21.46614402497152
74.41744174417443,21.619500666995595
74.42744274427443,21.82454088032294
74.43744374437443,22.083171256528537
74.44744474447445,22.39705406710666
74.45744574457446,22.767179300604173
74.46744674467448,23.19420742668985
74.47744774477448,23.677954563925645
74.48744874487448,24.216561910818292
74.4974497449745,24.80709225672701
74.50745074507451,25.445708493629454
74.51745174517453,26.126499984788868
74.52745274527453,26.84136759410807
74.53745374537453,27.5809909430644
74.54745474547455,28.33456529677664
74.55745574557456,29.08898722339895
74.56745674567458,29.829694172185828
74.57745774577458,30.541664366100843
74.58745874587459,31.20933064841089
74.5974597459746,31.817402997126447
74.60746074607461,32.35227066571391
74.61746174617463,32.80191185327823
74.62746274627463,33.15610258480772
74.63746374637464,33.40784444732344
74.64746474647465,33.55392742101025
74.65746574657466,33.59449771010691
74.66746674667468,33.53266996308572
74.67746774677468,33.374164730290964
74.68746874687469,33.127168166339416
74.6974697469747,32.80171929087029
74.70747074707471,32.40838785594724
74.71747174717473,31.957923974953598
74.72747274727473,31.46140939818811
74.73747374737474,30.929196883298413
74.74747474747475,30.370237047219803
74.75747574757476,29.792741058291604
74.76747674767478,29.20388478224002
74.77747774777478,28.60910744333836
74.78747874787479,28.013146673452287
74.7974797479748,27.420501765584845
74.80748074807481,26.834172412478047
74.81748174817483,26.256031615424718
74.82748274827483,25.68822791447539
74.83748374837484,25.132549261283074
74.84748474847486,24.589873388416155
74.85748574857486,24.06117471237241
74.86748674867488,23.54750944019677
74.87748774877488,23.049470838620053
74.88748874887489,22.56789624834382
74.8974897489749,22.10369447891377
74.90749074907491,21.65702541231678
74.91749174917491,21.22854012129545
74.92749274927493,20.819755866365718
74.93749374937494,20.431285446440686
74.94749474947496,20.063747119600077
74.95749574957496,19.719138866254937
74.96749674967496,19.398764502455094
74.97749774977498,19.103300330944144
74.98749874987499,18.834978121690227
74.997499749975,18.59607703947568
75.00750075007501,18.38804595607591
75.01750175017501,18.213614514473374
75.02750275027503,18.07623919497492
75.03750375037504,17.97871780556721
75.04750475047506,17.924488099825638
75.05750575057506,17.917788121289632
75.06750675067507,17.962645556593966
75.07750775077508,18.063691255708225
75.08750875087509,18.226227456604036
75.0975097509751,18.455196286159698
75.10751075107511,18.75603346344588
75.11751175117512,19.1347986037687
75.12751275127513,19.596451449514106
75.13751375137514,20.145480792993016
75.14751475147516,20.786739684189833
75.15751575157516,21.5232294565797
75.16751675167517,22.355517416020383
75.17751775177518,23.28286982665042
75.18751875187519,24.301460200465606
75.19751975197521,25.40306501888078
75.20752075207521,26.576190558420784
75.21752175217522,27.804809705189548
75.22752275227523,29.0670377638978
75.23752375237524,30.336954685923
75.24752475247526,31.584788741926786
75.25752575257526,32.77682125492241
75.26752675267527,33.8789718110124
75.27752775277528,34.858591431556114
75.28752875287529,35.684868639706835
75.29752975297531,36.33322128539393
75.30753075307531,36.78761212692313
75.31753175317532,37.03948638168772
75.32753275327534,37.089898235647745
75.33753375337534,36.950067439675
75.34753475347536,36.63747245545644
75.35753575357536,36.17454317898894
75.36753675367537,35.588007212832196
75.37753775377539,34.90478570639371
75.38753875387539,34.14993915803404
75.3975397539754,33.347096392204776
75.40754075407541,32.51638902557936
75.41754175417542,31.673146099764587
75.42754275427544,30.829837186645968
75.43754375437544,29.995993931511926
75.44754475447544,29.177244407020506
75.45754575457546,28.377556532372807
75.46754675467547,27.599896693428043
75.47754775477549,26.84491608225484
75.48754875487549,26.11264023462721
75.4975497549755,25.40320628600438
75.50755075507551,24.715593700371507
75.51755175517552,24.048866573712417
75.52755275527554,23.402511893520607
75.53755375537554,22.77506074124482
75.54755475547555,22.16552485856586
75.55755575557556,21.573965847555368
75.56755675567557,20.99940010360997
75.57755775577559,20.440564083220618
75.58755875587559,19.897402344522842
75.5975597559756,19.36944026816569
75.60756075607561,18.855731867082028
75.61756175617562,18.35630527238738
75.62756275627564,17.870820539090307
75.63756375637564,17.398346983689173
75.64756475647565,16.93894228914077
75.65756575657566,16.492428644719674
75.66756675667567,16.058025214336404
75.67756775677569,15.635900706376368
75.68756875687569,15.226000286792146
75.6975697569757,14.827563561537634
75.70757075707571,14.440672694053896
75.71757175717572,14.0654668334272
75.72757275727574,13.701546080785494
75.73757375737574,13.348962424063538
75.74757475747575,13.007684406864492
75.75757575757576,12.67750660986499
75.76757675767577,12.358849518476852
75.77757775777579,12.051685045166534
75.78757875787579,11.755665914547775
75.7975797579758,11.471798410863764
75.80758075807582,11.200829581588888
75.81758175817582,10.942496471269967
75.82758275827584,10.698047999449678
75.83758375837584,10.468851965643125
75.84758475847585,10.254926190449607
75.85758575857587,10.057970335434348
75.86758675867587,9.880328816218093
75.87758775877587,9.723015040016625
75.88758875887589,9.588876859974162
75.8975897589759,9.481756807854781
75.90759075907592,9.40402117603187
75.91759175917592,9.360069421693439
75.92759275927592,9.356317780952072
75.93759375937594,9.397783397615608
75.94759475947595,9.491290212270169
75.95759575957597,9.646911245020416
75.96759675967597,9.873780079717406
75.97759775977597,10.18242545382516
75.987598759876,10.58763112107894
75.997599759976,11.103905781218366
76.00760076007602,11.746921763835463
76.01760176017602,12.537006574691278
76.02760276027603,13.493807296791823
76.03760376037604,14.636244924403217
76.04760476047605,15.98569017311469
76.05760576057607,17.559885659852476
76.06760676067607,19.370641469408717
76.07760776077608,21.424717774716594
76.0876087608761,23.71685381665701
76.0976097609761,26.225697053090876
76.10761076107612,28.912144871736118
76.11761176117612,31.71346418393909
76.12761276127613,34.543095060613375
76.13761376137614,37.293429025756595
76.14761476147615,39.83909076138819
76.15761576157617,42.051302646974925
76.16761676167617,43.8130240744878
76.17761776177618,45.03098733629632
76.1876187618762,45.6563697440864
76.1976197619762,45.69309558287989
76.20762076207622,45.18938875729487
76.21762176217622,44.23707199713095
76.22762276227623,42.95591857663682
76.23762376237624,41.46349956032443
76.24762476247625,39.870903175878816
76.25762576257627,38.27429668954233
76.26762676267627,36.73534548474041
76.27762776277628,35.29530341076074
76.2876287628763,33.981970845815994
76.2976297629763,32.79775934414068
76.30763076307632,31.73934245352952
76.31763176317632,30.80330831602373
76.32763276327633,29.971905175999932
76.33763376337635,29.233617441620417
76.34763476347635,28.582421625404194
76.35763576357635,27.99971680842534
76.36763676367637,27.477816366594748
76.37763776377638,27.01512753956933
76.3876387638764,26.596800704237666
76.3976397639764,26.220063558555587
76.4076407640764,25.88625131623897
76.41764176417642,25.584237274629885
76.42764276427643,25.31505922167928
76.43764376437645,25.080649172867975
76.44764476447645,24.87268186178232
76.45764576457645,24.694288761867192
76.46764676467647,24.54755024443999
76.47764776477648,24.42696782865838
76.4876487648765,24.33548242799953
76.4976497649765,24.274638904585583
76.5076507650765,24.241226794857635
76.51765176517652,24.237299849237836
76.52765276527653,24.264202678368243
76.53765376537655,24.31980672931115
76.54765476547655,24.40551173761328
76.55765576557656,24.52258719071239
76.56765676567657,24.668438955267852
76.57765776577658,24.8434745073557
76.5876587658766,25.04831752693291
76.5976597659766,25.279779234220637
76.6076607660766,25.536762500797785
76.61766176617662,25.818769073298267
76.62766276627663,26.12246546673792
76.63766376637665,26.444218710128872
76.64766476647665,26.781511613057035
76.65766576657666,27.13037733025572
76.66766676667667,27.485186752421853
76.67766776677668,27.842165604154584
76.6876687668767,28.196627683114382
76.6976697669767,28.54226389306289
76.7076707670767,28.87418720592391
76.71767176717672,29.18678229455276
76.72767276727673,29.47437731600588
76.73767376737675,29.73203438693752
76.74767476747675,29.955376963557356
76.75767576757676,30.141656377836345
76.76767676767678,30.286950345328396
76.77767776777678,30.388236613210783
76.7876787678768,30.446044578947795
76.7976797679768,30.459764702718992
76.8076807680768,30.42829309180801
76.81768176817683,30.353780247687265
76.82768276827683,30.239152831829223
76.83768376837685,30.086330043351495
76.84768476847685,29.89811548501189
76.85768576857686,29.678282869141484
76.86768676867688,29.430471472363937
76.87768776877688,29.15825565234006
76.88768876887688,28.865261625084802
76.8976897689769,28.55531482424486
76.90769076907691,28.232219464405894
76.91769176917693,27.899074194561475
76.92769276927693,27.558665319387686
76.93769376937693,27.21417142887154
76.94769476947695,26.868673599847874
76.95769576957696,26.524500245195874
76.96769676967698,26.18350232072124
76.97769776977698,25.84764765463457
76.98769876987699,25.519150602759066
76.997699769977,25.200131313004004
77.00770077007701,24.892270619521806
77.01770177017703,24.596925557779148
77.02770277027703,24.315563718825018
77.03770377037704,24.04994978573331
77.04770477047705,23.801845846236397
77.05770577057706,23.572716030927914
77.06770677067708,23.36391798682053
77.07770777077708,23.176996493999727
77.08770877087709,23.01363489992278
77.0977097709771,22.875481052548054
77.10771077107711,22.764200982140288
77.11771177117713,22.681550362656846
77.12771277127713,22.629250203838506
77.13771377137714,22.608919402161536
77.14771477147715,22.62224108134688
77.15771577157716,22.67104048243715
77.16771677167718,22.757078022600062
77.17771777177718,22.881779140958603
77.18771877187719,23.046232568363322
77.1977197719772,23.251408336079773
77.20772077207721,23.4981432180108
77.21772177217723,23.786764107861476
77.22772277227723,24.116824248912764
77.23772377237724,24.487247200896924
77.24772477247726,24.896520565834408
77.25772577257726,25.342392541896974
77.26772677267728,25.821375646379252
77.27772777277728,26.328727981509402
77.28772877287729,26.858773266906493
77.2977297729773,27.404984009835097
77.30773077307731,27.959793566681657
77.31773177317733,28.514658848792052
77.32773277327733,29.060394256413424
77.33773377337734,29.587340346061268
77.34773477347736,30.08546233417103
77.35773577357736,30.544832114663944
77.36773677367736,30.956311400564694
77.37773777377738,31.311914833161666
77.38773877387739,31.60482961114166
77.3977397739774,31.829620552401202
77.40774077407741,31.982634132040864
77.41774177417741,32.062291427810045
77.42774277427743,32.06896772012577
77.43774377437744,32.00464417934225
77.44774477447746,31.87273532028727
77.45774577457746,31.67801060504947
77.46774677467747,31.42636999068441
77.47774777477748,31.124333452386576
77.48774877487749,30.7786944606496
77.4977497749775,30.39632762767891
77.50775077507751,29.98390924579023
77.51775177517752,29.547586873586134
77.52775277527753,29.09295224894342
77.53775377537754,28.625145818630084
77.54775477547756,28.148835378942938
77.55775577557756,27.668126223194403
77.56775677567757,27.18657808601116
77.57775777577758,26.707263493771006
77.58775877587759,26.23275821851911
77.59775977597761,25.765307976455325
77.60776077607761,25.30695908995539
77.61776177617762,24.859521138518286
77.62776277627763,24.424459684650206
77.63776377637764,24.002953311714915
77.64776477647766,23.59625923894098
77.65776577657766,23.20586826629349
77.66776677667767,22.833349710276284
77.67776777677769,22.480075581774916
77.68776877687769,22.147207161876363
77.69776977697771,21.836006204198974
77.70777077707771,21.547998590565573
77.71777177717772,21.284860851933022
77.72777277727774,21.04834215898913
77.73777377737774,20.8403397063827
77.74777477747776,20.662918043543115
77.75777577757776,20.518212838223615
77.76777677767777,20.40849226975235
77.77777777777779,20.336325375710736
77.78777877787779,20.30459043738491
77.79777977797781,20.316314569201765
77.80778077807781,20.37455034864789
77.81778177817782,20.482382284114202
77.82778277827784,20.64294217719221
77.83778377837784,20.859312682057933
77.84778477847784,21.134403474866858
77.85778577857786,21.470907311937243
77.86778677867787,21.871210192152652
77.87778777877789,22.337062449629855
77.88778877887789,22.869183829251345
77.8977897789779,23.467014139974893
77.90779077907791,24.128572166699016
77.91779177917792,24.850200700332604
77.92779277927794,25.626238242008764
77.93779377937794,26.448778188206745
77.94779477947795,27.307495763236872
77.95779577957796,28.189537821636375
77.96779677967797,29.07963895241286
77.97779777977799,29.960535003459363
77.98779877987799,30.813488981273853
77.997799779978,31.618856149285158
78.00780078007801,32.356967458240085
78.01780178017802,33.00935040081922
78.02780278027804,33.55987901641254
78.03780378037804,33.995577790696316
78.04780478047805,34.307252950083495
78.05780578057806,34.49009320870605
78.06780678067807,34.5440113392238
78.07780778077809,34.47339854015719
78.08780878087809,34.286417608049355
78.0978097809781,33.994116404601755
78.10781078107811,33.60963559138683
78.11781178117812,33.147318636528226
78.12781278127814,32.62167188820345
78.13781378137814,32.04646425962107
78.14781478147815,31.434267823740726
78.15781578157817,30.79628037544164
78.16781678167817,30.1421179235273
78.17781778177819,29.479734742274136
78.18781878187819,28.815507973598663
78.1978197819782,28.154384636747096
78.20782078207822,27.500112046891605
78.21782178217822,26.85553624957325
78.22782278227824,26.222772776274883
78.23782378237824,25.603339752626294
78.24782478247825,24.998265530498383
78.25782578257827,24.408225972619952
78.26782678267827,23.833680245618893
78.27782778277829,23.275026182535083
78.2878287828783,22.732637452883917
78.2978297829783,22.206774366436385
78.30783078307832,21.697553325751088
78.31783178317832,21.20517223307657
78.32783278327832,20.73010973501786
78.33783378337834,20.27297278351175
78.34783478347835,19.834221350636962
78.35783578357837,19.414199572712327
78.36783678367837,19.013399132713474
78.37783778377838,18.63264153080927
78.3878387838784,18.273062064840012
78.3978397839784,17.935951395158877
78.40784078407842,17.622664439195205
78.41784178417842,17.33471004497866
78.42784278427843,17.07384670554445
78.43784378437844,16.842134465763692
78.44784478447845,16.6420152138571
78.45784578457847,16.476324136695474
78.46784678467847,16.348206310893048
78.47784778477848,16.261229018448944
78.4878487848785,16.219630862243445
78.4978497849785,16.22829855712189
78.50785078507852,16.292527606592138
78.51785178517852,16.41804277469949
78.52785278527853,16.61119549605527
78.53785378537854,16.87886283650674
78.54785478547855,17.228180739759587
78.55785578557857,17.666570249276702
78.56785678567857,18.201765184463138
78.57785778577858,18.84129431409943
78.5878587858786,19.591739152059734
78.5978597859786,20.45830043459716
78.60786078607862,21.44435044257682
78.61786178617862,22.55048250612149
78.62786278627863,23.773301515801737
78.63786378637865,25.10435382529336
78.64786478647865,26.529297461777205
78.65786578657867,28.027323301388968
78.66786678667867,29.570734086926237
78.67786778677868,31.124721116609898
78.6878687868787,32.647948574412695
78.6978697869787,34.09452093317084
78.70787078707872,35.41701565216472
78.71787178717872,36.56991709548059
78.72787278727873,37.513210899157855
78.73787378737875,38.21592496789744
78.74787478747875,38.659178050464696
78.75787578757877,38.83817836334235
78.76787678767877,38.7624757527699
78.77787778777878,38.45415591503344
78.7878787878788,37.94458419187697
78.7978797879788,37.270671515437186
78.8078807880788,36.471183265807824
78.81788178817882,35.58343107758398
78.82788278827883,34.640841467249274
78.83788378837885,33.671481119853446
78.84788478847885,32.697302368045115
78.85788578857886,31.734231842002153
78.86788678867887,30.793158256040133
78.87788778877888,29.881102642881718
78.8878887888789,29.00188781752622
78.8978897889789,28.15671004223702
78.9078907890789,27.345134546969366
78.91789178917892,26.566029654682687
78.92789278927893,25.81786128921079
78.93789378937895,25.098700461106816
78.94789478947895,24.406506540220352
78.95789578957896,23.73945299716037
78.96789678967897,23.09585342673965
78.97789778977898,22.474020996807457
78.987898789879,21.872506132683394
78.997899789979,21.29031814105112
79.007900790079,20.72671398048199
79.01790179017902,20.180925239711126
79.02790279027903,19.652177878640302
79.03790379037905,19.139778588699794
79.04790479047905,18.6431665598435
79.05790579057906,18.16203892578454
79.06790679067907,17.696337227946824
79.07790779077908,17.245970364622597
79.0879087908791,16.810616604822776
79.0979097909791,16.38991331855575
79.1079107910791,15.983822325215504
79.11791179117913,15.592690429176692
79.12791279127913,15.216955361261595
79.13791379137915,14.856924136201686
79.14791479147915,14.51284544439415
79.15791579157916,14.185122783137139
79.16791679167918,13.874473674865522
79.17791779177918,13.581924038317528
79.1879187918792,13.308649772020866
79.1979197919792,13.055936617858219
79.20792079207921,12.825389127077676
79.21792179217923,12.619108873743556
79.22792279227923,12.439676037506883
79.23792379237925,12.290022257973627
79.24792479247925,12.173377512240268
79.25792579257926,12.09354406885245
79.26792679267928,12.0552908715763
79.27792779277928,12.064356377120978
79.28792879287928,12.127228018230653
79.2979297929793,12.251275237310873
79.30793079307931,12.445079792112788
79.31793179317933,12.718468842608546
79.32793279327933,13.082402076008954
79.33793379337934,13.548973254273138
79.34793479347935,14.131360347007824
79.35793579357936,14.843616185105128
79.36793679367938,15.700307570300971
79.37793779377938,16.715844718726427
79.38793879387939,17.90340668138052
79.3979397939794,19.273587836239805
79.40794079407941,20.83276757749993
79.41794179417943,22.581033348779535
79.42794279427943,24.50970132008129
79.43794379437944,26.598714043327707
79.44794479447945,28.814257041361184
79.45794579457946,31.107076556794816
79.46794679467948,33.412165817732905
79.47794779477948,35.65051267772931
79.48794879487949,37.733500125468495
79.4979497949795,39.570098900885554
79.50795079507951,41.076124537660576
79.51795179517953,42.18414385823173
79.52795279527953,42.852412220619826
79.53795379537954,43.0709332679763
79.54795479547955,42.862680006935356
79.55795579557956,42.27927127628437
79.56795679567958,41.39234001024384
79.57795779577958,40.283000908170706
79.58795879587959,39.03176068270454
79.5979597959796,37.71041979251312
79.60796079607961,36.376934247803646
79.61796179617963,35.0737455546683
79.62796279627963,33.82895125699119
79.63796379637964,32.658763278612234
79.64796479647966,31.57020389212629
79.65796579657966,30.56376474321962
79.66796679667968,29.635732420233076
79.67796779677968,28.780032779914354
79.68796879687969,27.989712939629236
79.6979697969797,27.25794903430262
79.70797079707971,26.57847945573381
79.71797179717973,25.94578057511612
79.72797279727973,25.355213566279538
79.73797379737974,24.803015728449733
79.74797479747976,24.28614445998407
79.75797579757976,23.802152566381693
79.76797679767976,23.349157612134203
79.77797779777978,22.925934659437615
79.78797879787979,22.53201461895746
79.7979797979798,22.167481272494307
79.80798079807981,21.83261745261047
79.81798179817982,21.5278470427134
79.82798279827983,21.253877195058713
79.83798379837984,21.01177930838868
79.84798479847986,20.803029856084898
79.85798579857986,20.629408485453304
79.86798679867987,20.492819256119333
79.87798779877988,20.395390284734834
79.88798879887989,20.33962022515832
79.8979897989799,20.328184479226124
79.90799079907991,20.363791054616847
79.91799179917992,20.449350056313964
79.92799279927993,20.588036508040485
79.93799379937994,20.783082870366243
79.94799479947996,21.037527960060824
79.95799579957996,21.35404089942735
79.96799679967997,21.734852145847448
79.97799779977998,22.181711489012795
79.98799879987999,22.69566063039578
79.99799979998001,23.276644310849928
80.00800080008001,23.923213617581514
80.01800180018002,24.632323968881312
80.02800280028003,25.398922376515724
80.03800380038004,26.215513557576084
80.04800480048006,27.07216491261218
80.05800580058006,27.956662152899792
80.06800680068007,28.85440851840738
80.07800780078009,29.74849246176718
80.08800880088009,30.62016709660211
80.09800980098011,31.449493666961793
80.10801080108011,32.216300488723675
80.11801180118012,32.90142092749652
80.12801280128014,33.48773512992432
80.13801380138014,33.96099464124813
80.14801480148016,34.31064629945374
80.15801580158016,34.530606959630184
80.16801680168017,34.6196898832242
80.17801780178019,34.581277777214225
80.18801880188019,34.42254836806701
80.19801980198021,34.1539465144936
80.20802080208021,33.788522574351575
80.21802180218022,33.34066363689259
80.22802280228024,32.824980410244365
80.23802380238024,32.255736136273285
80.24802480248024,31.64623061088641
80.25802580258026,31.00825682541968
80.26802680268027,30.352006741943793
80.27802780278029,29.685969849344254
80.28802880288029,29.016796993657316
80.2980298029803,28.34966763381038
80.30803080308031,27.688761269001198
80.31803180318032,27.037267439712153
80.32803280328034,26.397388871205827
80.33803380338034,25.770658034340194
80.34803480348035,25.158180525956727
80.35803580358036,24.56068940325001
80.36803680368037,23.978653792843907
80.37803780378039,23.412453405134933
80.38803880388039,22.86247462345588
80.3980398039804,22.329047354494502
80.40804080408041,21.812330031544906
80.41804180418042,21.312430350093216
80.42804280428044,20.829623549649796
80.43804380438044,20.36426801574147
80.44804480448045,19.916686846945687
80.45804580458046,19.48740107205548
80.46804680468047,19.07724206547007
80.47804780478049,18.68706054173061
80.48804880488049,18.317622790335694
80.4980498049805,17.96985038312461
80.50805080508052,17.644957893315503
80.51805180518052,17.34443866400983
80.52805280528054,17.070027086245826
80.53805380538054,16.823661231301195
80.54805480548055,16.607540822642644
80.55805580558057,16.424255638210084
80.56805680568057,16.276888052509108
80.57805780578059,16.169069269010514
80.58805880588059,16.104849221198915
80.5980598059806,16.088527828762402
80.60806080608062,16.12488252439664
80.61806180618062,16.21953953493488
80.62806280628064,16.378882240808537
80.63806380638064,16.609715616287932
80.64806480648065,16.919181998344605
80.65806580658067,17.31480011186199
80.66806680668067,17.804369198614754
80.67806780678069,18.395645714531913
80.6880688068807,19.095789531920467
80.6980698069807,19.91089145306753
80.70807080708072,20.845623711707283
80.71807180718072,21.902457074828217
80.72807280728072,23.080370296052624
80.73807380738074,24.373636420583566
80.74807480748075,25.77093015366087
80.75807580758077,27.254601498676454
80.76807680768077,28.800022113328318
80.77807780778078,30.37515072415829
80.7880788078808,31.94088542551823
80.7980798079808,33.452622368597844
80.80808080808082,34.862620579934955
80.81808180818082,36.122852015565954
80.82808280828083,37.18869778600523
80.83808380838084,38.02323139079593
80.84808480848085,38.600937831716735
80.85808580858087,38.9101340819772
80.86808680868087,38.953789683983345
80.87808780878088,38.74856273844413
80.8880888088809,38.3224153653674
80.8980898089809,37.71122852479498
80.90809080908092,36.954665573798614
80.91809180918092,36.09211195722268
80.92809280928093,35.159665415111014
80.93809380938094,34.1884138766581
80.94809480948095,33.20366790100673
80.95809580958097,32.224651514647675
80.96809680968097,31.2646613289741
80.97809780978098,30.332141983058168
80.988098809881,29.432172496856357
80.998099809981,28.567246001668586
81.00810081008102,27.737572004201436
81.01810181018102,26.941824169342702
81.02810281028103,26.178173288458705
81.03810381038105,25.4448712498803
81.04810481048105,24.740167678472393
81.05810581058107,24.06205049284125
81.06810681068107,23.40845243261888
81.07810781078108,22.777659200154627
81.0881088108811,22.168248438293567
81.0981098109811,21.578888992269878
81.10811081108112,21.00847535287215
81.11811181118112,20.456230467019473
81.12811281128113,19.921606199329275
81.13811381138115,19.404160437475998
81.14811481148115,18.903321607831234
81.15811581158117,18.41836100673664
81.16811681168117,17.94888722611417
81.17811781178118,17.49500930386799
81.1881188118812,17.056758921063512
81.1981198119812,16.63390625573469
81.2081208120812,16.22642326626054
81.21812181218122,15.83457978985109
81.22812281228123,15.458646312551757
81.23812381238125,15.098838307371459
81.24812481248125,14.75557276290951
81.25812581258126,14.42971997250107
81.26812681268127,14.122391629802818
81.27812781278128,13.834540072264936
81.2881288128813,13.567149038732598
81.2981298129813,13.321653160163317
81.3081308130813,13.100020805463851
81.31813181318132,12.90470506831649
81.32813281328133,12.738425967312235
81.33813381338135,12.60411612649694
81.34813481348135,12.505498742265578
81.35813581358136,12.447303667917149
81.36813681368137,12.434745600852235
81.37813781378138,12.473496309435621
81.3881388138814,12.570212658211044
81.3981398139814,12.73288397348117
81.4081408140814,12.970900611037198
81.41814181418142,13.294626246860046
81.42814281428143,13.715140639995061
81.43814381438145,14.244753189483609
81.44814481448145,14.896871601132858
81.45814581458146,15.685134901749487
81.46814681468148,16.62309685967977
81.47814781478148,17.723583980846538
81.4881488148815,18.99747170081372
81.4981498149815,20.452456296028906
81.5081508150815,22.090642498967718
81.51815181518153,23.905942995765443
81.52815281528153,25.88272878896524
81.53815381538155,27.993526264478895
81.54815481548155,30.196329790024887
81.55815581558156,32.434307904569785
81.56815681568158,34.63685011353127
81.57815781578158,36.72234341198117
81.5881588158816,38.604410538501476
81.5981598159816,40.19970446442627
81.60816081608161,41.43668689041246
81.61816181618163,42.265201282950684
81.62816281628163,42.66320696523495
81.63816381638165,42.63926361223986
81.64816481648165,42.230933206471065
81.65816581658166,41.498371297019986
81.66816681668168,40.51516077537775
81.67816781678168,39.35862759721727
81.68816881688169,38.10088340862052
81.6981698169817,36.8030524176949
81.70817081708171,35.51282329021134
81.71817181718173,34.26374349638205
81.72817281728173,33.07657208787897
81.73817381738174,31.962306134525996
81.74817481748175,30.924816685147906
81.75817581758176,29.962726823439947
81.76817681768178,29.07154258039168
81.77817781778178,28.24548916730941
81.78817881788179,27.478378230066102
81.7981798179818,26.764099755813344
81.80818081808181,26.09706068103653
81.81818181818183,25.47252009240371
81.82818281828183,24.88661830876052
81.83818381838184,24.336106309319213
81.84818481848185,23.81823040876338
81.85818581858186,23.331013016520213
81.86818681868188,22.873413348436316
81.87818781878188,22.44489092464081
81.88818881888189,22.044935104232376
81.8981898189819,21.673289351126257
81.90819081908191,21.33027637515801
81.91819181918193,21.01667134070097
81.92819281928193,20.733437395399363
81.93819381938194,20.48176938079082
81.94819481948196,20.26328455261847
81.95819581958196,20.07990010755971
81.96819681968198,19.933686829829853
81.97819781978198,19.826981690223015
81.98819881988199,19.76245132756896
81.998199819982,19.743036323469298
82.00820082008201,19.771856069606677
82.01820182018203,19.85215399708935
82.02820282028203,19.987341428773355
82.03820382038204,20.18098472188096
82.04820482048206,20.43675899932606
82.05820582058206,20.75830015558467
82.06820682068208,21.148874472702996
82.07820782078208,21.610999939088067
82.08820882088209,22.146294138629646
82.0982098209821,22.75548689926117
82.10821082108211,23.438050799856004
82.11821182118213,24.191508929998708
82.12821282128213,25.0110473189852
82.13821382138214,25.88951004345484
82.14821482148216,26.817255260515022
82.15821582158216,27.781618837161027
82.16821682168218,28.766548198301564
82.17821782178218,29.753057913605268
82.18821882188219,30.72014940300605
82.1982198219822,31.645467826590433
82.20822082208221,32.50581023456766
82.21822182218222,33.278383025150355
82.22822282228223,33.942737890337014
82.23822382238224,34.482077063874385
82.24822482248226,34.88366911286738
82.25822582258226,35.13948882370478
82.26822682268227,35.24748116320943
82.27822782278228,35.21185494003932
82.28822882288229,35.04154528857518
82.29822982298231,34.748716425348846
82.30823082308231,34.348401881012364
82.31823182318232,33.85797636325503
82.32823282328233,33.29519546850735
82.33823382338234,32.67637082870812
82.34823482348236,32.01615818824536
82.35823582358236,31.32797230062087
82.36823682368237,30.62347036599387
82.37823782378238,29.911809823170174
82.38823882388239,29.199836049473756
82.39823982398241,28.492857860724573
82.40824082408241,27.795098444369245
82.41824182418242,27.109666721229818
82.42824282428244,26.438461646014296
82.43824382438244,25.782412887952912
82.44824482448246,25.14211731593152
82.45824582458246,24.51820986384488
82.46824682468247,23.91100364323967
82.47824782478249,23.320313818069465
82.48824882488249,22.745969513435327
82.49824982498251,22.1881890960028
82.50825082508251,21.647129121545234
82.51825182518252,21.122544375036544
82.52825282528254,20.614215296550714
82.53825382538254,20.122348916778858
82.54825482548256,19.647166466211647
82.55825582558256,19.188644556943924
82.56825682568257,18.74699964642449
82.57825782578259,18.323051385268485
82.58825882588259,17.917596036185873
82.59825982598261,17.530876785659935
82.60826082608261,17.16316999281495
82.61826182618262,16.81558121347406
82.62826282628264,16.48976705114432
82.63826382638264,16.187066821374454
82.64826482648266,15.908598847874622
82.65826582658266,15.656122235226023
82.66826682668267,15.43221836379803
82.67826782678269,15.23957063772998
82.68826882688269,15.080735975551653
82.6982698269827,14.958904917101083
82.70827082708271,14.878404165170444
82.71827182718272,14.844197384989464
82.72827282728274,14.861298895694718
82.73827382738274,14.935182123387657
82.74827482748275,15.072470528776808
82.75827582758276,15.280809868644726
82.76827682768277,15.5682541141799
82.77827782778279,15.943269948077145
82.78827882788279,16.41516374669332
82.7982798279828,16.99388554972616
82.80828082808281,17.68911171512729
82.81828182818282,18.509573449063545
82.82828282828284,19.462866372733142
82.83828382838284,20.55481684885231
82.84828482848285,21.788139515153134
82.85828582858286,23.16101002553834
82.86828682868287,24.665798195274473
82.87828782878289,26.287664488030007
82.88828882888289,28.003089904063614
82.8982898289829,29.779000455187628
82.90829082908292,31.572976209086214
82.91829182918292,33.334376981408894
82.92829282928294,35.00623441431512
82.93829382938294,36.52854008027124
82.94829482948295,37.84328867809043
82.95829582958297,38.900241361664705
82.96829682968297,39.661879620458826
82.97829782978299,40.10719804299051
82.98829882988299,40.234195143646104
82.998299829983,40.0600289638455
83.00830083008302,39.61793938481284
83.01830183018302,38.95209336168296
83.02830283028304,38.1122438299857
83.03830383038304,37.148719055785335
83.04830483048305,36.10786879575838
83.05830583058307,35.029008894103505
83.06830683068307,33.943389112237156
83.07830783078309,32.87418728181724
83.0883088308831,31.836926050961445
83.0983098309831,30.84062002519761
83.10831083108312,29.889492869276545
83.11831183118312,28.98464596260976
83.12831283128314,28.125298077569184
83.13831383138314,27.309413989101422
83.14831483148315,26.534012097276303
83.15831583158317,25.79572883948801
83.16831683168317,25.09143214566142
83.17831783178318,24.418391477868724
83.1883188318832,23.774037448008258
83.1983198319832,23.15607112046331
83.20832083208322,22.56284889826593
83.21832183218322,21.993241002405483
83.22832283228323,21.44614814167627
83.23832383238324,20.92044978483628
83.24832483248325,20.41542842436639
83.25832583258327,19.930849286269623
83.26832683268327,19.46656303399847
83.27832783278328,19.02241030761749
83.2883288328833,18.59853501433907
83.2983298329833,18.19548131076791
83.30833083308332,17.81390086627682
83.31833183318332,17.454433954601164
83.32833283328333,17.117914933291328
83.33833383338334,16.805546459741013
83.34833483348335,16.51886333539504
83.35833583358337,16.259596205572464
83.36833683368337,16.029756146717965
83.37833783378338,15.831872169982137
83.3883388338834,15.66889056970107
83.3983398339834,15.543982316241127
83.40834083408342,15.460808899515355
83.41834183418342,15.42387186480593
83.42834283428343,15.438356376316861
83.43834383438345,15.509873323755459
83.44834483448345,15.644603878380087
83.45834583458347,15.849547355572904
83.46834683468347,16.13242306170853
83.47834783478348,16.50134912809922
83.4883488348835,16.964721760493426
83.4983498349835,17.53129806253905
83.50835083508352,18.20989501718585
83.51835183518352,19.008549830312738
83.52835283528353,19.933721900500778
83.53835383538355,20.989776446752675
83.54835483548355,22.178243844262695
83.55835583558357,23.496523173021327
83.56835683568357,24.936393366220763
83.57835783578358,26.482789085359638
83.5883588358836,28.112866138135686
83.5983598359836,29.795269228566465
83.60836083608362,31.490036661157493
83.61836183618362,33.14984227800672
83.62836283628363,34.72243405810109
83.63836383638365,36.15355728756989
83.64836483648365,37.390669246641004
83.65836583658366,38.38790781105361
83.66836683668367,39.11112100484263
83.67836783678368,39.54134783993936
83.6883688368837,39.67639873745555
83.6983698369837,39.530643565470456
83.7083708370837,39.13287047295719
83.71837183718372,38.522316681300886
83.72837283728373,37.743620553438646
83.73837383738375,36.842025247985376
83.74837483748375,35.859805056087936
83.75837583758376,34.83376703935601
83.76837683768377,33.79361503433631
83.77837783778378,32.76155117017115
83.7883788378838,31.753070592655014
83.7983798379838,30.77816863131378
83.8083808380838,29.842316524760076
83.81838183818383,28.947406212635485
83.82838283828383,28.093116918559296
83.83838383838385,27.27810070520978
83.84838483848385,26.500206605929375
83.85838583858386,25.75658832440587
83.86838683868388,25.044535771280493
83.87838783878388,24.36196208967877
83.8883888388839,23.70685837712743
83.8983898389839,23.07697101114379
83.9083908390839,22.470355194376502
83.91839183918393,21.885734963153077
83.92839283928393,21.322130596560065
83.93839383938395,20.77851253175365
83.94839483948395,20.253991065339125
83.95839583958396,19.74815883683759
83.96839683968398,19.260957712090644
83.97839783978398,18.792159946151237
83.988398839884,18.34136810217927
83.998399839984,17.908596620490872
84.00840084008401,17.494331075127423
84.01840184018403,17.098974363027903
84.02840284028403,16.722739858740834
84.03840384038405,16.36613870657429
84.04840484048405,16.030205694547814
84.05840584058406,15.716139500345
84.06840684068408,15.42511071155224
84.07840784078408,15.158701222384494
84.0884088408841,14.91903910474634
84.0984098409841,14.708306082516126
84.10841084108411,14.528863297470304
84.11841184118413,14.383899057676938
84.12841284128413,14.27732534265931
84.13841384138414,14.213424072517139
84.14841484148415,14.197028285883883
84.15841584158416,14.233662691094054
84.16841684168418,14.329591519656901
84.17841784178418,14.492042629894563
84.18841884188419,14.729205176355215
84.1984198419842,15.05003995411304
84.20842084208421,15.464217725846753
84.21842184218423,15.982033898122781
84.22842284228423,16.614135124912966
84.23842384238424,17.371052000692938
84.24842484248425,18.26274091181454
84.25842584258426,19.29792734425223
84.26842684268428,20.482748503209557
84.27842784278428,21.81953162881441
84.28842884288429,23.305974861961936
84.2984298429843,24.933105417174726
84.30843084308431,26.68288447392135
84.31843184318433,28.527566679144687
84.32843284328433,30.429236931006297
84.33843384338434,32.33890113305488
84.34843484348436,34.197843923275606
84.35843584358436,35.94134635538435
84.36843684368438,37.50307227583005
84.37843784378438,38.82047627718592
84.38843884388439,39.841264856789664
84.3984398439844,40.5295082894002
84.40844084408441,40.86985694593871
84.41844184418443,40.86887815912447
84.42844284428443,40.553616416750096
84.43844384438444,39.96756649168434
84.44844484448446,39.164375312443255
84.45844584458446,38.201087475024465
84.46844684468448,37.13265644239036
84.47844784478448,36.007718713203765
84.48844884488449,34.86564759461274
84.4984498449845,33.735761488846144
84.50845084508451,32.638387177784765
84.51845184518453,31.58627125246056
84.52845284528453,30.585963131770043
84.53845384538454,29.639488427561965
84.54845484548456,28.745892524004436
84.55845584558456,27.902433081077838
84.56845684568458,27.1055590264807
84.57845784578458,26.35143038277214
84.58845884588459,25.636177307439134
84.5984598459846,24.956359308000625
84.60846084608461,24.309085140446413
84.61846184618462,23.69161085758418
84.62846284628463,23.101533491993624
84.63846384638464,22.537372722028135
84.64846484648466,21.998162283582747
84.65846584658466,21.48281526739359
84.66846684668467,20.990534782424472
84.67846784678468,20.521113099390874
84.68846884688469,20.07435503688788
84.69846984698471,19.650012975073373
84.70847084708471,19.24846768977165
84.71847184718472,18.870777475767355
84.72847284728473,18.51800760608827
84.73847384738474,18.190963701216692
84.74847484748476,17.890712101589184
84.75847584758476,17.6190465965127
84.76847684768477,17.378078928868103
84.77847784778479,17.16973249282934
84.78847884788479,16.996333646630244
84.79847984798481,16.86130896075825
84.80848084808481,16.76853620358615
84.81848184818482,16.721600212957703
84.82848284828484,16.72455853685088
84.83848384838484,16.782723145767996
84.84848484848486,16.901812166243005
84.85848584858486,17.08725538833363
84.86848684868487,17.345151491710546
84.87848784878489,17.682768610965606
84.88848884888489,18.107368183516293
84.89848984898491,18.625450480843618
84.90849084908491,19.243275958906132
84.91849184918492,19.96686369198557
84.92849284928494,20.800922822853938
84.93849384938494,21.747989298488307
84.94849484948496,22.80783064191809
84.95849584958496,23.97651473175621
84.96849684968497,25.245526729790118
84.97849784978499,26.60110946151109
84.98849884988499,28.02353226067854
84.99849984998501,29.486613172913057
85.00850085008501,30.957940887227615
85.01850185018502,32.399596032148665
85.02850285028504,33.76948586738056
85.03850385038504,35.023864569238995
85.04850485048506,36.12075314498237
85.05850585058506,37.02340170788986
85.06850685068507,37.703383422664515
85.07850785078509,38.142986962839146
85.08850885088509,38.33663195634293
85.0985098509851,38.291310879683934
85.10851085108511,38.02567460278998
85.11851185118512,37.56730689260617
85.12851285128514,36.94908118006709
85.13851385138514,36.206060469402196
85.14851485148515,35.37277151358683
85.15851585158516,34.48034301776299
85.16851685168517,33.55484661937989
85.17851785178519,32.61751107844778
85.18851885188519,31.684972384932045
85.1985198519852,30.768726380345175
85.20852085208521,29.875701910580844
85.21852185218522,29.010328597146543
85.22852285228524,28.175353773111162
85.23852385238524,27.37118660748901
85.24852485248525,26.596587750127014
85.25852585258527,25.85047565956894
85.26852685268527,25.131884391466333
85.27852785278529,24.438864814508538
85.28852885288529,23.769269596821246
85.2985298529853,23.122021552348922
85.30853085308532,22.496214190945913
85.31853185318532,21.89008330684251
85.32853285328534,21.302132044276757
85.33853385338534,20.732022054243092
85.34853485348535,20.179414361274205
85.35853585358537,19.643129666050058
85.36853685368537,19.12207819361718
85.37853785378539,18.6159720997193
85.3885388538854,18.124687285267797
85.3985398539854,17.647635114874046
85.40854085408542,17.184128688149922
85.41854185418542,16.733989403834954
85.42854285428544,16.297361467456636
85.43854385438544,15.874025110268368
85.44854485448545,15.463382419281393
85.45854585458547,15.065156453656954
85.46854685468547,14.679563096587259
85.47854785478549,14.306772391417867
85.4885488548855,13.946674435130783
85.4985498549855,13.599150509496303
85.50855085508552,13.264306497736227
85.51855185518552,12.94248827385494
85.52855285528554,12.634154295981938
85.53855385538554,12.339781047937652
85.54855485548555,12.059971021847888
85.55855585558557,11.795544837851907
85.56855685568557,11.54741369947421
85.57855785578558,11.31665190657158
85.5885588558856,11.104838888530326
85.5985598559856,10.91397969582976
85.60856085608562,10.746206871372273
85.61856185618562,10.603949505660067
85.62856285628563,10.4903155052438
85.63856385638564,10.409117486474726
85.64856485648565,10.364843764359586
85.65856585658567,10.362855896831004
85.66856685668567,10.409549014207045
85.67856785678568,10.512346315277318
85.6885688568857,10.679779149996099
85.6985698569857,10.921696123463501
85.70857085708572,11.249473930134338
85.71857185718572,11.676112933981559
85.72857285728573,12.216203443972299
85.73857385738575,12.885866185286297
85.74857485748575,13.702474463531791
85.75857585758577,14.68401354794779
85.76857685768577,15.848348591191487
85.77857785778578,17.212215384550596
85.7885788578858,18.789358603130438
85.7985798579858,20.58798781928447
85.80858085808582,22.608116367698415
85.81858185818582,24.838478258657332
85.82858285828583,27.252809172978044
85.83858385838585,29.806555479471246
85.84858485848585,32.434926804027015
85.85858585858587,35.052782938354014
85.86858685868587,37.557515653503025
85.87858785878588,39.83610558260885
85.8885888588859,41.77614150400356
85.8985898589859,43.2792441038348
85.90859085908592,44.27470404826414
85.91859185918592,44.73050353377524
85.92859285928593,44.65864371785706
85.93859385938595,44.112654265082156
85.94859485948595,43.17764233042692
85.95859585958597,41.956115461488615
85.96859685968597,40.55334145597793
85.97859785978598,39.064793591036135
85.988598859886,37.56785176516714
85.998599859986,36.118808577893006
86.00860086008602,34.75396951590497
86.01860186018602,33.492849876844986
86.02860286028603,32.342401118892596
86.03860386038605,31.30125081352108
86.04860486048605,30.362836028159133
86.05860586058606,29.51770181433487
86.06860686068607,28.755533897050736
86.07860786078608,28.06649596178942
86.0886088608861,27.44169474269686
86.0986098609861,26.87337535932074
86.1086108610861,26.355057855439515
86.11861186118612,25.88148180194518
86.12861286128613,25.44842502566252
86.13861386138615,25.052494781309406
86.14861486148615,24.691067984063128
86.15861586158616,24.362427517195183
86.16861686168617,24.065628124510475
86.17861786178618,23.800092603547238
86.1886188618862,23.56560085741224
86.1986198619862,23.3624290587828
86.2086208620862,23.191060287972387
86.21862186218623,23.05200344446781
86.22862286228623,22.946052505139463
86.23862386238625,22.874294742822766
86.24862486248625,22.837851207082252
86.25862586258626,22.83790179013926
86.26862686268628,22.875695623153746
86.27862786278628,22.952329808444244
86.2886288628863,23.06877368928706
86.2986298629863,23.22602596130154
86.30863086308631,23.424921660704975
86.31863186318633,23.665831462674774
86.32863286328633,23.948584447564727
86.33863386338635,24.27249670932469
86.34863486348635,24.636389081011966
86.35863586358636,25.038478799792102
86.36863686368638,25.476112822546785
86.37863786378638,25.9456054771938
86.3886388638864,26.442236792122404
86.3986398639864,26.96025503653296
86.40864086408641,27.492985038655902
86.41864186418643,28.032949434066513
86.42864286428643,28.57174349359411
86.43864386438645,29.100100639847362
86.44864486448645,29.60849358853195
86.45864586458646,30.087599211032728
86.46864686468648,30.528271314091555
86.47864786478648,30.9216522022031
86.4886488648865,31.25970791366534
86.4986498649865,31.535805105149272
86.50865086508651,31.745075569465854
86.51865186518653,31.884519888882334
86.52865286528653,31.95290168427776
86.53865386538654,31.950637717718394
86.54865486548655,31.87974588308157
86.55865586558656,31.74372746107905
86.56865686568658,31.547294089143012
86.57865786578658,31.29600760838214
86.58865886588659,30.996050489590022
86.5986598659866,30.65407425560534
86.60866086608661,30.276780466034218
86.61866186618663,29.87049029514831
86.62866286628663,29.44118146236404
86.63866386638664,28.994522508649514
86.64866486648666,28.535527781108357
86.65866586658666,28.06849705772897
86.66866686668668,27.597302956287194
86.67866786678668,27.12535806841055
86.68866886688669,26.655552056106885
86.6986698669867,26.19053022774288
86.70867086708671,25.73270799607263
86.71867186718673,25.284032702516086
86.72867286728673,24.846125193784598
86.73867386738674,24.420514338581103
86.74867486748676,24.008625672980994
86.75867586758676,23.61185297368653
86.76867686768678,23.23162396193133
86.77867786778678,22.869260999643142
86.78867886788679,22.525985912826393
86.7986798679868,22.20309900300593
86.80868086808681,21.902055018764976
86.81868186818683,21.624471648403567
86.82868286828683,21.37207241496735
86.83868386838684,21.146633607852728
86.84868486848686,20.950094603466038
86.85868586858686,20.78449850237975
86.86868686868688,20.651807494648768
86.87868786878688,20.554264874527085
86.88868886888689,20.494774825443105
86.8986898689869,20.47638742929102
86.90869086908691,20.501819717781714
86.91869186918693,20.573830768277336
86.92869286928693,20.69543764664651
86.93869386938694,20.869611668405753
86.94869486948696,21.099268975690716
86.95869586958696,21.387362854598038
86.96869686968698,21.73652369121291
86.97869786978698,22.148685018694316
86.98869886988699,22.62496112976939
86.998699869987,23.165461465067693
87.00870087008701,23.769073141401027
87.01870187018702,24.43334466107297
87.02870287028703,25.154255239714765
87.03870387038704,25.92572562915667
87.04870487048706,26.739178024322836
87.05870587058706,27.58361007521181
87.06870687068707,28.445956008532313
87.07870787078708,29.311040564120294
87.08870887088709,30.16154827966867
87.09870987098711,30.978932565027698
87.10871087108711,31.74454115564643
87.11871187118712,32.440027492847804
87.12871287128714,33.04799602417375
87.13871387138714,33.55346954832417
87.14871487148716,33.94501530251804
87.15871587158716,34.215069089325745
87.16871687168717,34.36022388908683
87.17871787178719,34.38148144396377
87.18871887188719,34.28389735244744
87.19871987198721,34.075851241423656
87.20872087208721,33.7684209197027
87.21872187218722,33.37462167447124
87.22872287228724,32.908253566765
87.23872387238724,32.3829117617461
87.24872487248726,31.8115979807213
87.25872587258726,31.206338275576062
87.26872687268727,30.5775392759392
87.27872787278729,29.933900337245397
87.28872887288729,29.28284878249076
87.29872987298731,28.63055963624389
87.30873087308731,27.981754910078216
87.31873187318732,27.33992132669473
87.32873287328734,26.70768044787763
87.33873387338734,26.086999339968692
87.34873487348736,25.47935847237372
87.35873587358736,24.88585274267608
87.36873687368737,24.30723332884923
87.37873787378739,23.744026026202427
87.38873887388739,23.196640458680534
87.39873987398741,22.665441055488206
87.40874087408741,22.150756231737613
87.41874187418742,21.652819318326365
87.42874287428744,21.171962146074712
87.43874387438744,20.708795022964527
87.44874487448746,20.263887387806655
87.45874587458746,19.837638818784402
87.46874687468747,19.430711075779417
87.47874787478749,19.044057588820998
87.48874887488749,18.678592141859404
87.49874987498751,18.335409387300267
87.50875087508751,18.015928395238817
87.51875187518752,17.721481053177374
87.52875287528754,17.453482985671577
87.53875387538754,17.214086834604817
87.54875487548755,17.006050314412043
87.55875587558756,16.832220097096062
87.56875687568757,16.69556960875284
87.57875787578759,16.599515094437844
87.58875887588759,16.547995327965253
87.5987598759876,16.54542191260951
87.60876087608762,16.596731307261678
87.61876187618762,16.707434853874563
87.62876287628764,16.883579041889142
87.63876387638764,17.131739661258262
87.64876487648765,17.458976369054348
87.65876587658767,17.8724383467164
87.66876687668767,18.37904975659076
87.67876787678769,18.985690282239837
87.68876887688769,19.698888400838946
87.6987698769877,20.52376800266709
87.70877087708772,21.46342010963931
87.71877187718772,22.51846098112405
87.72877287728774,23.685879961298763
87.73877387738774,24.958063630739556
87.74877487748775,26.3223161753763
87.75877587758777,27.759906329357214
87.76877687768777,29.24520214188388
87.77877787778779,30.745912135151713
87.7887788778878,32.223938187269134
87.7987798779878,33.63659993682327
87.80878087808782,34.93903783047246
87.81878187818782,36.08756713946833
87.82878287828784,37.043154941669044
87.83878387838784,37.77460952777991
87.84878487848785,38.26147465461731
87.85878587858787,38.49616852415975
87.86878687868787,38.48440399022149
87.87878787878789,38.24379697809532
87.8887888788879,37.80156611702331
87.8987898789879,37.19136952602349
87.90879087908792,36.44951149852663
87.91879187918792,35.61169504401392
87.92879287928794,34.71061639424052
87.93879387938794,33.77410500848181
87.94879487948795,32.82447115837281
87.95879587958797,31.878880313379835
87.96879687968797,30.949639105671533
87.97879787978799,30.044664758786823
87.988798879888,29.16856994038891
87.998799879988,28.323604841404407
88.00880088008802,27.51027188415316
88.01880188018802,26.72793264445354
88.02880288028803,25.975242317758656
88.03880388038804,25.250504505324876
88.04880488048805,24.55201785637762
88.05880588058807,23.878100231635838
88.06880688068807,23.2271147163902
88.07880788078808,22.59758975200066
88.0888088808881,21.9881531485926
88.0988098809881,21.39770716619893
88.10881088108812,20.825606101749177
88.11881188118812,20.271120127309892
88.12881288128813,19.73317515930276
88.13881388138815,19.211024365832678
88.14881488148815,18.704364032279152
88.15881588158817,18.21275814126735
88.16881688168817,17.735653184013668
88.17881788178818,17.272665706266864
88.1888188818882,16.823550000780926
88.1988198819882,16.388263072889636
88.20882088208822,15.966900217492602
88.21882188218822,15.559297589673061
88.22882288228823,15.165060508276799
88.23882388238825,14.784059857860058
88.24882488248825,14.416558317002298
88.25882588258827,14.06278375743449
88.26882688268827,13.722840033835631
88.27882788278828,13.39722425851649
88.2888288828883,13.086735707169716
88.2988298829883,12.791809807997781
88.30883088308832,12.512833706901493
88.31883188318832,12.250849791477998
88.32883288328833,12.007280420746698
88.33883388338835,11.783691003283405
88.34883488348835,11.582034086106866
88.35883588358837,11.404437401788208
88.36883688368837,11.253276359024353
88.37883788378838,11.131779219599862
88.3888388838884,11.043894616643529
88.3988398839884,10.993969583122746
88.40884088408842,10.98714055346718
88.41884188418842,11.029569972203733
88.42884288428843,11.128473694200029
88.43884388438845,11.292347674321725
88.44884488448845,11.531004898843982
88.45884588458847,11.85552586514206
88.46884688468847,12.27828519139975
88.47884788478848,12.81309176505128
88.4888488848885,13.475234563983264
88.4988498849885,14.280984887930689
88.5088508850885,15.246795531545642
88.51885188518852,16.388954679198726
88.52885288528853,17.722675864883495
88.53885388538855,19.259848795561254
88.54885488548855,21.006761894232767
88.55885588558856,22.961830272345082
88.56885688568858,25.112520100936536
88.57885788578858,27.432114576454666
88.5888588858886,29.877003071626127
88.5988598859886,32.38487972979192
88.6088608860886,34.87519481567921
88.61886188618863,37.252485761659415
88.62886288628863,39.41257347104089
88.63886388638865,41.25220774074292
88.64886488648865,42.68140784172467
88.65886588658866,43.63562452798519
88.66886688668868,44.085108503482914
88.67886788678868,44.03965649631913
88.6888688868887,43.54693550340045
88.6988698869887,42.683869896047284
88.70887088708871,41.54346734712843
88.71887188718873,40.221443216502486
88.72887288728873,38.805762219650425
88.73887388738875,37.36926413764938
88.74887488748875,35.96590134759251
88.75887588758876,34.631608291828684
88.76887688768878,33.387460456061135
88.77887788778878,32.24245484522583
88.7888788878888,31.196612938011178
88.7988798879888,30.244717859316246
88.80888088808881,29.379074779521755
88.81888188818883,28.591095504727907
88.82888288828883,27.872368980551308
88.83888388838885,27.21501041030625
88.84888488848885,26.611704868674796
88.85888588858886,26.05613711412718
88.86888688868888,25.54337480452094
88.87888788878888,25.069692058625055
88.8888888888889,24.63215712496538
88.8988898889889,24.228614385965244
88.90889088908891,23.857685290180157
88.91889188918893,23.518357184572242
88.92889288928893,23.209970606286255
88.93889388938895,22.93253124568305
88.94889488948895,22.68640795821783
88.95889588958896,22.472160323386834
88.96889688968898,22.2908352930085
88.97889788978898,22.14367080210356
88.98889888988899,22.031825120640786
88.998899889989,21.956828674155133
89.00890089008901,21.920445106278756
89.01890189018903,21.92420954567087
89.02890289028903,21.969892050670886
89.03890389038904,22.059650639826046
89.04890489048906,22.19532855248552
89.05890589058906,22.378403022326598
89.06890689068908,22.610323108445602
89.07890789078908,22.89217322200863
89.08890889088909,23.224355001379493
89.0989098909891,23.60687103712201
89.10891089108911,24.03932503181998
89.11891189118913,24.52013910872406
89.12891289128913,25.046206292119976
89.13891389138914,25.613522709309407
89.14891489148916,26.217109140725974
89.15891589158916,26.850110739405213
89.16891689168918,27.504037666873607
89.17891789178918,28.169465558484386
89.18891889188919,28.83564812674561
89.1989198919892,29.490407800862766
89.20892089208921,30.121025340638933
89.21892189218923,30.714698830639257
89.22892289228923,31.258611278396423
89.23892389238924,31.740733925747502
89.24892489248926,32.15090443797408
89.25892589258926,32.480982595393954
89.26892689268928,32.72457876041616
89.27892789278928,32.87769054166336
89.28892889288929,32.93940744410946
89.2989298929893,32.91141533038106
89.30893089308931,32.7975785316194
89.31893189318933,32.604005124421334
89.32893289328933,32.338253421950775
89.33893389338934,32.00859275653696
89.34893489348936,31.624060605154888
89.35893589358936,31.19378281876842
89.36893689368938,30.726189967163016
89.37893789378938,30.229413074457376
89.38893889388939,29.71117829335806
89.39893989398941,29.177981636897783
89.40894089408941,28.63534692778806
89.41894189418943,28.088311093722375
89.42894289428943,27.54104612754436
89.43894389438944,26.99676985000948
89.44894489448946,26.458118001027035
89.45894589458946,25.92730089331816
89.46894689468947,25.406273390504925
89.47894789478948,24.89678498489613
89.48894889488949,24.400137265432804
89.49894989498951,23.917342890746234
89.50895089508951,23.449565749383968
89.51895189518952,22.99797113290684
89.52895289528954,22.563440824443187
89.53895389538954,22.146820280730225
89.54895489548956,21.74905775136879
89.55895589558956,21.37118966091653
89.56895689568957,21.01459253320736
89.57895789578959,20.680730839100594
89.58895889588959,20.370736730144287
89.59895989598961,20.08603694080159
89.60896089608961,19.828729002034756
89.61896189618962,19.60082078619765
89.62896289628964,19.404178869621283
89.63896389638964,19.241198577265557
89.64896489648966,19.114666004519854
89.65896589658966,19.027515461842686
89.66896689668967,18.983018920708872
89.67896789678969,18.9847322087493
89.68896889688969,19.036504788893332
89.69896989698971,19.142431824790705
89.70897089708971,19.306507376436876
89.71897189718972,19.532896274315952
89.72897289728974,19.826210543781414
89.73897389738974,20.190852640088192
89.74897489748976,20.630646534206676
89.75897589758976,21.148871705830288
89.76897689768977,21.747874538527313
89.77897789778979,22.428933513936276
89.78897889788979,23.191943037828146
89.79897989798981,24.034289528581166
89.80898089808981,24.950522185431026
89.81898189818982,25.93263594222371
89.82898289828984,26.969216425440674
89.83898389838984,28.044769865732036
89.84898489848986,29.140440312713977
89.85898589858986,30.234373230755544
89.86898689868987,31.301603026721697
89.87898789878989,32.31517319340569
89.88898889888989,33.247894470688706
89.89898989898991,34.073685962166124
89.90899089908991,34.76929879616388
89.91899189918992,35.31614212002676
89.92899289928994,35.70134532194191
89.93899389938994,35.91871623028102
89.94899489948995,35.96917985682957
89.95899589958997,35.86002695219421
89.96899689968997,35.604134955875054
89.97899789978999,35.21885255875426
89.98899889988999,34.72394922295335
89.99899989999,34.140111517028764
90.00900090009002,33.487715993009566
90.01900190019002,32.78528758709696
90.02900290029004,32.0491878318909
90.03900390039004,31.29367539944308
90.04900490049005,30.530045521807786
90.05900590059007,29.76678582340102
90.06900690069007,29.01046473325013
90.07900790079009,28.265660493453836
90.0890089008901,27.535350967545472
90.0990099009901,26.82172084390986
90.10901090109012,26.125970602240333
90.11901190119012,25.448446660966372
90.12901290129014,24.789244369057208
90.13901390139014,24.148202479734287
90.14901490149015,23.52505869197322
90.15901590159017,22.91955488116125
90.16901690169017,22.331172172899837
90.17901790179019,21.759561120861065
90.1890189018902,21.20468597943606
90.1990199019902,20.66605323846909
90.20902090209022,20.142992017093807
90.21902190219022,19.635484587934393
90.22902290229024,19.143590606556348
90.23902390239024,18.66702270600758
90.24902490249025,18.20589672204797
90.25902590259027,17.76053404446869
90.26902690269027,17.330760516904512
90.27902790279029,16.916573230783037
90.2890289028903,16.518411126967244
90.2990299029903,16.13653738651112
90.30903090309032,15.771505361582838
90.31903190319032,15.424283897645362
90.32903290329034,15.09548712111405
90.33903390339034,14.785837230513232
90.34903490349035,14.496610477575933
90.35903590359037,14.229265004219819
90.36903690369037,13.985655122295647
90.37903790379039,13.767822515379082
90.3890389038904,13.577935867248927
90.3990399039904,13.419180829104235
90.40904090409042,13.29510545653486
90.41904190419042,13.209143625019669
90.42904290429043,13.166119735105017
90.43904390439045,13.171751421104911
90.44904490449045,13.2317262881879
90.45904590459047,13.353325701221275
90.46904690469047,13.545046403741281
90.47904790479048,13.815346764773318
90.4890489048905,14.174345288155028
90.4990499049905,14.63369594664895
90.50905090509052,15.20482806868333
90.51905190519052,15.899804771796912
90.52905290529053,16.731363082293228
90.53905390539055,17.711463411545218
90.54905490549055,18.850552945121837
90.55905590559057,20.15596489505768
90.56905690569057,21.630946995656565
90.57905790579058,23.273419759359633
90.5890589058906,25.072215137033766
90.5990599059906,27.00611411984406
90.60906090609062,29.043422013106188
90.61906190619062,31.137826797005925
90.62906290629063,33.229736286821144
90.63906390639065,35.25103565121899
90.64906490649065,37.12521857395488
90.65906590659067,38.77333821908412
90.66906690669067,40.12538003986228
90.67906790679068,41.12569651337607
90.6890689068907,41.73896249098708
90.6990699069907,41.956985676516055
90.70907090709072,41.79800574979157
90.71907190719072,41.30337579369271
90.72907290729073,40.5320282280423
90.73907390739075,39.550795341720146
90.74907490749075,38.42729374625346
90.75907590759077,37.2239526143127
90.76907690769077,35.99177876698485
90.77907790779078,34.76956226061722
90.7890789078908,33.58539106690761
90.7990799079908,32.45630390868705
90.80908090809082,31.390421855671676
90.81908190819082,30.39108819995514
90.82908290829083,29.457619658220096
90.83908390839085,28.585585042804695
90.84908490849085,27.770074086885124
90.85908590859087,27.00666741607815
90.86908690869087,26.289910681534053
90.87908790879088,25.61471146521865
90.8890889088909,24.97783443527912
90.8990899089909,24.376188972525824
90.9090909090909,23.8063714655485
90.91909190919093,23.266359844990422
90.92909290929093,22.754903693207677
90.93909390939095,22.270380668184394
90.94909490949095,21.812065237724816
90.95909590959096,21.380179915074624
90.96909690969098,20.97458162830376
90.97909790979098,20.595370670954523
90.989098909891,20.24337907371939
90.999099909991,19.91935265422207
91.00910091009101,19.624352467128155
91.01910191019103,19.360166225438558
91.02910291029103,19.12831279311298
91.03910391039105,18.930609960774
91.04910491049105,18.770117803872214
91.05910591059106,18.649603978193852
91.06910691069108,18.571272049877223
91.07910791079108,18.538505212527312
91.0891089108911,18.555589307223148
91.0991099109911,18.62654262600391
91.10911091109111,18.755485963847406
91.11911191119113,18.94719399543282
91.12911291129113,19.206649941011918
91.13911391139115,19.538470586860992
91.14911491149115,19.94710969563837
91.15911591159116,20.436964965405103
91.16911691169118,21.011662587005794
91.17911791179118,21.67360770369664
91.1891189118912,22.424001716218907
91.1991199119912,23.262244753890876
91.20912091209121,24.184971632018282
91.21912191219123,25.185643915294317
91.22912291229123,26.254426189740443
91.23912391239125,27.377736138253695
91.24912491249125,28.53770129386311
91.25912591259126,29.712089666549286
91.26912691269128,30.874907797932824
91.27912791279128,31.997477857835317
91.2891289128913,33.04977317495506
91.2991299129913,34.001977434895
91.30913091309131,34.82630549495484
91.31913191319133,35.49896022875188
91.32913291329133,36.00193107365418
91.33913391339135,36.324384339569455
91.34913491349135,36.46344050440714
91.35913591359136,36.42412840965659
91.36913691369138,36.21851073284175
91.37913791379138,35.86421358298772
91.38913891389139,35.38262838015121
91.3991399139914,34.796989024316346
91.40914091409141,34.130530196679956
91.41914191419143,33.40499609356917
91.42914291429143,32.63965623080113
91.43914391439144,31.850814485986056
91.44914491449146,31.051720207148033
91.45914591459146,30.252718543966985
91.46914691469148,29.46149625011264
91.47914791479148,28.683405657190388
91.48914891489149,27.921919727417293
91.4991499149915,27.179125904975713
91.50915091509151,26.456070777180308
91.51915191519153,25.75304073120445
91.52915291529153,25.069931693293974
91.53915391539154,24.40651857164191
91.54915491549156,23.762409227298182
91.55915591559156,23.13692554711933
91.56915691569158,22.52926977495533
91.57915791579158,21.938830953988937
91.58915891589159,21.36523008232204
91.5991599159916,20.808071952087793
91.60916091609161,20.266761327675614
91.61916191619163,19.740653883857966
91.62916291629163,19.229353351884882
91.63916391639164,18.73274399854229
91.64916491649166,18.250739834497757
91.65916591659166,17.78312628355218
91.66916691669168,17.32966490989051
91.67916791679168,16.89022340702948
91.68916891689169,16.46475865724789
91.6991699169917,16.053263016220857
91.70917091709171,15.655770059314793
91.71917191719173,15.272389890910398
91.72917291729173,14.90334926405695
91.73917391739174,14.549039948539564
91.74917491749176,14.210028150179015
91.75917591759176,13.886961738559322
91.76917691769178,13.580470553844625
91.77917791779178,13.291237953931036
91.78917891789179,13.020213852458411
91.79917991799181,12.76875365907604
91.80918091809181,12.538600339517306
91.81918191819183,12.331823100656345
91.82918291829183,12.150798216303919
91.83918391839184,11.99823716950974
91.84918491849186,11.877317530862134
91.85918591859186,11.791890932600706
91.86918691869187,11.74662247127046
91.87918791879189,11.746999168684297
91.88918891889189,11.799290273638842
91.89918991899191,11.910632438338185
91.90919091909191,12.089337505015724
91.91919191919192,12.34519196956424
91.92919291929194,12.68938569913872
91.93919391939194,13.134144683873851
91.94919491949196,13.69258306512816
91.95919591959196,14.378859549557681
91.96919691969197,15.208037186095265
91.97919791979199,16.195319216862934
91.98919891989199,17.355005720050613
91.99919991999201,18.699381364376478
92.00920092009201,20.237117081437983
92.01920192019202,21.970896379784765
92.02920292029204,23.89473702705202
92.03920392039204,25.99148682879614
92.04920492049206,28.23047181652353
92.05920592059206,30.565436605544893
92.06920692069207,32.93356809909224
92.07920792079209,35.25655125534903
92.08920892089209,37.444232904221124
92.09920992099211,39.401253799520674
92.10921092109211,41.03651925881316
92.11921192119212,42.2741461498621
92.12921292129214,43.063614225909745
92.13921392139214,43.38681237348506
92.14921492149216,43.26036767784714
92.15921592159216,42.73255916665428
92.16921692169217,41.875255888677515
92.17921792179219,40.772775045547995
92.18921892189219,39.51044245722279
92.19921992199221,38.165384566224624
92.20922092209221,36.80089594992014
92.21922192219222,35.464267138996306
92.22922292229224,34.18721475056961
92.23922392239224,32.98802530739982
92.24922492249226,31.87470755610373
92.25922592259226,30.848261583194894
92.26922692269227,29.905168258462993
92.27922792279229,29.039135690994026
92.28922892289229,28.242636484257
92.29922992299231,27.508236148235135
92.30923092309231,26.829264424035944
92.31923192319232,26.199782804832882
92.32923292329234,25.614525793889907
92.33923392339234,25.069137610148825
92.34923492349236,24.560325343210312
92.35923592359237,24.085673490825737
92.36923692369237,23.643314093227747
92.37923792379239,23.231932967916208
92.38923892389239,22.8509090153599
92.3992399239924,22.500121000295323
92.40924092409242,22.179589924106708
92.41924192419242,21.889494507380572
92.42924292429244,21.63056102810047
92.43924392439244,21.404127683133446
92.44924492449245,21.211706885374802
92.45924592459247,21.05473293390649
92.46924692469247,20.934862849876716
92.47924792479249,20.854240653861996
92.4892489248925,20.81528201218427
92.4992499249925,20.820355188893405
92.50925092509252,20.87187525368111
92.51925192519252,20.972513021788796
92.52925292529254,21.125088853825954
92.53925392539254,21.332278517064935
92.54925492549255,21.596464624512734
92.55925592559257,21.919688427188092
92.56925692569257,22.303558529695753
92.57925792579259,22.749060893328508
92.5892589258926,23.256386857402322
92.5992599259926,23.824743202021423
92.60926092609262,24.452006699172937
92.61926192619262,25.13425760754714
92.62926292629264,25.865503969706428
92.63926392639264,26.637802668359733
92.64926492649265,27.44130566520567
92.65926592659267,28.264036383920896
92.66926692669267,29.091793712355514
92.67926792679269,29.90857966708462
92.6892689268927,30.697334799834447
92.6992699269927,31.440496166076947
92.70927092709272,32.120598072012186
92.71927192719272,32.72119482288785
92.72927292729274,33.2278301874661
92.73927392739274,33.62888968431245
92.74927492749275,33.91624732896919
92.75927592759277,34.08573649453588
92.76927692769277,34.13722007538479
92.77927792779279,34.07428692169802
92.7892789278928,33.9038290672838
92.7992799279928,33.63540977883297
92.80928092809282,33.28050142045832
92.81928192819282,32.85170625460933
92.82928292829284,32.361953258451486
92.83928392839285,31.82376379137456
92.84928492849285,31.248667136015655
92.85928592859287,30.646993348242013
92.86928692869287,30.027708109902324
92.87928792879288,29.39824042201522
92.8892889288929,28.764580452127614
92.8992899289929,28.131685481525725
92.90929092909292,27.50369624335787
92.91929192919292,26.88379218013973
92.92929292929293,26.274139536924025
92.93929392939295,25.676243134486334
92.94929492949295,25.091315922091884
92.95929592959297,24.520408923560456
92.96929692969297,23.96440777681104
92.97929792979298,23.423966627231923
92.989298929893,22.899434384183806
92.999299929993,22.391018913640128
93.00930093009302,21.899153369150596
93.01930193019302,21.424536404718943
93.02930293029303,20.96789161349266
93.03930393039305,20.529737347818838
93.04930493049305,20.110580504744075
93.05930593059307,19.71117045184197
93.06930693069307,19.33255511045509
93.07930793079308,18.97595279952076
93.0893089308931,18.642601646100076
93.0993099309931,18.333841920350142
93.10931093109312,18.051253021825758
93.11931193119312,17.79670431237533
93.12931293129313,17.572324091368706
93.13931393139315,17.380605915204846
93.14931493149315,17.22456586904143
93.15931593159317,17.107632906157903
93.16931693169317,17.033414849577778
93.17931793179318,17.005756026549243
93.1893189318932,17.029010167214054
93.1993199319932,17.108152690417548
93.20932093209322,17.248691209173572
93.21932193219322,17.456600080327835
93.22932293229323,17.738272316161076
93.23932393239325,18.100299129517687
93.24932493249325,18.54916663682638
93.25932593259327,19.091072543460882
93.26932693269328,19.7318080855324
93.27932793279328,20.47641635467054
93.2893289328933,21.32846504305772
93.2993299329933,22.289194731396865
93.30933093309332,23.356821994966868
93.31933193319333,24.52586999941607
93.32933293329333,25.78629431068588
93.33933393339335,27.12264429392784
93.34933493349335,28.513633688892902
93.35933593359336,29.932039018718335
93.36933693369338,31.34486079941692
93.37933793379338,32.714298761825525
93.3893389338934,33.999882776147984
93.3993399339934,35.16112986266447
93.40934093409341,36.160145238524926
93.41934193419343,36.964368025000624
93.42934293429343,37.54958913744822
93.43934393439345,37.902435929544666
93.44934493449345,38.02140298388414
93.45934593459346,37.91642223989465
93.46934693469348,37.607326313008
93.47934793479348,37.12151757966248
93.4893489348935,36.49088410613014
93.4993499349935,35.74843798021186
93.50935093509351,34.92553197153396
93.51935193519353,34.050225957968095
93.52935293529353,33.14644332031229
93.53935393539355,32.233397938614395
93.54935493549355,31.325446466526266
93.55935593559356,30.43271861148265
93.56935693569358,29.562080573202664
93.57935793579358,28.717685077102328
93.5893589358936,27.901301131824724
93.5993599359936,27.11309710642182
93.60936093609361,26.352531797608574
93.61936193619363,25.61869946102712
93.62936293629363,24.910333331365152
93.63936393639365,24.225974588038113
93.64936493649365,23.5642148257162
93.65936593659366,22.923744441036316
93.66936693669368,22.30331588017968
93.67936793679368,21.701831462842232
93.6893689368937,21.11833926548601
93.6993699369937,20.551922267441736
93.70937093709371,20.001732358832122
93.71937193719373,19.467105967511188
93.72937293729373,18.947541983745598
93.73937393739375,18.44251233011546
93.74937493749376,17.951494776177167
93.75937593759376,17.47415616360819
93.76937693769378,17.010257154190253
93.77937793779378,16.55935445165968
93.7893789378938,16.120809273856704
93.7993799379938,15.694174864062282
93.80938093809381,15.27940018055992
93.81938193819383,14.876470068941678
93.82938293829383,14.485081560374859
93.83938393839384,14.104867249961512
93.84938493849386,13.735715150206763
93.85938593859386,13.377620696889325
93.86938693869388,13.030383989049376
93.87938793879388,12.693684293189005
93.88938893889389,12.367421077113825
93.8993899389939,12.051789125679402
93.90939093909391,11.74698939886422
93.91939193919393,11.453029086062596
93.92939293929393,11.169965105798829
93.93939393939394,10.898188221044519
93.94939493949396,10.638270421204766
93.95939593959396,10.390639848135313
93.96939693969398,10.155673587059653
93.97939793979398,9.934128978022876
93.98939893989399,9.727249100117016
93.999399939994,9.536423400746196
94.00940094009401,9.363070368291174
94.01940194019403,9.208989551405121
94.02940294029403,9.076589322605374
94.03940394039404,8.96878454127258
94.04940494049406,8.888940955170789
94.05940594059406,8.841028937142937
94.06940694069408,8.829846952964914
94.07940794079408,8.861211312133502
94.08940894089409,8.942065597309156
94.09940994099411,9.080605207148333
94.10941094109411,9.286504377836396
94.11941194119413,9.57109568302237
94.12941294129413,9.947399932451532
94.13941394139414,10.430214868507534
94.14941494149416,11.036331612474397
94.15941594159416,11.784596840864744
94.16941694169418,12.695533630635188
94.17941794179418,13.790586102936762
94.18941894189419,15.091208083484146
94.19941994199421,16.61757813069888
94.20942094209421,18.386456633814536
94.21942194219423,20.408103876521462
94.22942294229424,22.682575551455272
94.23942394239424,25.195606023702997
94.24942494249426,27.914187815364514
94.25942594259426,30.782380310322527
94.26942694269428,33.718565584712266
94.27942794279429,36.61586432904426
94.28942894289429,39.34716396907623
94.29942994299431,41.77532786770085
94.30943094309431,43.76823251275468
94.31943194319432,45.216911652108166
94.32943294329434,46.053104184467124
94.33943394339434,46.26134718906145
94.34943494349436,45.88172748593247
94.35943594359436,45.00212656623696
94.36943694369437,43.74199161876605
94.37943794379439,42.232182997653226
94.38943894389439,40.596316157458745
94.39943994399441,38.937706099035665
94.40944094409441,37.33328554093428
94.41944194419442,35.833349940149404
94.42944294429444,34.46505514550678
94.43944394439444,33.237925340687966
94.44944494449446,32.149820741191114
94.45944594459446,31.19177153909657
94.46944694469447,30.351097525943757
94.47944794479449,29.613718125670214
94.48944894489449,28.966156524043008
94.49944994499451,28.39643232257637
94.50945094509451,27.893861824018806
94.51945194519452,27.4491275248596
94.52945294529454,27.054775583753223
94.53945394539454,26.70501458932834
94.54945494549456,26.395000672248273
94.55945594559456,26.120690389246676
94.56945694569457,25.879022367202186
94.57945794579459,25.667732012161455
94.58945894589459,25.485170036795683
94.59945994599461,25.33031638985209
94.60946094609461,25.20243327279021
94.61946194619462,25.100681202633044
94.62946294629464,25.024456810954135
94.63946394639464,24.973725480148637
94.64946494649466,24.948468835869818
94.65946594659466,24.948238299811965
94.66946694669467,24.972676637758145
94.67946794679469,25.021863151188768
94.68946894689469,25.095693882879015
94.69946994699471,25.19344324656351
94.70947094709472,25.31426934104834
94.71947194719472,25.45767746478178
94.72947294729474,25.62309888185797
94.73947394739474,25.809241720018576
94.74947494749476,26.014123716330275
94.75947594759477,26.235610207988874
94.76947694769477,26.471668757322863
94.77947794779479,26.720078510832906
94.78947894789479,26.978079708761026
94.7994799479948,27.242436878486956
94.80948094809482,27.50973267118929
94.81948194819482,27.776447103662917
94.82948294829484,28.038874190430636
94.83948394839484,28.2931923554331
94.84948494849485,28.53559164478147
94.85948594859487,28.762309644829724
94.86948694869487,28.969763838998595
94.87948794879489,29.154691638755924
94.8894889488949,29.314096774525666
94.8994899489949,29.44536519344139
94.90949094909492,29.546647672721793
94.91949194919492,29.61680175216706
94.92949294929494,29.654885201383006
94.93949394939494,29.66022655685657
94.94949494949495,29.633020843493767
94.95949594959497,29.574242884712827
94.96949694969497,29.485059172559872
94.97949794979499,29.366964160427937
94.989498949895,29.222220862598597
94.999499949995,29.05340368539313
95.00950095009502,28.86270667170585
95.01950195019502,28.652286262276725
95.02950295029504,28.424879451691368
95.03950395039504,28.183494486877763
95.04950495049505,27.93083149067308
95.05950595059507,27.66933320988623
95.06950695069507,27.40139974438346
95.07950795079509,27.12933269970178
95.0895089508951,26.85538379003936
95.0995099509951,26.581862807818695
95.10951095109512,26.310907945284697
95.11951195119512,26.044307774958714
95.12951295129514,25.78375176721579
95.13951395139514,25.531021575531028
95.14951495149515,25.28784414611604
95.15951595159517,25.055798028327533
95.16951695169517,24.836441400328678
95.17951795179519,24.63133811945669
95.1895189518952,24.441870503384397
95.1995199519952,24.2692381666913
95.20952095209522,24.114830407623966
95.21952195219522,23.980416081938984
95.22952295229524,23.86765792724799
95.23952395239525,23.777647940952075
95.24952495249525,23.71130308405749
95.25952595259527,23.66997145749317
95.26952695269527,23.65526596905941
95.27952795279528,23.66847238674147
95.2895289528953,23.710422793436976
95.2995299529953,23.781890429386753
95.30953095309532,23.883855714680298
95.31953195319532,24.017217972442587
95.32953295329533,24.182301031190867
95.33953395339535,24.378863747900407
95.34953495349535,24.60652912684226
95.35953595359537,24.86479364938852
95.36953695369537,25.152592502103126
95.37953795379538,25.46813989611767
95.3895389538954,25.809067709081965
95.3995399539954,26.172415394655207
95.40954095409542,26.554539443868027
95.41954195419542,26.95120925614315
95.42954295429543,27.357761390584475
95.43954395439545,27.769039738880373
95.44954495449545,28.179176025040693
95.45954595459547,28.581644896740972
95.46954695469547,28.96973987217566
95.47954795479548,29.33697370877647
95.4895489548955,29.677124202040716
95.4995499549955,29.984265956091235
95.50955095509552,30.252971216870982
95.51955195519552,30.478513733235985
95.52955295529553,30.657062005488093
95.53955395539555,30.785810290458535
95.54955495549555,30.863025392234004
95.55955595559557,30.88813844626025
95.56955695569557,30.861817551615154
95.57955795579558,30.78577796801562
95.5895589558956,30.662460785689422
95.5995599559956,30.494933959335192
95.60956095609562,30.286924578360175
95.61956195619562,30.042638796417812
95.62956295629563,29.766434818376624
95.63956395639565,29.46269327494403
95.64956495649565,29.135877400283324
95.65956595659567,28.79041802407822
95.66956695669568,28.430391674606003
95.67956795679568,28.059429406179916
95.6895689568957,27.680969777826167
95.6995699569957,27.298351413006806
95.70957095709572,26.914526393371183
95.71957195719573,26.531960360481197
95.72957295729573,26.15298440086528
95.73957395739575,25.779989100001917
95.74957495749575,25.415122438600797
95.75957595759576,25.060068666522426
95.76957695769578,24.71633411103372
95.77957795779578,24.38556245113929
95.7895789578958,24.069464703023495
95.7995799579958,23.769659688583832
95.80958095809581,23.48766746504047
95.81958195819583,23.224957532659154
95.82958295829583,22.983036106838632
95.83958395839585,22.76352225558637
95.84958495849585,22.56810444246389
95.85958595859586,22.398486736642283
95.86958695869588,22.256405093449672
95.87958795879588,22.143697048240437
95.8895889588959,22.062366204665572
95.8995899589959,22.014431350615528
95.90959095909591,22.001745694175124
95.91959195919593,22.026231257268776
95.92959295929593,22.090066128059338
95.93959395939595,22.19535056429568
95.94959495949595,22.343888600544545
95.95959595959596,22.53728186456588
95.96959695969598,22.77684250285915
95.97959795979598,23.063511654870837
95.989598959896,23.39790041911786
95.999599959996,23.78004840811881
96.00960096009601,24.209072929816475
96.01960196019603,24.683089039126532
96.02960296029603,25.199208311116628
96.03960396039605,25.75341174385084
96.04960496049605,26.340360436429666
96.05960596059606,26.953377783306514
96.06960696069608,27.584604739848135
96.07960796079608,28.22487673005954
96.0896089608961,28.863581148910527
96.0996099609961,29.489144070906768
96.10961096109611,30.089598465808663
96.11961196119613,30.652827280704333
96.12961296129613,31.167026454902526
96.13961396139615,31.621311991195466
96.14961496149616,32.00614094560967
96.15961596159616,32.31371970893279
96.16961696169618,32.538439830183584
96.17961796179618,32.67717264007927
96.1896189618962,32.72926456003027
96.1996199619962,32.69623761613654
96.20962096209621,32.581638148676014
96.21962196219623,32.39109336519288
96.22962296229623,32.13187099755359
96.23962396239624,31.811927810965805
96.24962496249626,31.4393699370162
96.25962596259626,31.022494503545026
96.26962696269628,30.56974065130394
96.27962796279628,30.089140440236086
96.28962896289629,29.587671281936178
96.2996299629963,29.071194292831553
96.30963096309631,28.544984400144894
96.31963196319633,28.013997572575914
96.32963296329633,27.48240033261478
96.33963396339634,26.95329324826027
96.34963496349636,26.429295854385202
96.35963596359636,25.91296509935087
96.36963696369638,25.406357880803903
96.37963796379638,24.91080168609865
96.38963896389639,24.427542607309825
96.3996399639964,23.958126185226455
96.40964096409641,23.503897239311186
96.41964196419643,23.065704326913973
96.42964296429643,22.644347186115898
96.43964396439644,22.241005146068517
96.44964496449646,21.85704548936277
96.45964596459646,21.49361394741017
96.46964696469648,21.151700747409684
96.47964796479648,20.832636501566512
96.48964896489649,20.538188648640435
96.49964996499651,20.27011456671392
96.50965096509651,20.030060597253993
96.51965196519653,19.819968540477312
96.52965296529653,19.642198652537324
96.53965396539654,19.49928623716913
96.54965496549656,19.393888057107663
96.55965596559656,19.328931958229617
96.56965696569658,19.307688929667457
96.57965796579659,19.333745845964806
96.58965896589659,19.410863421769864
96.59965996599661,19.542812698561185
96.60966096609661,19.7334624390909
96.61966196619663,19.98692540130806
96.62966296629664,20.307342640448077
96.63966396639664,20.698489226641925
96.64966496649666,21.163535397519468
96.65966596659666,21.704860452925423
96.66966696669668,22.323850157004465
96.67966796679669,23.020658403999743
96.68966896689669,23.793719745249348
96.69966996699671,24.63910024337293
96.70967096709671,25.55008735051348
96.71967196719672,26.517028568335306
96.72967296729674,27.527143125419695
96.73967396739674,28.564318159986946
96.74967496749676,29.60913793892982
96.75967596759676,30.639338857352175
96.76967696769677,31.630686425349538
96.77967796779679,32.558083053737775
96.78967896789679,33.39680595085217
96.79967996799681,34.12392192953323
96.80968096809681,34.71979361413529
96.81968196819682,35.16947269144839
96.82968296829684,35.46380313966352
96.83968396839684,35.599991402716654
96.84968496849686,35.58148370260358
96.85968596859686,35.41729482290897
96.86968696869687,35.12099606172117
96.87968796879689,34.709415432581814
96.88968896889689,34.20114946079449
96.89968996899691,33.61515410968266
96.90969096909691,32.96964912603166
96.91969196919692,32.281325717002765
96.92969296929694,31.564764246482888
96.93969396939694,30.832117751644883
96.94969496949696,30.093123470030093
96.95969596959696,29.355339499456218
96.96969696969697,28.624477814640144
96.97969796979699,27.90470187101975
96.98969896989699,27.198789652609943
96.99969996999701,26.50837760147704
97.00970097009701,25.834436387001276
97.01970197019702,25.177592757590272
97.02970297029704,24.538144455036548
97.03970397039704,23.916140816931488
97.04970497049706,23.31151655095224
97.05970597059707,22.72402484655298
97.06970697069707,22.153273585292787
97.07970797079709,21.599009774511156
97.08970897089709,21.061141639426847
97.09970997099711,20.53946326872961
97.10971097109712,20.033720021800974
97.11971197119712,19.543987843843226
97.12971297129714,19.07057647241246
97.13971397139714,18.613460157786797
97.14971497149716,18.17232541505955
97.15971597159717,17.747382182561985
97.16971697169717,17.339509144208044
97.17971797179719,16.949410670464886
97.1897189718972,16.577354022311837
97.1997199719972,16.223862062247655
97.20972097209722,15.889951031015613
97.21972197219722,15.57673659825356
97.22972297229724,15.285453315902355
97.23972397239724,15.017761408268777
97.24972497249725,14.775683708209808
97.25972597259727,14.56144831921436
97.26972697269727,14.377591783025261
97.27972797279729,14.227119549866277
97.2897289728973,14.113562264911252
97.2997299729973,14.041025915055261
97.30973097309732,14.014343688089317
97.31973197319732,14.039195455362568
97.32973297329734,14.12199548224336
97.33973397339734,14.269785411299999
97.34973497349735,14.490418574431239
97.35973597359737,14.79270397092851
97.36973697369737,15.18625640141908
97.37973797379739,15.681359358509381
97.3897389738974,16.28890505798866
97.3997399739974,17.020070520817185
97.40974097409742,17.885593968791934
97.41974197419742,18.894821275191237
97.42974297429744,20.05481094857432
97.43974397439744,21.36944872232759
97.44974497449745,22.83806217180397
97.45974597459747,24.453495478053107
97.46974697469747,26.200230765999205
97.47974797479749,28.052897326849568
97.4897489748975,29.975307269732035
97.4997499749975,31.920287995383205
97.50975097509752,33.830520573495036
97.51975197519752,35.640817594910686
97.52975297529754,37.282493174855865
97.53975397539755,38.689536106978466
97.54975497549755,39.805239722916326
97.55975597559757,40.588168604818094
97.56975697569757,41.016906501622515
97.57975797579759,41.092826923248616
97.5897589758976,40.839613919734006
97.5997599759976,40.29903397904676
97.60976097609762,39.52454976418419
97.61976197619762,38.5748377107673
97.62976297629764,37.507706962877826
97.63976397639765,36.37476540927388
97.64976497649765,35.21821892625919
97.65976597659767,34.07025402946445
97.66976697669767,32.95365210467302
97.67976797679769,31.882719614018296
97.6897689768977,30.86481667755844
97.6997699769977,29.902442400353582
97.70977097709772,28.995055474708387
97.71977197719772,28.14009376157853
97.72977297729773,27.333761864852875
97.73977397739775,26.57202226841355
97.74977497749775,25.85105349595033
97.75977597759777,25.167071457495005
97.76977697769777,24.516572665736188
97.77977797779778,23.896878593986695
97.7897789778978,23.30596762782035
97.7997799779978,22.741965080463917
97.80978097809782,22.203262861906225
97.81978197819782,21.688864096250146
97.82978297829783,21.19827204780775
97.83978397839785,20.731154964066498
97.84978497849785,20.28726807001511
97.85978597859787,19.866745842379334
97.86978697869787,19.47023040538049
97.87978797879788,19.098468547098648
97.8897889788979,18.752069642348694
97.8997899789979,18.431896600234417
97.90979097909792,18.139368431188018
97.91979197919792,17.876317077155438
97.92979297929793,17.64487012155024
97.93979397939795,17.447435317885894
97.94979497949795,17.286630880990824
97.95979597959797,17.165393424875575
97.96979697969797,17.087262771632773
97.97979797979798,17.056293829151606
97.989798979898,17.07680433585498
97.999799979998,17.153600789653304
98.00980098009802,17.29225413585973
98.01980198019803,17.498722592472145
98.02980298029803,17.779032482829628
98.03980398039805,18.13959122783306
98.04980498049805,18.58708672425621
98.05980598059807,19.127831498961285
98.06980698069808,19.767593355407072
98.07980798079808,20.51137999013455
98.0898089808981,21.362526238003785
98.0998099809981,22.322080557324554
98.10981098109812,23.38841635509057
98.11981198119813,24.556100418078138
98.12981298129813,25.814832342942633
98.13981398139815,27.149166446866538
98.14981498149815,28.53808404334488
98.15981598159817,29.95431632653293
98.16981698169818,31.364718458402763
98.17981798179818,32.73175511836231
98.1898189818982,34.01535590395625
98.1998199819982,35.174922156320314
98.20982098209821,36.17206901307258
98.21982198219823,36.974200058696
98.22982298229823,37.557673820177996
98.23982398239825,37.90951484285788
98.24982498249825,38.02809283462192
98.25982598259826,37.923134359855915
98.26982698269828,37.614567226345436
98.27982798279828,37.12982902662835
98.2898289828983,36.50043567886838
98.2998299829983,35.758917014648475
98.30983098309831,34.936711509528024
98.31983198319833,34.06232639472796
98.32983298329833,33.15974823418806
98.33983398339835,32.247920395808194
98.34983498349835,31.3412081843786
98.35983598359836,30.44985776955565
98.36983698369838,29.580471461506086
98.37983798379838,28.736843351212407
98.3898389838984,27.92089220150637
98.3998399839984,27.133197578997045
98.40984098409841,26.37327490060858
98.41984198419843,25.640014553432227
98.42984298429843,24.93203533847685
98.43984398439845,24.24787706290835
98.44984498449845,23.586129412180185
98.45984598459846,22.945525143675848
98.46984698469848,22.32476813787553
98.47984798479848,21.722560962672908
98.4898489848985,21.138012849128987
98.4998499849985,20.570523587228607
98.50985098509851,20.01928092457153
98.51985198519853,19.483420701927187
98.52985298529853,18.962351062103693
98.53985398539855,18.45560770745314
98.54985498549856,17.962749847558825
98.55985598559856,17.483506492968584
98.56985698569858,17.01755319616129
98.57985798579858,16.564330198651646
98.5898589858986,16.123355542536814
98.5998599859986,15.694540449238016
98.60986098609861,15.27788014571338
98.61986198619863,14.87308037393162
98.62986298629863,14.479726475880273
98.63986398639865,14.097559394711844
98.64986498649866,13.726464577421453
98.65986598659866,13.366341193499593
98.66986698669868,13.017141035223377
98.67986798679868,12.678777471882865
98.68986898689869,12.351101703897758
98.6998699869987,12.034056812743755
98.70987098709871,11.727685397819545
98.71987198719873,11.432089363569057
98.72987298729873,11.147466791229894
98.73987398739874,10.874102213760537
98.74987498749876,10.612295348358911
98.75987598759876,10.362470041143077
98.76987698769878,10.125241596873108
98.77987798779878,9.901399569897782
98.78987898789879,9.691935861709657
98.7998799879988,9.4980175518958
98.80988098809881,9.320988069024619
98.81988198819883,9.162561680915251
98.82988298829883,9.025037606583767
98.83988398839884,8.911247960255267
98.84988498849886,8.82432060576173
98.85988598859886,8.767947669978703
98.86988698869888,8.74686949943942
98.87988798879888,8.766787701478233
98.88988898889889,8.834196596189575
98.89988998899891,8.956791192181793
98.90989098909891,9.143816990883211
98.91989198919893,9.406041467616953
98.92989298929893,9.756013575921115
98.93989398939894,10.20837736623113
98.94989498949896,10.779663523276108
98.95989598959896,11.488112465214522
98.96989698969898,12.353701878119487
98.97989798979899,13.397750076199376
98.98989898989899,14.64203060253091
98.99989998999901,16.107451051069546
99.00990099009901,17.812240205684184
99.01990199019903,19.76914214783088
99.02990299029904,21.981673893411568
99.03990399039904,24.439985673897183
99.04990499049906,27.116610065238174
99.05990599059906,29.962144771493058
99.06990699069908,32.90188082872539
99.07990799079909,35.83504548123708
99.08990899089909,38.63843040934598
99.09990999099911,41.1754268589937
99.10991099109911,43.30999824451606
99.11991199119913,44.92407514176026
99.12991299129914,45.93574523132563
99.13991399139914,46.31399638961783
99.14991499149916,46.084572972571316
99.15991599159916,45.3246118711958
99.16991699169917,44.147874242726104
99.17991799179919,42.68503571152405
99.18991899189919,41.06430602919532
99.19991999199921,39.39649184005722
99.20992099209921,37.76645603866843
99.21992199219922,36.23132620856314
99.22992299229924,34.823802578919086
99.23992399239924,33.557748807825945
99.24992499249926,32.433727994898334
99.25992599259926,31.44379386070496
99.26992699269927,30.575493658332928
99.27992799279929,29.814867791550952
99.28992899289929,29.14833707556481
99.29992999299931,28.563445064354156
99.30993099309931,28.048729834835274
99.31993199319932,27.594075282742754
99.32993299329934,27.191569375220713
99.33993399339934,26.835248435104624
99.34993499349936,26.519895945271692
99.35993599359936,26.24101223982498
99.36993699369937,25.99542879458208
99.37993799379939,25.78087578948169
99.38993899389939,25.595352425034914
99.39993999399941,25.437336757178464
99.40994099409941,25.305895119259535
99.41994199419942,25.200327335867307
99.42994299429944,25.120076691330656
99.43994399439944,25.06493961541383
99.44994499449946,25.03481766412826
99.45994599459947,25.029188994839984
99.46994699469947,25.047428339064034
99.47994799479949,25.089598074491345
99.48994899489949,25.15602804814665
99.49994999499951,25.24619298677215
99.50995099509952,25.358907863397565
99.51995199519952,25.49329891304555
99.52995299529954,25.648767536602588
99.53995399539954,25.824296941908546
99.54995499549956,26.018212015003385
99.55995599559957,26.228469506157072
99.56995699569957,26.45310542796613
99.57995799579959,26.69016903821827
99.5899589958996,26.93704582865039
99.59995999599961,27.190342554302553
99.60996099609962,27.446733329768193
99.61996199619962,27.703304660458322
99.62996299629964,27.95675051383741
99.63996399639964,28.203022410707042
99.64996499649965,28.43808432652493
99.65996599659967,28.65853373873099
99.66996699669967,28.861416164239177
99.67996799679969,29.043686536578203
99.6899689968997,29.20213553697343
99.6999699969997,29.334054315006046
99.70997099709972,29.43764049548715
99.71997199719972,29.511617155474696
99.72997299729974,29.55490011342366
99.73997399739974,29.566794414437766
99.74997499749975,29.547361929072252
99.75997599759977,29.497481269925103
99.76997699769977,29.418367220899512
99.77997799779979,29.311258789086168
99.7899789978998,29.177844370925694
99.7999799979998,29.020364894660318
99.80998099809982,28.841096937188745
99.81998199819982,28.642347675082778
99.82998299829984,28.426695692007566
99.83998399839984,28.19676399074916
99.84998499849985,27.95508182856813
99.85998599859987,27.70414787050981
99.86998699869987,27.446383421051852
99.87998799879989,27.184112645811968
99.8899889988999,26.91953051758864
99.8999899989999,26.654695813413728
99.90999099909992,26.391681271466567
99.91999199919992,26.132510534716133
99.92999299929994,25.878930812428347
99.93999399939995,25.63257674093083
99.94999499949995,25.395164131823456
99.95999599959997,25.168236985843464
99.96999699969997,24.953213053041697
99.97999799979999,24.75189881043991
99.9899989999,24.566082310372476
100.0,24.3957912141086
