M,m,alpha,delta,log_delta
2,50,0.5,0.00013497149090087765,3.8697579548528003
2,50,0.55,0.2890908545082228,0.5389656471720875
2,50,0.6000000000000001,0.00743457033591289,2.1287441254788235
2,50,0.6500000000000001,0.016392409470367974,1.7853572061136784
2,50,0.7000000000000002,0.0010364806900074277,2.984438784550669
2,50,0.7500000000000002,0.023618460838999752,1.626748407777091
2,50,0.8000000000000003,0.11442493987508948,0.9414793071018752
2,50,0.8500000000000003,0.10779572089957497,0.9673984787280119
2,50,0.9000000000000004,0.08599424811076513,1.065530596399404
2,50,0.9500000000000004,0.05101012197390052,1.2923436379954039
2,50,1.0000000000000004,0.02535414500646739,1.5959510301657638
2,70,0.5,0.00012989885091111558,3.8863946906911675
2,70,0.55,0.10687268122817728,0.9711332948671101
2,70,0.6000000000000001,0.024630422792993257,1.6085281332243146
2,70,0.6500000000000001,0.018669976913614057,1.7288562190780359
2,70,0.7000000000000002,0.0027975638242181953,2.5532199965995823
2,70,0.7500000000000002,0.06998423775139895,1.1549997632488636
2,70,0.8000000000000003,0.09425762791468163,1.0256834938839052
2,70,0.8500000000000003,0.09188249642854558,1.0367672136248878
2,70,0.9000000000000004,0.047577068018429716,1.322602325280083
2,70,0.9500000000000004,0.03728887126817621,1.4284207625068004
2,70,1.0000000000000004,0.03266208484844404,1.485956097331231
2,90,0.5,0.000277308747176417,3.5570364312135707
2,90,0.55,0.15496433691711084,0.8097682377147772
2,90,0.6000000000000001,0.009123957474987171,2.0398167475538123
2,90,0.6500000000000001,0.01290716921146005,1.8891689963584801
2,90,0.7000000000000002,0.003911079575405404,2.407703347738003
2,90,0.7500000000000002,0.040809090227801374,1.3892430870069246
2,90,0.8000000000000003,0.0464845683066513,1.3326911978965978
2,90,0.8500000000000003,0.06601932443487203,1.1803289240485484
2,90,0.9000000000000004,0.004856668288922012,2.3136615578838327
2,90,0.9500000000000004,0.051648410545863464,1.2869430391353056
2,90,1.0000000000000004,0.039666597362544284,1.4015750521109354
2,110,0.5,5.938615961548614e-05,4.226314758772989
2,110,0.55,0.22278475022781352,0.6521145402423684
2,110,0.6000000000000001,0.006160235582230039,2.2104026790521027
2,110,0.6500000000000001,0.17860952640394906,0.7480953810895109
2,110,0.7000000000000002,0.053763472256225686,1.2695126906048668
2,110,0.7500000000000002,0.015579504403259213,1.8074463617053758
2,110,0.8000000000000003,0.037352193271240584,1.4276838919039765
2,110,0.8500000000000003,0.06977337226324305,1.156310286338253
2,110,0.9000000000000004,0.002830745698186509,2.548099143999431
2,110,0.9500000000000004,0.007927718262629044,2.1008517923219365
2,110,1.0000000000000004,0.027951097788836973,1.5536011303796493
2,130,0.5,0.0001347366340408367,3.870514306291268
2,130,0.55,0.14704011726732194,0.8325641595996226
2,130,0.6000000000000001,0.0071137958715078485,2.147898600936807
2,130,0.6500000000000001,0.0027206809782393503,2.5653223797612035
2,130,0.7000000000000002,0.060493812319356084,1.2182890453969577
2,130,0.7500000000000002,0.06698217966073843,1.1740407242307727
2,130,0.8000000000000003,0.002005204088916457,2.697841418465505
2,130,0.8500000000000003,0.006776871714207239,2.1689707354517895
2,130,0.9000000000000004,0.010113625543625182,1.9950931301327641
2,130,0.9500000000000004,0.012449521042118184,1.9048473564209631
2,130,1.0000000000000004,0.02240207653668571,1.6497117233343297
2,150,0.5,0.00012721286174236532,3.895468977513434
2,150,0.55,0.005627217923373421,2.2497062657441895
2,150,0.6000000000000001,0.0037574928050614262,2.4251018423378903
2,150,0.6500000000000001,0.03609638514062579,1.4425362881798174
2,150,0.7000000000000002,0.01132945832669427,1.9457908537157074
2,150,0.7500000000000002,0.09977441832466574,1.00098079543193
2,150,0.8000000000000003,0.06861868735230557,1.1635575940779073
2,150,0.8500000000000003,0.022688047888471178,1.6442028698152207
2,150,0.9000000000000004,0.03870572065536179,1.4122248420754484
2,150,0.9500000000000004,0.014009022055221003,1.8535921809772598
2,150,1.0000000000000004,0.017363548580793253,1.760361513516299
2,170,0.5,5.053864415106155e-05,4.296376413496652
2,170,0.55,0.02749539246722745,1.5607400768500876
2,170,0.6000000000000001,0.017139597344199176,1.765999385052639
2,170,0.6500000000000001,0.029504087977810744,1.530117805608136
2,170,0.7000000000000002,0.01500178559189262,1.8238570458407433
2,170,0.7500000000000002,0.10008677763765456,0.9996232929332577
2,170,0.8000000000000003,0.005119391004903611,2.290781698973487
2,170,0.8500000000000003,0.03096213907168084,1.5091690429847417
2,170,0.9000000000000004,0.00905040024865861,2.0433322139505874
2,170,0.9500000000000004,0.036945477527395125,1.432438715729322
2,170,1.0000000000000004,0.0054836084522020285,2.260933562839286
2,190,0.5,5.259940474485554e-05,4.2790191706273895
2,190,0.55,0.08904890453221223,1.0503714188008686
2,190,0.6000000000000001,0.0087220429509019,2.0593817790139157
2,190,0.6500000000000001,0.08793374443631564,1.0558444331150094
2,190,0.7000000000000002,0.0011120546332990518,2.9538738761015644
2,190,0.7500000000000002,0.041880335274611644,1.3779898502183403
2,190,0.8000000000000003,0.028830480189863266,1.5401481241025603
2,190,0.8500000000000003,0.007123425939188685,2.147311086610266
2,190,0.9000000000000004,0.02151018609040841,1.6673558323978503
2,190,0.9500000000000004,0.012562728559119388,1.9009160238574159
2,190,1.0000000000000004,0.009199143747823556,2.0362525947089396
2,210,0.5,0.0001355401312973797,3.867932097995832
2,210,0.55,0.1201007270960198,0.920454363347857
2,210,0.6000000000000001,0.0040408648510740575,2.3935256745299562
2,210,0.6500000000000001,0.06043324991244256,1.2187240501154535
2,210,0.7000000000000002,0.010279876960758837,1.9880120833546804
2,210,0.7500000000000002,0.1570246152222358,0.8040322621306366
2,210,0.8000000000000003,0.018407802285373445,1.7349980589869816
2,210,0.8500000000000003,0.030382485367829903,1.5173767025803857
2,210,0.9000000000000004,0.014101161881277389,1.8507451016823266
2,210,0.9500000000000004,0.06829159965558239,1.1656327142920537
2,210,1.0000000000000004,0.009891654585780028,2.0047310575057318
2,230,0.5,0.0001158733385771149,3.9360164798331114
2,230,0.55,0.1639186558152791,0.7853716159441022
2,230,0.6000000000000001,0.002459102698148168,2.609223333681897
2,230,0.6500000000000001,0.030617997342693767,1.5140232189761194
2,230,0.7000000000000002,0.013093584467275628,1.8829414457901315
2,230,0.7500000000000002,0.24608174791710974,0.6089205970767303
2,230,0.8000000000000003,0.10673383395254538,0.9716978901377733
2,230,0.8500000000000003,0.0623511350517225,1.2051556361355127
2,230,0.9000000000000004,0.015554173648568278,1.8081530568407103
2,230,0.9500000000000004,0.008076492816939788,2.092777188843361
2,230,1.0000000000000004,0.01562554121528223,1.806164931248531
2,250,0.5,2.9345218552612973e-05,4.532462651669563
2,250,0.55,0.26986236783616463,0.5688576733559876
2,250,0.6000000000000001,0.0027400384788699634,2.5622433382586065
2,250,0.6500000000000001,0.025753677099664134,1.5891607538040486
2,250,0.7000000000000002,0.016769792380464235,1.7754723141725
2,250,0.7500000000000002,0.014382666880719874,1.8421605781955406
2,250,0.8000000000000003,0.03447608238329963,1.4624820901785016
2,250,0.8500000000000003,0.03446058216017731,1.4626773900679964
2,250,0.9000000000000004,0.009478957040576476,2.0232394449868765
2,250,0.9500000000000004,0.04742915786919643,1.3239545864172388
2,250,1.0000000000000004,0.007850496475385476,2.1051028770506406
2,270,0.5,7.427111872787221e-05,4.129180034362544
2,270,0.55,0.09301570964345482,1.0314436962279019
2,270,0.6000000000000001,0.012238029027127456,1.912288521044066
2,270,0.6500000000000001,0.014355666947755941,1.8429766258772227
2,270,0.7000000000000002,0.007061608906168585,2.1510963386840247
2,270,0.7500000000000002,0.01587542555370536,1.7992746242628275
2,270,0.8000000000000003,0.11255997573944856,0.9486160091787189
2,270,0.8500000000000003,0.00919161852595942,2.0366080082001736
2,270,0.9000000000000004,0.0219588908137528,1.6583896007261578
2,270,0.9500000000000004,0.024295078257157057,1.6144816976877523
2,270,1.0000000000000004,0.010611749219549313,1.9742130219626846
2,290,0.5,0.00016247693669023562,3.789208277632966
2,290,0.55,0.1449757837326843,0.8387045347966114
2,290,0.6000000000000001,0.0010988129568931463,2.959076228142976
2,290,0.6500000000000001,0.06597269748081981,1.180635758195056
2,290,0.7000000000000002,0.02139050247526365,1.6697790134803097
2,290,0.7500000000000002,0.04591696470247368,1.3380268282872447
2,290,0.8000000000000003,0.04782247016708308,1.320367995091281
2,290,0.8500000000000003,0.038739313857766404,1.411848075677434
2,290,0.9000000000000004,0.04290564070051249,1.3674856084197076
2,290,0.9500000000000004,0.024000601280082204,1.619777877898781
2,290,1.0000000000000004,0.014740401920249646,1.8314906745931918
2,310,0.5,0.00017537537893571372,3.756031377577202
2,310,0.55,0.21431432064616623,0.6689488081004444
2,310,0.6000000000000001,0.01585815783227754,1.7997472640388086
2,310,0.6500000000000001,0.003065543123342557,2.513492570224078
2,310,0.7000000000000002,0.015931888303797704,1.7977327470288627
2,310,0.7500000000000002,0.013202282178099845,1.879350989121017
2,310,0.8000000000000003,0.04878981719684387,1.3116708090767215
2,310,0.8500000000000003,0.04594987084872496,1.3377157049474
2,310,0.9000000000000004,0.01822138405045133,1.7394186381948185
2,310,0.9500000000000004,0.021553968286651966,1.6664727604759477
2,310,1.0000000000000004,0.012437462283807805,1.905268223227845
2,330,0.5,9.633780183043879e-05,4.016203267340683
2,330,0.55,0.22089172447116598,0.6558205543134001
2,330,0.6000000000000001,0.006564716002092852,2.1827840572960255
2,330,0.6500000000000001,0.014640933062009235,1.834431244946396
2,330,0.7000000000000002,0.00898324650504607,2.046566682884653
2,330,0.7500000000000002,0.12849682047619515,0.8911076183772566
2,330,0.8000000000000003,0.011704411949701725,1.931650401139938
2,330,0.8500000000000003,0.013935121862342921,1.8558892290381064
2,330,0.9000000000000004,0.016909847652252955,1.771860305121591
2,330,0.9500000000000004,0.012107617107621605,1.9169413216662763
2,330,1.0000000000000004,0.010156053466122653,1.9932750214669923
2,350,0.5,4.7931083638965354e-05,4.319382752249542
2,350,0.55,0.0011555004402166356,2.9372298847295544
2,350,0.6000000000000001,0.0006478008926825942,3.1885584578589423
2,350,0.6500000000000001,0.002637113408201584,2.578871193112485
2,350,0.7000000000000002,0.007100986095731065,2.1486813377319316
2,350,0.7500000000000002,0.044464653688659116,1.3519850858219498
2,350,0.8000000000000003,0.005990926387471679,2.2225060166992794
2,350,0.8500000000000003,0.0035813073723742887,2.445958403255799
2,350,0.9000000000000004,0.01854721834282228,1.7317212153723218
2,350,0.9500000000000004,0.0139238734473528,1.8562399326274874
2,350,1.0000000000000004,0.005041446292441716,2.2974448550781226
2,370,0.5,4.708020485664905e-05,4.327161656110704
2,370,0.55,0.019000062841701835,1.7212449626387918
2,370,0.6000000000000001,0.014513272383921144,1.838234653858108
2,370,0.6500000000000001,0.0014508029966072036,2.838391556063323
2,370,0.7000000000000002,0.005703545838415239,2.243855063752763
2,370,0.7500000000000002,0.019803069945797773,1.7032674785682231
2,370,0.8000000000000003,0.002583845019164201,2.5877335391832688
2,370,0.8500000000000003,0.015367366834886976,1.8134005415469028
2,370,0.9000000000000004,0.018755824219063532,1.7268638461533026
2,370,0.9500000000000004,0.0066903288497157055,2.1745525348320434
2,370,1.0000000000000004,0.01336071685096097,1.8741702397598217
2,390,0.5,6.707645970580481e-05,4.173429867515087
2,390,0.55,0.0045273239088576885,2.344158432653586
2,390,0.6000000000000001,0.0024479381858581663,2.6111995529805796
2,390,0.6500000000000001,0.0016047378267354643,2.794595910114267
2,390,0.7000000000000002,0.0003427062733620166,3.4650779455801413
2,390,0.7500000000000002,0.016886669103875304,1.7724560065845458
2,390,0.8000000000000003,0.01791568877868975,1.7467664904822984
2,390,0.8500000000000003,0.026721901264941134,1.5731326450177026
2,390,0.9000000000000004,0.011431544373444937,1.941895093527967
2,390,0.9500000000000004,0.005426618956844582,2.265470672385807
2,390,1.0000000000000004,0.004096965037395548,2.3875377422052604
2,410,0.5,1.2977549628558833e-05,4.88680730162322
2,410,0.55,0.006093862630895443,2.215107339958522
2,410,0.6000000000000001,0.01610897220633157,1.7929321677966759
2,410,0.6500000000000001,0.007927544750742154,2.100861297715188
2,410,0.7000000000000002,0.002315612402532791,2.635334132996611
2,410,0.7500000000000002,0.020414837099622295,1.6900540811839133
2,410,0.8000000000000003,0.007524773996498834,2.1235065393949046
2,410,0.8500000000000003,0.014044972181706557,1.8524791166506056
2,410,0.9000000000000004,0.013855714073101485,1.858371087347189
2,410,0.9500000000000004,0.0158250923622397,1.8006537465684915
2,410,1.0000000000000004,0.013847708455706022,1.8586220885043379
2,430,0.5,3.145540312890903e-05,4.50230474457407
2,430,0.55,0.013560540436667533,1.8677230019154547
2,430,0.6000000000000001,0.0018600510215376494,2.730475142842109
2,430,0.6500000000000001,0.005062552728246367,2.2956304404257324
2,430,0.7000000000000002,0.008237125886165425,2.084224296739489
2,430,0.7500000000000002,0.02581243221857151,1.5881710714213744
2,430,0.8000000000000003,0.005863325189415374,2.231856018478987
2,430,0.8500000000000003,0.01574772572952585,1.802782157711548
2,430,0.9000000000000004,0.010451213115548304,1.9808332962696198
2,430,0.9500000000000004,0.025286626466406968,1.597109106786512
2,430,1.0000000000000004,0.008580459482398833,2.0664894551201414
2,450,0.5,0.00011217692054939609,3.9500964862979875
2,450,0.55,0.011708118426927722,1.9315128933529448
2,450,0.6000000000000001,0.0047794966093231426,2.3206178421547508
2,450,0.6500000000000001,0.005768355703440992,2.2389479668603087
2,450,0.7000000000000002,0.006523502694136612,2.185519153919985
2,450,0.7500000000000002,0.03155368999792238,1.5009498455473067
2,450,0.8000000000000003,0.012874226579045158,1.8902788518046019
2,450,0.8500000000000003,0.01942021196592632,1.7117460342050597
2,450,0.9000000000000004,0.026815972959248358,1.5716064409844515
2,450,0.9500000000000004,0.010226659466828651,1.9902662051973823
2,450,1.0000000000000004,0.007785168586197545,2.1087319784378553
2,470,0.5,3.755541977365465e-05,4.425327379353777
2,470,0.55,0.00971983922507005,2.0123409186377557
2,470,0.6000000000000001,0.0008965730677229219,3.047414311103726
2,470,0.6500000000000001,0.005750465906952722,2.2402969670283652
2,470,0.7000000000000002,0.003222689040397381,2.4917815978555664
2,470,0.7500000000000002,0.002534565454075322,2.5960964888253977
2,470,0.8000000000000003,0.0038530934379984627,2.414190459163719
2,470,0.8500000000000003,0.020813310589803156,1.6816588348998327
2,470,0.9000000000000004,0.018156558187831292,1.740966474190445
2,470,0.9500000000000004,0.009616282290992867,2.0169927962126937
2,470,1.0000000000000004,0.008791816584121355,2.0559213807909904
2,490,0.5,7.796223065277689e-05,4.108115743357227
2,490,0.55,0.0009650858240451819,3.0154340635972767
2,490,0.6000000000000001,0.007135949764860904,2.146548215935815
2,490,0.6500000000000001,0.0034635857180076723,2.460474059825301
2,490,0.7000000000000002,0.003070366418012896,2.512809792657929
2,490,0.7500000000000002,0.05552355904588749,1.2555227034961038
2,490,0.8000000000000003,0.002295148158318257,2.6391892742821805
2,490,0.8500000000000003,0.010812025634442,1.9660929332948522
2,490,0.9000000000000004,0.010768347585917496,1.9678509345270787
2,490,0.9500000000000004,0.00948838062106366,2.022807902150965
2,490,1.0000000000000004,1.370703683755551,-0.13694357993999776
3,50,0.5,0.00012228038871788576,3.9126431893623335
3,50,0.55,0.001262153854536178,2.8988877020622508
3,50,0.6000000000000001,0.006642400640519156,2.1776749332062795
3,50,0.6500000000000001,0.06589006264669585,1.1811800795354597
3,50,0.7000000000000002,0.038030815095149426,1.4198643664755557
3,50,0.7500000000000002,0.33640582760250876,0.4731364894683863
3,50,0.8000000000000003,0.05448785118295255,1.2637003188675482
3,50,0.8500000000000003,0.04112866635146979,1.3858553728051441
3,50,0.9000000000000004,0.0342859913388257,1.4648832889065702
3,50,0.9500000000000004,0.0718201023960966,1.1437539800226995
3,50,1.0000000000000004,0.014464272861990425,1.8397033940217118
3,70,0.5,0.0001083309284374154,3.9652475347680456
3,70,0.55,0.08409063874765971,1.0752523486315944
3,70,0.6000000000000001,0.024958308885312128,1.6027848447371555
3,70,0.6500000000000001,0.00863897858554476,2.0635376025308787
3,70,0.7000000000000002,0.0013098797148049476,2.882768583424338
3,70,0.7500000000000002,0.035960209194656007,1.444177790469941
3,70,0.8000000000000003,0.020467666176308005,1.6889316749014855
3,70,0.8500000000000003,0.10313125610943683,0.9866096926345392
3,70,0.9000000000000004,0.03482835982276305,1.4580669773561703
3,70,0.9500000000000004,0.03177907996298481,1.4978586802180893
3,70,1.0000000000000004,0.018377642975495254,1.735710189814813
3,90,0.5,0.00026803287564134575,3.5718119342026604
3,90,0.55,0.24427612464156126,0.6121189785571928
3,90,0.6000000000000001,0.022598486176203705,1.6459206523278749
3,90,0.6500000000000001,0.005828037788847298,2.2344776409386546
3,90,0.7000000000000002,0.020305247741971788,1.6923917073650343
3,90,0.7500000000000002,0.011970701574578151,1.9218803958726887
3,90,0.8000000000000003,0.00703572902345467,2.1526908954630963
3,90,0.8500000000000003,0.004816787973921996,2.3172424701029004
3,90,0.9000000000000004,0.008496665151110342,2.07075149671581
3,90,0.9500000000000004,0.018628416744762646,1.7298240548317338
3,90,1.0000000000000004,0.016080129649264675,1.7937104539872415
3,110,0.5,0.0003358688409909295,3.4738302843791784
3,110,0.55,0.2538898679812417,0.5953546302315846
3,110,0.6000000000000001,0.001649706735614717,2.782593252406768
3,110,0.6500000000000001,0.03731987824078636,1.428059781845175
3,110,0.7000000000000002,0.02602847706190883,1.5845512419160586
3,110,0.7500000000000002,0.008614256393689462,2.064782206092411
3,110,0.8000000000000003,0.06954360286235954,1.1577428134699932
3,110,0.8500000000000003,0.011472611141754864,1.9403377263535433
3,110,0.9000000000000004,0.01779165013134703,1.7497837703138277
3,110,0.9500000000000004,0.04598611384350641,1.3373732898743618
3,110,1.0000000000000004,0.02233441829507695,1.651025354341821
3,130,0.5,6.37096346780947e-05,4.195794885229408
3,130,0.55,0.19323889609788844,0.7139054521416603
3,130,0.6000000000000001,0.018324263381633933,1.7369734745706866
3,130,0.6500000000000001,0.0052763168029187095,2.2776691362437784
3,130,0.7000000000000002,0.007912809862943434,2.1016692698173625
3,130,0.7500000000000002,0.10422043862500006,0.9820471033817285
3,130,0.8000000000000003,0.09537726034425495,1.0205551565767232
3,130,0.8500000000000003,0.07697850980255153,1.1136305005003662
3,130,0.9000000000000004,0.011742186990696398,1.930251007897974
3,130,0.9500000000000004,0.0234908065378008,1.6291020718174107
3,130,1.0000000000000004,0.0494350219138212,1.3059652689914136
3,150,0.5,7.997633281834769e-05,4.097038513596709
3,150,0.55,0.15518978063215208,0.8091368807659208
3,150,0.6000000000000001,0.01967072211230761,1.7061796968354097
3,150,0.6500000000000001,0.014856178341440872,1.8280928957357792
3,150,0.7000000000000002,0.006025053731628253,2.220039075683285
3,150,0.7500000000000002,0.12062775573998744,0.9185527520813156
3,150,0.8000000000000003,0.12707492198220002,0.8959401482607923
3,150,0.8500000000000003,0.03616170975793817,1.4417510438801997
3,150,0.9000000000000004,0.011388066446239877,1.943550007528671
3,150,0.9500000000000004,0.023745933753272625,1.6244107481320569
3,150,1.0000000000000004,0.005315066445890493,2.274491301808002
3,170,0.5,0.0005851488913116519,3.2327336134945077
3,170,0.55,0.17172203628939642,0.7651739702740974
3,170,0.6000000000000001,0.01863439287979219,1.7296847522662622
3,170,0.6500000000000001,0.022498706285113464,1.6478424538615193
3,170,0.7000000000000002,0.04810243366855319,1.3178329506098243
3,170,0.7500000000000002,0.04057641095994117,1.391726369555641
3,170,0.8000000000000003,0.05577380076990365,1.2535697590022166
3,170,0.8500000000000003,0.03113004932911851,1.5068201911277324
3,170,0.9000000000000004,0.023920977347197468,1.6212210802093974
3,170,0.9500000000000004,0.010168907998979345,1.9927256818344392
3,170,1.0000000000000004,0.006349667971966922,2.1972489836391484
3,190,0.5,0.0006607663027419129,3.1799521129431167
3,190,0.55,0.14646057600831883,0.8342792621782578
3,190,0.6000000000000001,0.014139075617686068,1.8495789828489446
3,190,0.6500000000000001,0.0009995517438475918,3.0001947188186855
3,190,0.7000000000000002,0.05868217612282708,1.2314937895013476
3,190,0.7500000000000002,0.04821159909535926,1.3168484634812512
3,190,0.8000000000000003,0.04857341343257283,1.3136013759825655
3,190,0.8500000000000003,0.005955428236181406,2.2250870043031625
3,190,0.9000000000000004,0.011010914722486219,1.9581766008804913
3,190,0.9500000000000004,0.017383408417803954,1.7598650660970452
3,190,1.0000000000000004,0.011541236770319,1.9377476492613441
3,210,0.5,0.0003097376776562977,3.50900596221525
3,210,0.55,0.013736741603662226,1.86211627101515
3,210,0.6000000000000001,0.006392685355615452,2.194316670770702
3,210,0.6500000000000001,0.11776727651302653,0.9289753683273604
3,210,0.7000000000000002,0.008044797682571313,2.094484873435395
3,210,0.7500000000000002,0.009647378014228663,2.0155907041359176
3,210,0.8000000000000003,0.04281781380807133,1.3683755106830828
3,210,0.8500000000000003,0.008721090390790316,2.0594292121891886
3,210,0.9000000000000004,0.0072352779986187225,2.1405447774756126
3,210,0.9500000000000004,0.004165324673579015,2.3803511410883478
3,210,1.0000000000000004,0.02645048122239194,1.577566422293134
3,230,0.5,0.00028881852485341636,3.5393749545109863
3,230,0.55,0.05491134493238514,1.2603379190740822
3,230,0.6000000000000001,0.0007762616916753955,3.1099918456342106
3,230,0.6500000000000001,0.2657919309615911,0.5754582077125039
3,230,0.7000000000000002,0.05275143728992239,1.277765702881864
3,230,0.7500000000000002,0.013337954919084785,1.8749107547855473
3,230,0.8000000000000003,0.024707392942545713,1.6071730777626014
3,230,0.8500000000000003,0.01389988214372068,1.8569888820875424
3,230,0.9000000000000004,0.018531950481375653,1.7320788689315436
3,230,0.9500000000000004,0.022991150822106003,1.6384392895753732
3,230,1.0000000000000004,0.010105261372048124,1.9954524489997199
3,250,0.5,6.542983161390644e-05,4.184224197373124
3,250,0.55,0.004692011005740872,2.3286409778593806
3,250,0.6000000000000001,0.0015040148544947876,2.822747874387156
3,250,0.6500000000000001,0.0007717954656109589,3.1124977772882345
3,250,0.7000000000000002,0.004752291540748168,2.3230969243706414
3,250,0.7500000000000002,0.019592692792585326,1.7079058710704902
3,250,0.8000000000000003,0.011850723395401375,1.9262551385110815
3,250,0.8500000000000003,0.01052928832891129,1.977600981641831
3,250,0.9000000000000004,0.006158829618439293,2.210501810326884
3,250,0.9500000000000004,0.01769045403177291,1.7522610206254283
3,250,1.0000000000000004,0.022644700040197908,1.6450334277630794
3,270,0.5,9.400284148353772e-05,4.0268590185070074
3,270,0.55,0.002505648893166445,2.6010797850750493
3,270,0.6000000000000001,0.007683586604558794,2.1144360092695567
3,270,0.6500000000000001,0.0029942335391227684,2.523714329311321
3,270,0.7000000000000002,0.004285979194676723,2.367949941474084
3,270,0.7500000000000002,0.039033514397015814,1.4085623450928384
3,270,0.8000000000000003,0.04084851888322662,1.3888236858268694
3,270,0.8500000000000003,0.020878577650505215,1.6802990908985795
3,270,0.9000000000000004,0.02201336649375973,1.6573135359172457
3,270,0.9500000000000004,0.016771604047125983,1.7754253992006257
3,270,1.0000000000000004,0.011683359484435336,1.9324322603256938
3,290,0.5,0.0002767112998616768,3.5579731055234145
3,290,0.55,0.007425417502608283,2.1292791226193124
3,290,0.6000000000000001,0.006910747556899297,2.1604749711097506
3,290,0.6500000000000001,0.0017251847114827625,2.763164399209191
3,290,0.7000000000000002,0.005432095233341873,2.265032624781988
3,290,0.7500000000000002,0.0376863152463727,1.4238163233197643
3,290,0.8000000000000003,0.04425499079633909,1.354037745235337
3,290,0.8500000000000003,0.006305508208605866,2.2002799046026347
3,290,0.9000000000000004,0.011185771645481167,1.951334050922283
3,290,0.9500000000000004,0.01264984703406639,1.8979147260820404
3,290,1.0000000000000004,0.013904309494569472,1.856850573872411
3,310,0.5,0.00027937522306448274,3.5538121127655624
3,310,0.55,0.0077056594896815055,2.113190186215793
3,310,0.6000000000000001,0.006030084292248132,2.2196766169805175
3,310,0.6500000000000001,0.0014569442533944545,2.836557065187008
3,310,0.7000000000000002,0.002889420186895398,2.5391892973455956
3,310,0.7500000000000002,0.03777136105780353,1.4228373654704995
3,310,0.8000000000000003,0.016896321761863217,1.7722078286638525
3,310,0.8500000000000003,0.008378181007843138,2.076850261084101
3,310,0.9000000000000004,0.019419369965363517,1.7117648642840697
3,310,0.9500000000000004,0.008151325595131317,2.0887717591327553
3,310,1.0000000000000004,0.014161870782506344,1.8488793725746875
3,330,0.5,7.95685430601528e-05,4.099258594015444
3,330,0.55,0.005498035193852947,2.2597924844912387
3,330,0.6000000000000001,0.00029502318514051213,3.5301438525543105
3,330,0.6500000000000001,0.0018465803815378508,2.7336317827876977
3,330,0.7000000000000002,0.005592187935544968,2.252418241769057
3,330,0.7500000000000002,0.02543224231881619,1.5946153471087217
3,330,0.8000000000000003,0.012295507754045566,1.910253531973909
3,330,0.8500000000000003,0.008959471083625967,2.0477176278649676
3,330,0.9000000000000004,0.009312750207558501,2.030922045808512
3,330,0.9500000000000004,0.0036946416850109046,2.4324276741211768
3,330,1.0000000000000004,0.08165718756238866,1.0880055821300099
3,350,0.5,6.436498152794626e-05,4.191350351049449
3,350,0.55,0.010707557806277579,1.9703095723243786
3,350,0.6000000000000001,0.0069278999518962965,2.15939839273625
3,350,0.6500000000000001,0.0007179354089568712,3.143914626503438
3,350,0.7000000000000002,0.0025998595095482174,2.58505011967398
3,350,0.7500000000000002,0.006685995963228658,2.1748338899552433
3,350,0.8000000000000003,0.01345308722664736,1.8711780419332815
3,350,0.8500000000000003,0.004052750475206902,2.3922501346192044
3,350,0.9000000000000004,0.018209640388666598,1.7396986307432372
3,350,0.9500000000000004,0.013876503604030373,1.8577199471924262
3,350,1.0000000000000004,2.970268474995008,-0.47279570586241104
3,370,0.5,0.00037807443648175455,3.422422686483637
3,370,0.55,0.0036736622387495356,2.4349007757902554
3,370,0.6000000000000001,0.005669638605505253,2.2464446230536477
3,370,0.6500000000000001,0.0008620536676512347,3.064465696078698
3,370,0.7000000000000002,0.008211753786093514,2.085564080604901
3,370,0.7500000000000002,0.013724731489230072,1.8624961433358966
3,370,0.8000000000000003,0.003417713055117862,2.4662644026480933
3,370,0.8500000000000003,0.040205429724088575,1.3957152916923292
3,370,0.9000000000000004,0.014365261485382034,1.842686464303085
3,370,0.9500000000000004,0.0030883675286604044,2.510271022399996
3,370,1.0000000000000004,4.8436680284227815,-0.6851743701513109
3,390,0.5,0.00034404943453697826,3.463379151602422
3,390,0.55,0.0023652794496003236,2.6261175415013183
3,390,0.6000000000000001,0.0005763878738467313,3.239285164528499
3,390,0.6500000000000001,0.001936337901281477,2.7130188537130504
3,390,0.7000000000000002,0.0052161809908408754,2.2826473478820097
3,390,0.7500000000000002,0.0026331641618624058,2.579522064415184
3,390,0.8000000000000003,0.0024278077617210353,2.614785704470357
3,390,0.8500000000000003,0.0016568011777441233,2.7807296053944253
3,390,0.9000000000000004,0.0027892211641633888,2.554517048097658
3,390,0.9500000000000004,0.0076035329484184806,2.118984567786896
3,390,1.0000000000000004,8.708503312519962,-0.9399435213719654
3,410,0.5,0.0002688691500971426,3.570459025635327
3,410,0.55,0.0033747798523777674,2.471754552319151
3,410,0.6000000000000001,0.0019961551202262004,2.699805712928086
3,410,0.6500000000000001,0.0013261689718673505,2.877401137413629
3,410,0.7000000000000002,0.003389151295481271,2.46990904334143
3,410,0.7500000000000002,0.019126883457128516,1.7183557883436107
3,410,0.8000000000000003,0.00521519301303598,2.282729613805949
3,410,0.8500000000000003,0.0018388918350942295,2.735443815516272
3,410,0.9000000000000004,0.0055965368125329325,2.2520806352203238
3,410,0.9500000000000004,0.004380526675298504,2.3584736706774097
3,410,1.0000000000000004,10.089039673930548,-1.003849829848277
3,430,0.5,0.0005338248166928903,3.272601240398161
3,430,0.55,0.005913945824718422,2.2281226581889357
3,430,0.6000000000000001,0.0019684883167857084,2.705867158455949
3,430,0.6500000000000001,0.0011872044390251958,2.925474488210143
3,430,0.7000000000000002,0.0033607804892787263,2.473559852721904
3,430,0.7500000000000002,0.0008033565288182681,3.09509167248627
3,430,0.8000000000000003,0.006682276354837131,2.1750755674738533
3,430,0.8500000000000003,0.00681555977118236,2.166498469168697
3,430,0.9000000000000004,0.007983444403353183,2.0978096947860525
3,430,0.9500000000000004,0.002756715178840478,2.559608102464331
3,430,1.0000000000000004,7.37795143496921,-0.8679357921764579
3,450,0.5,0.0005063814429467422,3.2955222180252575
3,450,0.55,0.0029035461313854137,2.537071269528376
3,450,0.6000000000000001,0.00331085871092206,2.4800593521310965
3,450,0.6500000000000001,0.0016485992792964004,2.782884894348961
3,450,0.7000000000000002,0.005116749001050654,2.2910058865518748
3,450,0.7500000000000002,0.015339210612552999,1.8141969895026473
3,450,0.8000000000000003,0.006652778586645052,2.176996930213713
3,450,0.8500000000000003,0.007053276257045968,2.151609105725646
3,450,0.9000000000000004,0.009899665766977834,2.0043794678274547
3,450,0.9500000000000004,0.010036665928885434,1.99841053113128
3,450,1.0000000000000004,9.404269429292622,-0.9733250630282803
3,470,0.5,0.00020953159624932332,3.678750478463462
3,470,0.55,0.005999508189713035,2.221884349491037
3,470,0.6000000000000001,0.0013677370110161107,2.8639974008939872
3,470,0.6500000000000001,0.0032935820476550064,2.4823315132153363
3,470,0.7000000000000002,0.0035742018821500947,2.4468209208209686
3,470,0.7500000000000002,0.004432720369099632,2.3533296645922532
3,470,0.8000000000000003,0.0060414718020724905,2.218857247197919
3,470,0.8500000000000003,0.0070287576624610505,2.153121430032391
3,470,0.9000000000000004,0.002951066820964695,2.5300209566648353
3,470,0.9500000000000004,0.004568796143898726,2.340198219391221
3,470,1.0000000000000004,4.163373632752107,-0.619445387432814
3,490,0.5,0.00020132051626078507,3.6961119645806666
3,490,0.55,0.006839384284930002,2.16498299384909
3,490,0.6000000000000001,0.0013055873787470008,2.884194056941184
3,490,0.6500000000000001,0.000918896241502233,3.0367335248348257
3,490,0.7000000000000002,0.0016524265552264853,2.781877834334728
3,490,0.7500000000000002,0.008959626957723238,2.0477100722100836
3,490,0.8000000000000003,0.01579920111059014,1.8013648726679876
3,490,0.8500000000000003,0.010674635432291878,1.9716469483823373
3,490,0.9000000000000004,0.004394590048393354,2.3570816320861407
3,490,0.9500000000000004,0.015648659433435547,1.8055228610311693
3,490,1.0000000000000004,4.855841945759654,-0.6862645423172965
4,50,0.5,0.0028304565299918437,2.5481435106008465
4,50,0.55,0.010758811936486071,1.9682356838662545
4,50,0.6000000000000001,0.15356695637946471,0.8137022231449673
4,50,0.6500000000000001,0.002223216213450025,2.6530182990004745
4,50,0.7000000000000002,0.011894905629900277,1.9246389991564454
4,50,0.7500000000000002,0.0606260243938745,1.2173409100829031
4,50,0.8000000000000003,0.07264680993812184,1.138783451657612
4,50,0.8500000000000003,0.10103876802661402,0.9955119578061031
4,50,0.9000000000000004,0.017133181757104154,1.7661619778845683
4,50,0.9500000000000004,0.016902174797032245,1.772057411268968
4,50,1.0000000000000004,0.033526599168867834,1.4746104977820722
4,70,0.5,0.002619608739877839,2.5817635692913403
4,70,0.55,0.1756280583672277,0.7554060999298017
4,70,0.6000000000000001,0.008475764057166433,2.0718211414016485
4,70,0.6500000000000001,0.03882019342088465,1.4109423050781655
4,70,0.7000000000000002,0.09546816480976697,1.020141425823616
4,70,0.7500000000000002,0.18426207261825117,0.7345640481108369
4,70,0.8000000000000003,0.09639414749991661,1.0159493331682168
4,70,0.8500000000000003,0.10328714282377618,0.9859537360622574
4,70,0.9000000000000004,0.05813124829463023,1.235590351021783
4,70,0.9500000000000004,0.007552436814404656,2.1219128994568908
4,70,1.0000000000000004,0.048523730976342626,1.314045813738229
4,90,0.5,0.001466195058271973,2.8338082485926046
4,90,0.55,0.13885189155982947,0.8574481995406552
4,90,0.6000000000000001,0.04268074251225725,1.369768033807758
4,90,0.6500000000000001,0.1405532797808,0.8521590157692105
4,90,0.7000000000000002,0.02349920361493237,1.6289468556644742
4,90,0.7500000000000002,0.1631317548613443,0.7874614919412719
4,90,0.8000000000000003,0.008944033879171762,2.0484665643872715
4,90,0.8500000000000003,0.01878683179489413,1.7261464530025623
4,90,0.9000000000000004,0.029582157483079092,1.5289701552604502
4,90,0.9500000000000004,0.058951418585100404,1.2295057397416054
4,90,1.0000000000000004,0.027705103312480564,1.5574402260145785
4,110,0.5,0.001956707531986828,2.7084740832517484
4,110,0.55,0.23791800989815834,0.6235726815300185
4,110,0.6000000000000001,0.10230964421109122,0.9900834256207616
4,110,0.6500000000000001,0.06226972625027543,1.2057230435166943
4,110,0.7000000000000002,0.11308891087766351,0.9465799784587173
4,110,0.7500000000000002,0.07132490795816705,1.1467587801095254
4,110,0.8000000000000003,0.07582287054412991,1.1201997778378752
4,110,0.8500000000000003,0.06532477777993476,1.1849220589693663
4,110,0.9000000000000004,0.05714885206967547,1.2429924887124881
4,110,0.9500000000000004,0.010487176983139643,1.9793414027163256
4,110,1.0000000000000004,0.03511165986507218,1.4545486392557507
4,130,0.5,0.0013618044083451868,2.8658852642853816
4,130,0.55,0.11129155583197729,0.9535377862016639
4,130,0.6000000000000001,0.006786086594148179,2.1683806028222343
4,130,0.6500000000000001,0.06290292873014253,1.2013291335415488
4,130,0.7000000000000002,0.0071219340606789045,2.147402051613164
4,130,0.7500000000000002,0.04523417100408056,1.3445333644862776
4,130,0.8000000000000003,0.10219584775771512,0.9905667493338455
4,130,0.8500000000000003,0.03215971109303712,1.4926878613932177
4,130,0.9000000000000004,0.025460120108075794,1.5941395518940087
4,130,0.9500000000000004,0.06126737238971899,1.2127707451146923
4,130,1.0000000000000004,0.020391606056586,1.6905485675497482
4,150,0.5,0.0005384696844692304,3.268838742205067
4,150,0.55,0.07107956777090707,1.1482552217682656
4,150,0.6000000000000001,0.04626147697067375,1.334780505807208
4,150,0.6500000000000001,0.05783169195243166,1.2378341015775105
4,150,0.7000000000000002,0.004448417311093761,2.3517944778549515
4,150,0.7500000000000002,0.07889353571272717,1.1029585800517179
4,150,0.8000000000000003,0.04610139672055391,1.3362859167179348
4,150,0.8500000000000003,0.005968306895890147,2.224148853135123
4,150,0.9000000000000004,0.02361888180168645,1.626740667215844
4,150,0.9500000000000004,0.033152596762544534,1.4794824486928306
4,150,1.0000000000000004,0.023676544212495338,1.6256816861960695
4,170,0.5,0.0013818262053422019,2.859546575490887
4,170,0.55,0.019037541551199053,1.7203891357669043
4,170,0.6000000000000001,0.010087218126758977,1.9962285878538661
4,170,0.6500000000000001,0.06332971476648733,1.1983924680064657
4,170,0.7000000000000002,0.005574369385129092,2.2538042561810263
4,170,0.7500000000000002,0.0485591731512687,1.3137287168854066
4,170,0.8000000000000003,0.05965808516927236,1.224330690192268
4,170,0.8500000000000003,0.04482127181386505,1.3485158244206115
4,170,0.9000000000000004,0.013018180017533227,1.8854497272571271
4,170,0.9500000000000004,0.028987805595212614,1.537784659911008
4,170,1.0000000000000004,0.01689733808430309,1.7721817064131338
4,190,0.5,0.0027446345409249725,2.5615154754128215
4,190,0.55,0.054464080612914675,1.2638898231267712
4,190,0.6000000000000001,0.026860082065130856,1.5708926647730725
4,190,0.6500000000000001,0.3516843748175735,0.4538469267676531
4,190,0.7000000000000002,0.03587965300972749,1.445151765647157
4,190,0.7500000000000002,0.07206430126902216,1.142279819903533
4,190,0.8000000000000003,0.04176962751577061,1.3791393975758344
4,190,0.8500000000000003,0.010330118139032004,1.9858947117004848
4,190,0.9000000000000004,0.029858567922906358,1.5249310257501099
4,190,0.9500000000000004,0.016311137821094876,1.7875157426882815
4,190,1.0000000000000004,0.007014497531810133,2.1540034332568374
4,210,0.5,0.0011169850578981733,2.9519526364777438
4,210,0.55,0.22513910480196828,0.647549065085122
4,210,0.6000000000000001,0.025057680991665495,1.6010591240491783
4,210,0.6500000000000001,0.0033239385258222657,2.4783470168202517
4,210,0.7000000000000002,0.0012921703869894655,2.8886802160233174
4,210,0.7500000000000002,0.03780272985196895,1.422476837283435
4,210,0.8000000000000003,0.046125236840469284,1.3360613908438355
4,210,0.8500000000000003,0.017630140558786943,1.7537442252127478
4,210,0.9000000000000004,0.0027636781896603463,2.558512528805604
4,210,0.9500000000000004,0.006702547776965179,2.1737600816049283
4,210,1.0000000000000004,0.014974703214352967,1.8246417761938145
4,230,0.5,0.0007731646907244013,3.1117279877703625
4,230,0.55,0.04149514327748697,1.3820027315100576
4,230,0.6000000000000001,0.002448338877313254,2.6111284711827016
4,230,0.6500000000000001,0.003462140867361501,2.46065526555561
4,230,0.7000000000000002,0.013480953209528723,1.8702793986758859
4,230,0.7500000000000002,0.00923244254710042,2.0346833862553635
4,230,0.8000000000000003,0.09324648400316202,1.0303675349274597
4,230,0.8500000000000003,0.017336407611258525,1.7610408904953885
4,230,0.9000000000000004,0.023079493594754502,1.6367737246071434
4,230,0.9500000000000004,0.01883312373793845,1.7250776401726104
4,230,1.0000000000000004,0.019873509732448058,1.7017254281678604
4,250,0.5,0.0024572077225608175,2.60955812844108
4,250,0.55,0.011852581191403685,1.9261870610368204
4,250,0.6000000000000001,0.0036791351229980003,2.434254261613077
4,250,0.6500000000000001,0.005068246588497019,2.2951422632798537
4,250,0.7000000000000002,0.007037618578565579,2.152574274544455
4,250,0.7500000000000002,0.010552124775485321,1.9766600820386087
4,250,0.8000000000000003,0.022507683282294494,1.6476692046660624
4,250,0.8500000000000003,0.022581897904663344,1.6462395604232605
4,250,0.9000000000000004,0.007238453028199294,2.140354239480083
4,250,0.9500000000000004,0.0070454109573212,2.152093669511112
4,250,1.0000000000000004,0.06405644806252354,1.1934371466839613
4,270,0.5,0.0022103993371541133,2.655529258326052
4,270,0.55,0.011924184656716796,1.923571307146938
4,270,0.6000000000000001,0.018972190301911742,1.7218825277764562
4,270,0.6500000000000001,0.005996031568562206,2.222136089296694
4,270,0.7000000000000002,0.003120828577130513,2.505730085884785
4,270,0.7500000000000002,0.013613016569339728,1.8660456268720058
4,270,0.8000000000000003,0.024864244331060555,1.6044247352187069
4,270,0.8500000000000003,0.030355886370438078,1.517757081513811
4,270,0.9000000000000004,0.009520356493042283,2.0213467890039327
4,270,0.9500000000000004,0.0124599615976876,1.9044832961951532
4,270,1.0000000000000004,1.9483453833601316,-0.2896659467887844
4,290,0.5,0.00284770874131222,2.5455044316466213
4,290,0.55,0.22131668527957718,0.6549858429562089
4,290,0.6000000000000001,0.00942943243560269,2.0255144469767687
4,290,0.6500000000000001,0.0037177092282512304,2.429724580541587
4,290,0.7000000000000002,0.005718013162428114,2.242754849264263
4,290,0.7500000000000002,0.04664936130359864,1.3311542979886837
4,290,0.8000000000000003,0.026227218317011178,1.5812477686408577
4,290,0.8500000000000003,0.047049937605566666,1.3274409481682028
4,290,0.9000000000000004,0.006982689552419495,2.155977266088475
4,290,0.9500000000000004,0.0172708282717252,1.762686834105148
4,290,1.0000000000000004,6.460215111588784,-0.8102469793295439
4,310,0.5,0.0019026611872025548,2.720638540997684
4,310,0.55,0.004979041645641031,2.3028542411885984
4,310,0.6000000000000001,0.002596154019775463,2.58566954609571
4,310,0.6500000000000001,0.0035752666632750518,2.4466915605566397
4,310,0.7000000000000002,0.005266577260959289,2.2784715403098486
4,310,0.7500000000000002,0.015333688826097116,1.8143533543366102
4,310,0.8000000000000003,0.0024979213974162156,2.6024212317767303
4,310,0.8500000000000003,0.015252304123026406,1.8166645437055144
4,310,0.9000000000000004,0.007669039645463906,2.1152590171186585
4,310,0.9500000000000004,0.056309824045716994,1.2494158297197897
4,310,1.0000000000000004,6.2744213191478515,-0.7975736776447316
4,330,0.5,0.002682615556521392,2.571441561261853
4,330,0.55,0.010723494757756837,1.9696636561855472
4,330,0.6000000000000001,0.0022747830140798235,2.6430600233066928
4,330,0.6500000000000001,0.0016066271314939832,2.794084903276616
4,330,0.7000000000000002,0.017839775865551147,1.7486106062920603
4,330,0.7500000000000002,0.004018534033149846,2.3959323492605615
4,330,0.8000000000000003,0.008754952254507469,2.0577462180169124
4,330,0.8500000000000003,0.01806700918371094,1.7431137346839194
4,330,0.9000000000000004,0.004141405223771678,2.382852273038354
4,330,0.9500000000000004,0.03341002500318187,1.4761231993472068
4,330,1.0000000000000004,4.895639520905178,-0.6898094320449129
4,350,0.5,0.0005247053685191293,3.280084492298123
4,350,0.55,0.0026978331662204378,2.568984910568532
4,350,0.6000000000000001,0.0037252233943940896,2.428847678340235
4,350,0.6500000000000001,0.002052042065801312,2.687813740656648
4,350,0.7000000000000002,0.0018781263336555274,2.7262751979250037
4,350,0.7500000000000002,0.007395080994771955,2.131057065022073
4,350,0.8000000000000003,0.00863214662422609,2.0638811914076887
4,350,0.8500000000000003,0.015439125422389482,1.8113773047119381
4,350,0.9000000000000004,0.0055249520188002475,2.2576714892375613
4,350,0.9500000000000004,0.038333216035532476,1.4164247432842836
4,350,1.0000000000000004,3.773282065461773,-0.5767192713803877
4,370,0.5,0.0011891729834729134,2.9247549659840137
4,370,0.55,0.012066942893874251,1.9184027425363088
4,370,0.6000000000000001,0.0006705658441002653,3.1735585715403
4,370,0.6500000000000001,0.0004885832122802772,3.3110614594651078
4,370,0.7000000000000002,0.005351263413049185,2.2715436705884313
4,370,0.7500000000000002,0.017991744401802436,1.7449267272964835
4,370,0.8000000000000003,0.008098700069201012,2.0915846845878825
4,370,0.8500000000000003,0.013644252439405067,1.8650502540824034
4,370,0.9000000000000004,0.00881094729901007,2.0549773963988454
4,370,0.9500000000000004,0.03356035049181541,1.4741735122096504
4,370,1.0000000000000004,4.456206683553648,-0.6489653256677372
4,390,0.5,0.0027365699706445924,2.5627934430170547
4,390,0.55,0.03222852273833254,1.4917596008262957
4,390,0.6000000000000001,0.0017556063354796157,2.755572860580042
4,390,0.6500000000000001,0.0011329038470014748,2.9458069484673377
4,390,0.7000000000000002,0.008051062705923064,2.0941467908300053
4,390,0.7500000000000002,0.008745881832651079,2.058196394790644
4,390,0.8000000000000003,0.003253974507585803,2.4875858537526274
4,390,0.8500000000000003,0.004337197514440839,2.362790799783786
4,390,0.9000000000000004,0.0036387665702783756,2.439045803850879
4,390,0.9500000000000004,0.025622476284201348,1.5913789001731118
4,390,1.0000000000000004,4.92678830719933,-0.6925639020373766
4,410,0.5,0.001152692372990154,2.93828658042321
4,410,0.55,0.024824656148754662,1.60511675829009
4,410,0.6000000000000001,0.01292684722371476,1.888507383882441
4,410,0.6500000000000001,0.0029362324825823564,2.5322095611859896
4,410,0.7000000000000002,0.009254714156104245,2.033636990454428
4,410,0.7500000000000002,0.008963727682215612,2.047511345790203
4,410,0.8000000000000003,0.00999369977467106,2.0002737015376346
4,410,0.8500000000000003,0.022088234898045227,1.6558389878255837
4,410,0.9000000000000004,0.004023353516787404,2.3954118059460723
4,410,0.9500000000000004,0.04063446338525664,1.3911054711236706
4,410,1.0000000000000004,4.685952451034348,-0.670797877441018
4,430,0.5,0.0007998019749212095,3.0970175278139944
4,430,0.55,0.0009137122187463653,3.039190567384782
4,430,0.6000000000000001,0.006534340098136321,2.184798265192684
4,430,0.6500000000000001,0.005523424592089845,2.257791570769795
4,430,0.7000000000000002,0.0013558340405693601,2.8677934665721376
4,430,0.7500000000000002,0.013910576730694027,1.8566548638421994
4,430,0.8000000000000003,0.008367727768566105,2.077392457364554
4,430,0.8500000000000003,0.015800587867439795,1.8013267546382532
4,430,0.9000000000000004,0.006935736766955223,2.158907398061862
4,430,0.9500000000000004,0.02181841559328615,1.6611767901398151
4,430,1.0000000000000004,5.924348958414281,-0.7726406315929754
4,450,0.5,0.0008333550787353782,3.0791699135057446
4,450,0.55,0.007676349654765109,2.1148452515399296
4,450,0.6000000000000001,0.006012238484582556,2.2209638007923793
4,450,0.6500000000000001,0.0006990824089288958,3.1554716259231017
4,450,0.7000000000000002,0.005155450914985205,2.2877333437023606
4,450,0.7500000000000002,0.008552169468913146,2.067923701779095
4,450,0.8000000000000003,0.006896011926864343,2.1614019960570543
4,450,0.8500000000000003,0.013184868571018128,1.8799241949692251
4,450,0.9000000000000004,0.006536274428419417,2.184669722043844
4,450,0.9500000000000004,0.018286740610724227,1.737863695339345
4,450,1.0000000000000004,5.126013341525073,-0.709779732192193
4,470,0.5,0.0009485650951911079,3.0229328603343646
4,470,0.55,0.006119727275476423,2.2132679316771218
4,470,0.6000000000000001,0.008203311211781384,2.086010812160407
4,470,0.6500000000000001,0.005876042991466066,2.2309150353991094
4,470,0.7000000000000002,0.008375848300791779,2.0769711969841387
4,470,0.7500000000000002,0.012880869297196817,1.8900548265541477
4,470,0.8000000000000003,0.017380097622649974,1.7599477884823396
4,470,0.8500000000000003,0.046706014444878124,1.330627190696506
4,470,0.9000000000000004,0.00585185032223503,2.232706790724908
4,470,0.9500000000000004,0.03277847696253364,1.4844112295981633
4,470,1.0000000000000004,7.434420972810694,-0.871247149306434
4,490,0.5,0.0036385213221490683,2.439075075719979
4,490,0.55,0.012521186259398862,1.9023545240404567
4,490,0.6000000000000001,0.0015074309673501567,2.8217625672046367
4,490,0.6500000000000001,0.002143081933336102,2.6689612248911887
4,490,0.7000000000000002,0.0019734855264886123,2.7047660543655923
4,490,0.7500000000000002,0.011782024371128796,1.9287800832605408
4,490,0.8000000000000003,0.012927735459992398,1.8884775434383794
4,490,0.8500000000000003,0.01354021521716482,1.8683744326313567
4,490,0.9000000000000004,0.011106643185081717,1.9544171801662045
4,490,0.9500000000000004,0.017205704616986083,1.7643275372248088
4,490,1.0000000000000004,15.380113434064166,-1.1869595385607605
5,50,0.5,0.0016669657989659165,2.7780733104735837
5,50,0.55,0.14576567109869734,0.8363447435615328
5,50,0.6000000000000001,0.007204971751514865,2.142367717582159
5,50,0.6500000000000001,0.013218455419849793,1.878819289315303
5,50,0.7000000000000002,0.004217009303998175,2.374995440799078
5,50,0.7500000000000002,0.21304827345716532,0.6715219809709871
5,50,0.8000000000000003,0.09569785293154125,1.019097805905958
5,50,0.8500000000000003,0.004863216506787763,2.313076395533577
5,50,0.9000000000000004,0.1134127207932049,0.9453382306242891
5,50,0.9500000000000004,0.10276480538823406,0.9881555958732017
5,50,1.0000000000000004,0.03162717235129986,1.4999396347400509
5,70,0.5,0.0004703626546925468,3.3275671671717095
5,70,0.55,0.2773536252435058,0.5569661531564795
5,70,0.6000000000000001,0.00997799894742827,2.0009565462102383
5,70,0.6500000000000001,0.0040909026166357325,2.388180858697939
5,70,0.7000000000000002,0.01821592248246796,1.7395488305213747
5,70,0.7500000000000002,0.25528090564149425,0.5929816680968796
5,70,0.8000000000000003,0.04052573778666474,1.3922690699091662
5,70,0.8500000000000003,0.05157209714219999,1.2875852079617762
5,70,0.9000000000000004,0.009611365497961216,2.017214907222037
5,70,0.9500000000000004,0.04554955450113599,1.3415158663011804
5,70,1.0000000000000004,0.007185751242631534,2.1435278213398865
5,90,0.5,0.00019695898218221773,3.7056242086947884
5,90,0.55,0.027853512531788735,1.5551200293239094
5,90,0.6000000000000001,0.13356150395404995,0.8743186992667571
5,90,0.6500000000000001,0.053196967839886686,1.2741131212375487
5,90,0.7000000000000002,0.028579115309714978,1.5439512192838794
5,90,0.7500000000000002,0.09657763365218368,1.0151234399005622
5,90,0.8000000000000003,0.003008731345452823,2.5216165893939446
5,90,0.8500000000000003,0.02720655367083494,1.5653264680156167
5,90,0.9000000000000004,0.006180651620052896,2.208965735255067
5,90,0.9500000000000004,0.01298833912074836,1.8864463806291125
5,90,1.0000000000000004,0.03456434031600004,1.4613717275087275
5,110,0.5,0.003952208474976017,2.4031601548881234
5,110,0.55,0.022485015859251736,1.6481068017770228
5,110,0.6000000000000001,0.056047929789675224,1.251440424059635
5,110,0.6500000000000001,0.006715459576897229,2.172924260749439
5,110,0.7000000000000002,0.025507020307812232,1.593340272062781
5,110,0.7500000000000002,0.032675391503551,1.4857792001724146
5,110,0.8000000000000003,0.02635202525263299,1.579186001998171
5,110,0.8500000000000003,0.01148866140079186,1.9397305701033583
5,110,0.9000000000000004,0.029013726900250864,1.5373964811851375
5,110,0.9500000000000004,0.009763253483853795,2.010405434932583
5,110,1.0000000000000004,0.015646956195075914,1.8055701332772542
5,130,0.5,0.001982635763014166,2.702757064232734
5,130,0.55,0.03798352567300646,1.4204047260322141
5,130,0.6000000000000001,0.19629317080097658,0.7070948095953267
5,130,0.6500000000000001,0.13630653144644514,0.8654833334302684
5,130,0.7000000000000002,0.15351342373066687,0.8138536423545029
5,130,0.7500000000000002,0.026492843442567696,1.576871426937018
5,130,0.8000000000000003,0.048813421016676344,1.3114607543881158
5,130,0.8500000000000003,0.002112046163393508,2.6752965935776367
5,130,0.9000000000000004,0.020989580729950198,1.6779962364289216
5,130,0.9500000000000004,0.012194258520402533,1.913844602097914
5,130,1.0000000000000004,0.019294917844957474,1.714557066253382
5,150,0.5,0.0011206495202076927,2.9505301904729784
5,150,0.55,0.025842675243003488,1.587662530029319
5,150,0.6000000000000001,0.0580534544617041,1.2361719325314544
5,150,0.6500000000000001,0.17343288303689525,0.760868556412587
5,150,0.7000000000000002,0.005540861015460838,2.25642274335669
5,150,0.7500000000000002,0.0946808375533807,1.023737908926281
5,150,0.8000000000000003,0.0023868913068539437,2.6221673572430704
5,150,0.8500000000000003,0.029710455876897024,1.5270906843356205
5,150,0.9000000000000004,0.025809479955817213,1.5882207461184443
5,150,0.9500000000000004,0.013262722694874492,1.8773673107744362
5,150,1.0000000000000004,0.023897955031229896,1.6216392604179701
5,170,0.5,0.0015226887768424553,2.8173888532706473
5,170,0.55,0.010673337786507092,1.971699745938219
5,170,0.6000000000000001,0.0018822588275039262,2.7253206574083078
5,170,0.6500000000000001,0.01642985617834637,1.784366238221903
5,170,0.7000000000000002,0.027658050770088174,1.5581784305037998
5,170,0.7500000000000002,0.008344354518652064,2.0786072527330615
5,170,0.8000000000000003,0.009358876162439503,2.0287762993126037
5,170,0.8500000000000003,0.03970447039997629,1.4011605924625614
5,170,0.9000000000000004,0.004630892934586676,2.334335259700496
5,170,0.9500000000000004,0.004005019063357693,2.3973954123908925
5,170,1.0000000000000004,0.009726404110579033,2.0120476904177877
5,190,0.5,0.00279045080181792,2.5543256300859882
5,190,0.55,0.033017507776747085,1.481255711196018
5,190,0.6000000000000001,0.019715468627041967,1.705192895500747
5,190,0.6500000000000001,0.020868534747072443,1.6805080432009922
5,190,0.7000000000000002,0.01187816182646969,1.9252507622494277
5,190,0.7500000000000002,0.05419062320209325,1.266075854492796
5,190,0.8000000000000003,0.00586284418781306,2.2318916475638257
5,190,0.8500000000000003,0.010704764272255344,1.9704228917871909
5,190,0.9000000000000004,0.004569596513154208,2.3401221456296586
5,190,0.9500000000000004,0.009703415331163687,2.013075379299252
5,190,1.0000000000000004,0.006704197904534562,2.173653174034894
5,210,0.5,0.0024098884544824736,2.618003058970306
5,210,0.55,0.004340945481832165,2.362415668454812
5,210,0.6000000000000001,0.01713462373111662,1.7661254280473022
5,210,0.6500000000000001,0.062480927627467354,1.204252531299454
5,210,0.7000000000000002,0.02406113795281559,1.6186838368905325
5,210,0.7500000000000002,0.022905887022490887,1.640052885659821
5,210,0.8000000000000003,0.01200948814740422,1.9204755021304
5,210,0.8500000000000003,0.0159175428105667,1.7981239734183923
5,210,0.9000000000000004,0.006521851297565048,2.185629107612733
5,210,0.9500000000000004,0.007217044228033551,2.141640633217945
5,210,1.0000000000000004,0.03262011178717706,1.4865145549919123
5,230,0.5,0.0016950756391392791,2.77081091756245
5,230,0.55,0.03873391053074017,1.4119086549326216
5,230,0.6000000000000001,0.023549330652443693,1.628021432402659
5,230,0.6500000000000001,0.08727293356380877,1.0591204255554303
5,230,0.7000000000000002,0.005608370292611423,2.251163319804455
5,230,0.7500000000000002,0.008267787557576355,2.082610691183314
5,230,0.8000000000000003,0.02468659814936778,1.6075387523826679
5,230,0.8500000000000003,0.007944380853951277,2.099939943917927
5,230,0.9000000000000004,0.003384553801541672,2.4704985778802246
5,230,0.9500000000000004,0.008167809015571282,2.0878944257268794
5,230,1.0000000000000004,0.3996853007597566,0.3982818235095049
5,250,0.5,0.0015193222714609035,2.818350095872439
5,250,0.55,0.007386652358190928,2.131552339922035
5,250,0.6000000000000001,0.005504052540973674,2.2593174290338043
5,250,0.6500000000000001,0.027770207355456083,1.556420877433964
5,250,0.7000000000000002,0.027804542241543728,1.5558842505100472
5,250,0.7500000000000002,0.006677528796383117,2.175384230437504
5,250,0.8000000000000003,0.00957861513169081,2.0186972763223583
5,250,0.8500000000000003,0.004874183788932204,2.312098099071231
5,250,0.9000000000000004,0.0048634925094816475,2.3130517486675557
5,250,0.9500000000000004,0.02101455392839267,1.6774798242402085
5,250,1.0000000000000004,0.64542194396655,0.1901562729240998
5,270,0.5,0.0015905857860105744,2.7984429028619853
5,270,0.55,0.004526069217518842,2.344278808632147
5,270,0.6000000000000001,0.008325218642384993,2.079604351943635
5,270,0.6500000000000001,0.011187830808188613,1.9512541100182144
5,270,0.7000000000000002,0.01966418540815413,1.7063240395960146
5,270,0.7500000000000002,0.01596115852112017,1.7969355891087644
5,270,0.8000000000000003,0.0142769254334759,1.8453653087392337
5,270,0.8500000000000003,0.0035223681644226804,2.4531652527353462
5,270,0.9000000000000004,0.013900997808174761,1.8569540251393333
5,270,0.9500000000000004,0.013455419503744416,1.8711027575567678
5,270,1.0000000000000004,1.1494828872213187,-0.06050251015016746
5,290,0.5,0.0019053575428403106,2.720023516412227
5,290,0.55,0.0075703995915140255,2.1208811963507266
5,290,0.6000000000000001,0.00301331411740901,2.5209555937342905
5,290,0.6500000000000001,0.03419355227718785,1.4660557791612054
5,290,0.7000000000000002,0.01261538635192771,1.8990994444772888
5,290,0.7500000000000002,0.006631096602004423,2.178414645227507
5,290,0.8000000000000003,0.007829549682687667,2.1062632157131764
5,290,0.8500000000000003,0.009609818213521866,2.017284827691607
5,290,0.9000000000000004,0.004483939150639318,2.348340289636583
5,290,0.9500000000000004,0.02577526961637633,1.5887967831815144
5,290,1.0000000000000004,2.040158486348033,-0.30966390618711237
5,310,0.5,0.0014617624629276959,2.8351231946976885
5,310,0.55,0.007821181265980694,2.106727648659648
5,310,0.6000000000000001,0.0005228108765288477,3.281655385958889
5,310,0.6500000000000001,0.04793657839141025,1.3193329681905943
5,310,0.7000000000000002,0.0063002783616874156,2.2006402619314738
5,310,0.7500000000000002,0.008225394951325977,2.0848432397532535
5,310,0.8000000000000003,0.008366848255889896,2.077438107460718
5,310,0.8500000000000003,0.007465425064284928,2.1269454594971795
5,310,0.9000000000000004,0.006146597987387836,2.211365190583145
5,310,0.9500000000000004,0.02140817000108302,1.6694204551903384
5,310,1.0000000000000004,1.7488977722197303,-0.24276442453962335
5,330,0.5,0.0018109745284229084,2.7420876580477147
5,330,0.55,0.011868505909784685,1.9256039496196906
5,330,0.6000000000000001,0.021231967131028005,1.6730097668055728
5,330,0.6500000000000001,0.0225868011451652,1.6461452716637186
5,330,0.7000000000000002,0.01052292808562563,1.9778633975881783
5,330,0.7500000000000002,0.004093415653046096,2.3879141540454123
5,330,0.8000000000000003,0.01206316540375303,1.918538717320032
5,330,0.8500000000000003,0.001977860501432993,2.70380434246296
5,330,0.9000000000000004,0.005699469072953743,2.2441655986127342
5,330,0.9500000000000004,0.01832007137518624,1.7370728386491103
5,330,1.0000000000000004,5.28918159771804,-0.7233884782560719
5,350,0.5,0.0010156521397562163,2.993255012182745
5,350,0.55,0.006028186333282623,2.2198133319603026
5,350,0.6000000000000001,0.0005039633265037155,3.297601066087338
5,350,0.6500000000000001,0.011315629963796602,1.946321262992074
5,350,0.7000000000000002,0.02330699754463357,1.6325136695846547
5,350,0.7500000000000002,0.009764516807834593,2.0103492426867415
5,350,0.8000000000000003,0.015712610658326697,1.803751650713691
5,350,0.8500000000000003,0.006078343386803945,2.2162147687540084
5,350,0.9000000000000004,0.004022498123871497,2.3955041497876515
5,350,0.9500000000000004,0.026095202149514392,1.5834393344828426
5,350,1.0000000000000004,7.67631514789657,-0.8851527962071177
5,370,0.5,0.002806491700488119,2.551836237761979
5,370,0.55,0.007492459918271635,2.125375571681619
5,370,0.6000000000000001,0.009060063379900282,2.0428687641946355
5,370,0.6500000000000001,0.0027009229057800865,2.5684878119888297
5,370,0.7000000000000002,0.016236235178317206,1.7895146666485617
5,370,0.7500000000000002,0.00440112143022588,2.356436648762774
5,370,0.8000000000000003,0.011326829698929203,1.9458916291416888
5,370,0.8500000000000003,0.005444125944275843,2.2640718363946135
5,370,0.9000000000000004,0.0061401584693280085,2.2118204201509184
5,370,0.9500000000000004,0.020150799651844423,1.6957077149078505
5,370,1.0000000000000004,18.782029802821658,-1.2737425253384422
5,390,0.5,0.0015908859971803448,2.7983609407616057
5,390,0.55,0.003447080631500546,2.462548557785497
5,390,0.6000000000000001,0.0035371917019890505,2.451341402481001
5,390,0.6500000000000001,0.005375878154446768,2.2695505832301044
5,390,0.7000000000000002,0.024195956171203577,1.616257210849332
5,390,0.7500000000000002,0.012612557393122045,1.8991968445045282
5,390,0.8000000000000003,0.014011403538758595,1.8535183587465345
5,390,0.8500000000000003,0.01069103348474634,1.970980310223625
5,390,0.9000000000000004,0.0017069700926764812,2.7677740879651473
5,390,0.9500000000000004,0.021473285519256046,1.668101501268575
5,390,1.0000000000000004,19.584966373806342,-1.2919228302273675
5,410,0.5,0.0007802892802205386,3.107744359473093
5,410,0.55,0.01339548539887455,1.8730415446736663
5,410,0.6000000000000001,0.014461051301848672,1.8398001331829081
5,410,0.6500000000000001,0.024364537977923758,1.6132418196834952
5,410,0.7000000000000002,0.009569751349156051,2.0190993463498397
5,410,0.7500000000000002,0.005389688130373432,2.268436364159545
5,410,0.8000000000000003,0.01341997428756412,1.8722483162668566
5,410,0.8500000000000003,0.0044530165838078195,2.3513456874776217
5,410,0.9000000000000004,0.0023995692814424456,2.6198667064051238
5,410,0.9500000000000004,0.011086768021498548,1.9551950395135829
5,410,1.0000000000000004,23.07494550618148,-1.3631406840688
5,430,0.5,0.0007823048253000656,3.1066239909929765
5,430,0.55,0.007388748598862089,2.1314291099988703
5,430,0.6000000000000001,0.008002299217333707,2.096785213765893
5,430,0.6500000000000001,0.008661505046278634,2.06240663725494
5,430,0.7000000000000002,0.01279245675984558,1.8930460423247486
5,430,0.7500000000000002,0.012510633846737711,1.9027206863763595
5,430,0.8000000000000003,0.018853019072279598,1.724619093127019
5,430,0.8500000000000003,0.0076510693547342315,2.1162778612641344
5,430,0.9000000000000004,0.00930294411058747,2.0313795881515104
5,430,0.9500000000000004,0.015491714992973785,1.8099005014947187
5,430,1.0000000000000004,30.897124389516815,-1.4899180613057657
5,450,0.5,0.0013946373878158463,2.8555386962912443
5,450,0.55,0.023821161355121953,1.623037069140983
5,450,0.6000000000000001,0.004949852932059827,2.3054077044490016
5,450,0.6500000000000001,0.010383058359428468,1.9836747049666084
5,450,0.7000000000000002,0.006944739164466776,2.158344061166114
5,450,0.7500000000000002,0.011687231495072177,1.93228835357808
5,450,0.8000000000000003,0.010609065675907185,1.974322862061444
5,450,0.8500000000000003,0.01260297346655377,1.899526978075553
5,450,0.9000000000000004,0.006329719170726881,2.1986155578039996
5,450,0.9500000000000004,0.024735438953622024,1.6066803782674834
5,450,1.0000000000000004,23.1443125973949,-1.364444286454256
5,470,0.5,0.0021546644456782657,2.66662035461565
5,470,0.55,0.005628275466825933,2.2496246548771706
5,470,0.6000000000000001,0.005433608907857055,2.264911623789314
5,470,0.6500000000000001,0.016141534847003,1.792055171975058
5,470,0.7000000000000002,0.023370474854525564,1.63133246327722
5,470,0.7500000000000002,0.004655453984812938,2.3320379616245375
5,470,0.8000000000000003,0.009963694749104602,2.0015795861144707
5,470,0.8500000000000003,0.00815874863077567,2.0883764471804924
5,470,0.9000000000000004,0.011772837725485406,1.9291188421712109
5,470,0.9500000000000004,0.015031745300263431,1.8229905915841715
5,470,1.0000000000000004,14.720867730212825,-1.1679334104998602
5,490,0.5,0.0012665349435954441,2.8973828235589227
5,490,0.55,0.0006959037969863069,3.1574507939034584
5,490,0.6000000000000001,0.008194569632152643,2.086473850060443
5,490,0.6500000000000001,0.010361313813053582,1.9845851726233097
5,490,0.7000000000000002,0.016574655247779197,1.7805554961385277
5,490,0.7500000000000002,0.016464033942314,1.7834637472375898
5,490,0.8000000000000003,0.014309728540401656,1.8443686048512542
5,490,0.8500000000000003,0.0038578770170701548,2.4136516210827814
5,490,0.9000000000000004,0.005959856505820587,2.2247641965484406
5,490,0.9500000000000004,0.016559648073999907,1.7809488970888163
5,490,1.0000000000000004,13.846600204800444,-1.1413431529278268
6,50,0.5,0.0017503911082593687,2.756864901495943
6,50,0.55,0.00604256651897584,2.2187785600075873
6,50,0.6000000000000001,0.09144869751953923,1.0388224756889877
6,50,0.6500000000000001,0.12285527951807232,0.9106061756405628
6,50,0.7000000000000002,0.08335988392173713,1.0790428987972396
6,50,0.7500000000000002,0.09582612886344465,1.0185160559110522
6,50,0.8000000000000003,0.10551492505334598,0.9766861052017433
6,50,0.8500000000000003,0.05547608082883275,1.2558942277453398
6,50,0.9000000000000004,0.07038246332276989,1.1525355373194581
6,50,0.9500000000000004,0.02762459504323578,1.5587040797060066
6,50,1.0000000000000004,0.016918716500810175,1.7716325867910079
6,70,0.5,0.004505320269221712,2.3462743309420064
6,70,0.55,0.05201406651434219,1.2838791912991692
6,70,0.6000000000000001,0.08594363604577848,1.0657862764234327
6,70,0.6500000000000001,0.10428451816872689,0.9817801611128486
6,70,0.7000000000000002,0.012206637762922277,1.9134039431061058
6,70,0.7500000000000002,0.04108482972549431,1.3863185086035001
6,70,0.8000000000000003,0.03439482193320629,1.463506934611708
6,70,0.8500000000000003,0.028002292109149,1.5528064183144503
6,70,0.9000000000000004,0.024349376060317715,1.6135121628695852
6,70,0.9500000000000004,0.040678242485727066,1.3906378191524198
6,70,1.0000000000000004,0.03516687457538855,1.4538662275027165
6,90,0.5,0.0034705363040342116,2.459603408239215
6,90,0.55,0.16092242795719844,0.7933834235252175
6,90,0.6000000000000001,0.038027779205499684,1.4198990363280655
6,90,0.6500000000000001,0.006246849293980087,2.2043389713362473
6,90,0.7000000000000002,0.048944116019467104,1.310299510885822
6,90,0.7500000000000002,0.011283712339003438,1.947547994049452
6,90,0.8000000000000003,0.014856226444385938,1.8280914895322924
6,90,0.8500000000000003,0.020962028021059346,1.6785667028071871
6,90,0.9000000000000004,0.04274222633244423,1.3691428603021851
6,90,0.9500000000000004,0.034208384385792774,1.4658674364522906
6,90,1.0000000000000004,0.03976990315750872,1.4004454665501218
6,110,0.5,0.0012620055801932845,2.898938724773506
6,110,0.55,0.09244407716416037,1.0341209085969878
6,110,0.6000000000000001,0.028044988128199014,1.552144739496816
6,110,0.6500000000000001,0.014964259348118418,1.8249447735772353
6,110,0.7000000000000002,0.020155316237483376,1.695610383364735
6,110,0.7500000000000002,0.03953223225988144,1.4030486617314777
6,110,0.8000000000000003,0.01816506753389889,1.7407629831827633
6,110,0.8500000000000003,0.04741927981148571,1.324045046230307
6,110,0.9000000000000004,0.01792596440678457,1.7465174702332131
6,110,0.9500000000000004,0.04035904004247966,1.394059172197566
6,110,1.0000000000000004,0.014265892457418704,1.8457010542061016
6,130,0.5,0.005499812358374864,2.2596521274353045
6,130,0.55,0.028746459698212386,1.5414156336945268
6,130,0.6000000000000001,0.10063645457824782,0.9972446718215555
6,130,0.6500000000000001,0.01864353258675799,1.7294717938287247
6,130,0.7000000000000002,0.00725274714231971,2.139497463391626
6,130,0.7500000000000002,0.109569425426314,0.9603106157520469
6,130,0.8000000000000003,0.04514873975044318,1.3453543677661348
6,130,0.8500000000000003,0.019344040257569514,1.7134528126566853
6,130,0.9000000000000004,0.019097431954339626,1.719025028723111
6,130,0.9500000000000004,0.022591509501002586,1.6460547497766815
6,130,1.0000000000000004,0.01923048050848655,1.716009863989443
6,150,0.5,0.0033067714812640104,2.4805958165332824
6,150,0.55,0.021956843775327285,1.6584300881506042
6,150,0.6000000000000001,0.04819875082948564,1.3169642172568223
6,150,0.6500000000000001,0.009947371895629487,2.0022916450822486
6,150,0.7000000000000002,0.007558278690286211,2.1215770987352194
6,150,0.7500000000000002,0.03681842124424633,1.4339348377660601
6,150,0.8000000000000003,0.03577985538580953,1.4463614190864726
6,150,0.8500000000000003,0.007738790688770961,2.1113268995531302
6,150,0.9000000000000004,0.01430927938723188,1.8443822366824956
6,150,0.9500000000000004,0.016892102281053617,1.7723162976021674
6,150,1.0000000000000004,0.00975054099045187,2.010971287619409
6,170,0.5,0.0036007295666446158,2.443609495158656
6,170,0.55,0.0019489640850910818,2.7101961638533765
6,170,0.6000000000000001,0.012503033890877573,1.9029845916164028
6,170,0.6500000000000001,0.030658411716585465,1.5134503478700876
6,170,0.7000000000000002,0.00473275976867968,2.32488553943326
6,170,0.7500000000000002,0.09264552106543242,1.03317557174267
6,170,0.8000000000000003,0.017207909756620145,1.7642718801836266
6,170,0.8500000000000003,0.01173992805364521,1.9303345645876056
6,170,0.9000000000000004,0.008185396379661482,2.086960284934806
6,170,0.9500000000000004,0.01143575204446389,1.9417352697960817
6,170,1.0000000000000004,0.024366093819270847,1.6132140879145005
6,190,0.5,0.006506351837170204,2.1866624555315637
6,190,0.55,0.032683261685306365,1.4856746087722652
6,190,0.6000000000000001,0.003549324092901639,2.4498543429086745
6,190,0.6500000000000001,0.009207988398125293,2.035835236579974
6,190,0.7000000000000002,0.019965520302121956,1.6997193675935534
6,190,0.7500000000000002,0.0328175990649479,1.483893195098466
6,190,0.8000000000000003,0.048713534885889954,1.3123503548105995
6,190,0.8500000000000003,0.003179307823677846,2.497667421235064
6,190,0.9000000000000004,0.012337549424087133,1.90877109453991
6,190,0.9500000000000004,0.04554638086223268,1.3415461265725814
6,190,1.0000000000000004,0.9479986909791831,0.023192262346437936
6,210,0.5,0.004687276762223086,2.3290794026228037
6,210,0.55,0.007603326907481037,2.1189963364811604
6,210,0.6000000000000001,0.008631536581843641,2.0639118845149906
6,210,0.6500000000000001,0.027668542047659457,1.5580137247527357
6,210,0.7000000000000002,0.03105068722807067,1.5079287833760948
6,210,0.7500000000000002,0.043424485455998994,1.3622653188784286
6,210,0.8000000000000003,0.017609810880772108,1.7542453080803169
6,210,0.8500000000000003,0.005994691450315037,2.222233165338122
6,210,0.9000000000000004,0.00677801658803567,2.1688973726359166
6,210,0.9500000000000004,0.029539950405208557,1.5295902381629431
6,210,1.0000000000000004,0.8887402964399467,0.0512251280068658
6,230,0.5,0.001960606207683658,2.7076096266299823
6,230,0.55,0.0036269676852651992,2.440456313780891
6,230,0.6000000000000001,0.02123861604754467,1.6728737862015264
6,230,0.6500000000000001,0.004418408494808865,2.3547341348112965
6,230,0.7000000000000002,0.009480522385803563,2.0231677319634693
6,230,0.7500000000000002,0.011594069136863635,1.935764114205988
6,230,0.8000000000000003,0.012729326498376806,1.8951945740192688
6,230,0.8500000000000003,0.003341265628252968,2.4760889968854167
6,230,0.9000000000000004,0.0022025932309768046,2.6570656997868176
6,230,0.9500000000000004,0.024334861038480024,1.613771129403776
6,230,1.0000000000000004,1.836236041689847,-0.26392850748306906
6,250,0.5,0.001818785655467821,2.740218479679013
6,250,0.55,0.004767507439440136,2.3217086205881383
6,250,0.6000000000000001,0.011242307429491692,1.9491445427660603
6,250,0.6500000000000001,0.011944433987272865,1.9228344254057947
6,250,0.7000000000000002,0.01740471875622739,1.7593329901105381
6,250,0.7500000000000002,0.018977954026182686,1.7217506097714184
6,250,0.8000000000000003,0.007346558587471149,2.133916053633856
6,250,0.8500000000000003,0.009799086927173083,2.0088143897120485
6,250,0.9000000000000004,0.009774466333406237,2.0099069449074185
6,250,0.9500000000000004,0.020229078621062893,1.6940238976988369
6,250,1.0000000000000004,3.7109428993877787,-0.5694842718719336
6,270,0.5,0.005475108419818312,2.261607276366819
6,270,0.55,0.009710991790504752,2.012736413022239
6,270,0.6000000000000001,0.015492293371989388,1.8098842875296308
6,270,0.6500000000000001,0.0020838986813731183,2.6811234001470994
6,270,0.7000000000000002,0.0020039006139140184,2.6981238216765786
6,270,0.7500000000000002,0.005679706580743943,2.2456740997916786
6,270,0.8000000000000003,0.00847026950634722,2.0721027711029
6,270,0.8500000000000003,0.0033236095515386276,2.478390001606379
6,270,0.9000000000000004,0.009858192320709076,2.0062027135694076
6,270,0.9500000000000004,0.04656626604570281,1.3319285849309428
6,270,1.0000000000000004,1.1755743790023814,-0.07025011229412735
6,290,0.5,0.003993886243414265,2.3986043091601172
6,290,0.55,0.005412426360917165,2.2666079994173103
6,290,0.6000000000000001,0.0024396366611993763,2.612674848983398
6,290,0.6500000000000001,0.017898886925206574,1.7471739755715616
6,290,0.7000000000000002,0.011688125923225812,1.9322551181323222
6,290,0.7500000000000002,0.017633277453402745,1.75366695896334
6,290,0.8000000000000003,0.012671483658574368,1.8971725321561486
6,290,0.8500000000000003,0.019847017352655844,1.7023047505941546
6,290,0.9000000000000004,0.003414399516106169,2.4666856638044865
6,290,0.9500000000000004,0.05833880879401479,1.23404244287743
6,290,1.0000000000000004,7.209578127372987,-0.8579098524705531
6,310,0.5,0.006331920689916041,2.1984645335044912
6,310,0.55,0.0013682416879059246,2.863837181524617
6,310,0.6000000000000001,0.008352231956665209,2.078197453027051
6,310,0.6500000000000001,0.01739740650424703,1.7595154887774052
6,310,0.7000000000000002,0.005508915060310312,2.2589339237825894
6,310,0.7500000000000002,0.0199620541621128,1.6997947703949237
6,310,0.8000000000000003,0.015267702392597516,1.8162263141743644
6,310,0.8500000000000003,0.0059474979313735715,2.2256657003446176
6,310,0.9000000000000004,0.011110140796381085,1.954280437305404
6,310,0.9500000000000004,0.05319301830322742,1.2741453660387778
6,310,1.0000000000000004,12.96438015654542,-1.1127517574318544
6,330,0.5,0.004420435664870651,2.3545349257809653
6,330,0.55,0.006040420554128097,2.2189328233028958
6,330,0.6000000000000001,0.019633216906960318,1.7070085353220992
6,330,0.6500000000000001,0.0036037532359999513,2.443244954627658
6,330,0.7000000000000002,0.0017578418379222422,2.7550202032142783
6,330,0.7500000000000002,0.004324643781770558,2.3640496592934204
6,330,0.8000000000000003,0.004384139760548846,2.358115609572121
6,330,0.8500000000000003,0.007869956255438036,2.104027681627552
6,330,0.9000000000000004,0.009993525179677559,2.0002812889483352
6,330,0.9500000000000004,0.04132419043613863,1.3837956457434872
6,330,1.0000000000000004,18.08058042936242,-1.2572123682423895
6,350,0.5,0.0024811300626837204,2.6053504690912295
6,350,0.55,0.003685797254623871,2.433468557782101
6,350,0.6000000000000001,0.014665366101258523,1.8337070909669735
6,350,0.6500000000000001,0.008821363898024766,2.054464262079922
6,350,0.7000000000000002,0.004873482760896409,2.3121605658383437
6,350,0.7500000000000002,0.0128699977393935,1.890421529379142
6,350,0.8000000000000003,0.008526447722618862,2.069231866345513
6,350,0.8500000000000003,0.004545498577095534,2.3424184738488663
6,350,0.9000000000000004,0.007634652663240457,2.1172107162852734
6,350,0.9500000000000004,0.048815397586328586,1.3114431691442203
6,350,1.0000000000000004,33.527464397364376,-1.5254007100088258
6,370,0.5,0.0046457459166705135,2.33294454615124
6,370,0.55,0.010833382030757845,1.9652359415276912
6,370,0.6000000000000001,0.005240201144500966,2.280652042354014
6,370,0.6500000000000001,0.0037785605512748637,2.422673613839526
6,370,0.7000000000000002,0.012281661916933508,1.9107428618171531
6,370,0.7500000000000002,0.006657835093490027,2.1766669659943485
6,370,0.8000000000000003,0.028500445693213732,1.5451483483918453
6,370,0.8500000000000003,0.010408276632815905,1.982621173545923
6,370,0.9000000000000004,0.013225042884922093,1.8786029110012965
6,370,0.9500000000000004,0.05348507459539752,1.271767394150786
6,370,1.0000000000000004,43.282116755483855,-1.6363084922266617
6,390,0.5,0.0120092812623821,1.9204829836979993
6,390,0.55,0.01348387788546604,1.870185189250176
6,390,0.6000000000000001,0.004888262671570492,2.3108454652555603
6,390,0.6500000000000001,0.011487903898302971,1.9397592061633429
6,390,0.7000000000000002,0.007068763907445785,2.1506565232765675
6,390,0.7500000000000002,0.011767946622509885,1.9292993101651277
6,390,0.8000000000000003,0.016826657069581624,1.774002156183402
6,390,0.8500000000000003,0.002237501250681747,2.650236713257177
6,390,0.9000000000000004,0.011042234720299098,1.9569430254763318
6,390,0.9500000000000004,0.05045710269695753,1.2970776907754211
6,390,1.0000000000000004,46.44691349307464,-1.6669568593961153
6,410,0.5,0.004828594858977886,2.316179232349004
6,410,0.55,0.03539328771362994,1.4510790934922098
6,410,0.6000000000000001,0.03712376622759135,1.4303479707913007
6,410,0.6500000000000001,0.025159762959998416,1.5992934548662607
6,410,0.7000000000000002,0.005285363646067691,2.2769251267960118
6,410,0.7500000000000002,0.024725310370112087,1.6068582481157772
6,410,0.8000000000000003,0.02794838329539518,1.5536433092872526
6,410,0.8500000000000003,0.01541205502775322,1.812139449035697
6,410,0.9000000000000004,0.00437371554022184,2.3591494662296335
6,410,0.9500000000000004,0.05291139466505344,1.2764507909655025
6,410,1.0000000000000004,44.820751237792756,-1.6514791314425448
6,430,0.5,0.004394669595153907,2.3570737709645986
6,430,0.55,0.0046514755672339685,2.3324092559159215
6,430,0.6000000000000001,0.01639312362478576,1.7853382859807028
6,430,0.6500000000000001,0.025962615806349218,1.585651553280291
6,430,0.7000000000000002,0.004798973974589148,2.3188516052922026
6,430,0.7500000000000002,0.00781843189304722,2.1068803426545517
6,430,0.8000000000000003,0.011131805562012986,1.9534343880442746
6,430,0.8500000000000003,0.01085028242190536,1.964558957421095
6,430,0.9000000000000004,0.005739609491444263,2.2411176548982277
6,430,0.9500000000000004,0.05199273449457182,1.2840573407762064
6,430,1.0000000000000004,40.70410472748319,-1.6096382070288602
6,450,0.5,0.001872851303551651,2.727496702395473
6,450,0.55,0.004021232263893035,2.395640841591465
6,450,0.6000000000000001,0.006191049982588364,2.208235689756326
6,450,0.6500000000000001,0.0042491370381561285,2.371699262331219
6,450,0.7000000000000002,0.01708191853264726,1.7674633537084903
6,450,0.7500000000000002,0.01691881663674088,1.7716300163623677
6,450,0.8000000000000003,0.02146093561326496,1.668351348408241
6,450,0.8500000000000003,0.0049714287426063175,2.303518781113916
6,450,0.9000000000000004,0.007005944255010079,2.154533322604657
6,450,0.9500000000000004,0.06130719089773288,1.2124885828380738
6,450,1.0000000000000004,38.37358051191278,-1.584032323671031
6,470,0.5,0.0003115603841876021,3.5064577693001877
6,470,0.55,0.026847759227151446,1.5710919556215217
6,470,0.6000000000000001,0.008406362690405464,2.075391876400089
6,470,0.6500000000000001,0.015031523674249552,1.8229969948103115
6,470,0.7000000000000002,0.018189155350026902,1.7401874678050977
6,470,0.7500000000000002,0.02113680127324362,1.6749607357840435
6,470,0.8000000000000003,0.01878468340397035,1.7261961201144287
6,470,0.8500000000000003,0.0029741377388405993,2.526638922218498
6,470,0.9000000000000004,0.006494509952429976,2.1874536133337945
6,470,0.9500000000000004,0.04128750520046168,1.384181358597976
6,470,1.0000000000000004,14.123388105865727,-1.1499388935411186
6,490,0.5,0.006013963734668541,2.220839195104943
6,490,0.55,0.005394457784880326,2.268052201188407
6,490,0.6000000000000001,0.003367547774985272,2.472686234278979
6,490,0.6500000000000001,0.009910018335882535,2.0039255419662645
6,490,0.7000000000000002,0.004404149310686489,2.356137965879208
6,490,0.7500000000000002,0.016192661589486096,1.7906817603495988
6,490,0.8000000000000003,0.04693429727584829,1.3285096802271465
6,490,0.8500000000000003,0.007660453511349696,2.115745518664206
6,490,0.9000000000000004,0.005114851168704131,2.29116699881417
6,490,0.9500000000000004,0.05130778004852135,1.2898167757077856
6,490,1.0000000000000004,15.534749921658934,-1.1913042663764617
7,50,0.5,0.002556611450382267,2.5923352703221463
7,50,0.55,0.2197072009003615,0.6581557088508034
7,50,0.6000000000000001,0.061342990829320265,1.2122350534431146
7,50,0.6500000000000001,0.027981308708431234,1.5531319770651184
7,50,0.7000000000000002,0.009790320154560371,2.009203106043083
7,50,0.7500000000000002,0.10362435336387292,0.9845381665152817
7,50,0.8000000000000003,0.027942470045346435,1.5537352059652372
7,50,0.8500000000000003,0.023603606658285446,1.6270216312623
7,50,0.9000000000000004,0.04190615024057649,1.3777222343240856
7,50,0.9500000000000004,0.03652341296201459,1.4374286462167758
7,50,1.0000000000000004,0.03220628629455894,1.492059350770661
7,70,0.5,0.0031556150558583597,2.5009159805301024
7,70,0.55,0.080928625221259,1.0918978371422594
7,70,0.6000000000000001,0.010684501245382982,1.9712457459784827
7,70,0.6500000000000001,0.07330525675196986,1.134864880795235
7,70,0.7000000000000002,0.08216505168565331,1.085312867222868
7,70,0.7500000000000002,0.01219363027011103,1.9138669776005464
7,70,0.8000000000000003,0.011969603100845343,1.9219202500923804
7,70,0.8500000000000003,0.03944730482768434,1.403982663898154
7,70,0.9000000000000004,0.02486457979239492,1.6044188758802256
7,70,0.9500000000000004,0.031455617034461016,1.5023017912599876
7,70,1.0000000000000004,0.03653534278164333,1.4372868136649297
7,90,0.5,0.0023570153824655185,2.627637583153193
7,90,0.55,0.026830312683850905,1.5713742659758534
7,90,0.6000000000000001,0.001376977656233898,2.8610731068404274
7,90,0.6500000000000001,0.032453394190987125,1.4887398750938399
7,90,0.7000000000000002,0.011952114251131648,1.922555264056214
7,90,0.7500000000000002,0.06688391152937526,1.1746783362576034
7,90,0.8000000000000003,0.020465933378283736,1.6889684439434867
7,90,0.8500000000000003,0.028107589289928594,1.5511764010299676
7,90,0.9000000000000004,0.02472482050857553,1.6068668525080587
7,90,0.9500000000000004,0.019311333600004553,1.714187733723232
7,90,1.0000000000000004,0.0159929437832905,1.7960715893388561
7,110,0.5,0.003416007786693498,2.4664811480198696
7,110,0.55,0.05810166005092962,1.235811458992475
7,110,0.6000000000000001,0.07625065658176867,1.117756412327257
7,110,0.6500000000000001,0.014610701410292054,1.8353289345580086
7,110,0.7000000000000002,0.051105406583186186,1.2915331522129194
7,110,0.7500000000000002,0.05520059276018292,1.2580562586640196
7,110,0.8000000000000003,0.009605435055777488,2.017482960001187
7,110,0.8500000000000003,0.01589440076236907,1.7987558408540956
7,110,0.9000000000000004,0.02409901748810668,1.6180006631592303
7,110,0.9500000000000004,0.012523689059978959,1.9022677236494787
7,110,1.0000000000000004,0.012705044855338563,1.8960237973281626
7,130,0.5,0.0032049234622555972,2.494182337538909
7,130,0.55,0.0038385877281522885,2.4158285294567503
7,130,0.6000000000000001,0.006789307511927273,2.1681745201356555
7,130,0.6500000000000001,0.021980401224446968,1.6579643843432397
7,130,0.7000000000000002,0.020233727032365922,1.693924113249647
7,130,0.7500000000000002,0.03417277564891771,1.466319744641341
7,130,0.8000000000000003,0.008225261997795219,2.084850259653424
7,130,0.8500000000000003,0.0025891028617261807,2.5868506952612726
7,130,0.9000000000000004,0.009348114129706077,2.0292759940120533
7,130,0.9500000000000004,0.00796843773003955,2.098626816838479
7,130,1.0000000000000004,0.009153317381871464,2.0384214786621055
7,150,0.5,0.0018285197741441618,2.7379003387138185
7,150,0.55,0.001776310880882882,2.750481023897194
7,150,0.6000000000000001,0.01273098212827699,1.895138091520075
7,150,0.6500000000000001,0.016463593333992613,1.7834753699251928
7,150,0.7000000000000002,0.02356121434703606,1.6278023297327318
7,150,0.7500000000000002,0.004948562262229847,2.305520961122377
7,150,0.8000000000000003,0.00923124055039995,2.034739931911207
7,150,0.8500000000000003,0.0033848189443009533,2.4704645569918338
7,150,0.9000000000000004,0.006162241680294071,2.21026127285455
7,150,0.9500000000000004,0.013693199763545251,1.863495056082506
7,150,1.0000000000000004,0.02332457251078127,1.632186307191756
7,170,0.5,0.003895353388926755,2.4094531367336565
7,170,0.55,0.0030065316043368755,2.5219342265376015
7,170,0.6000000000000001,0.010607253313965262,1.974397059549979
7,170,0.6500000000000001,0.03145156033266124,1.502357804048434
7,170,0.7000000000000002,0.008404094836538457,2.0755090554149493
7,170,0.7500000000000002,0.048137810691949126,1.3175136653286799
7,170,0.8000000000000003,0.008183189878227156,2.087077371577225
7,170,0.8500000000000003,0.0224272117271287,1.6492247169116252
7,170,0.9000000000000004,0.009378039177156922,2.0278879573097384
7,170,0.9500000000000004,0.025800144988124506,1.5883778534412083
7,170,1.0000000000000004,0.11382125883953871,0.9437766154941495
7,190,0.5,0.002054630649121136,2.6872662377613947
7,190,0.55,0.0022389724467308776,2.649951250907958
7,190,0.6000000000000001,0.0036937538941973456,2.432532043912733
7,190,0.6500000000000001,0.0027466337390424688,2.561199249468375
7,190,0.7000000000000002,0.015889434494353878,1.7988915590765682
7,190,0.7500000000000002,0.011770756784544445,1.929195613895239
7,190,0.8000000000000003,0.008165738638155114,2.0880045247098042
7,190,0.8500000000000003,0.008418444290584335,2.0747681577211137
7,190,0.9000000000000004,0.009429514030418078,2.0255106889536854
7,190,0.9500000000000004,0.013664706679524045,1.8643996862421839
7,190,1.0000000000000004,0.8497935346372109,0.07068657741461944
7,210,0.5,0.0014194419015744362,2.8478823786520358
7,210,0.55,0.004064823917491716,2.390958262694269
7,210,0.6000000000000001,0.011321833941074333,1.9460832192627633
7,210,0.6500000000000001,0.012386277310460388,1.9070592010053966
7,210,0.7000000000000002,0.014927112851157718,1.826024183839785
7,210,0.7500000000000002,0.017675869883955423,1.752619204037112
7,210,0.8000000000000003,0.009836130342510054,2.0071757248847426
7,210,0.8500000000000003,0.004524606169418555,2.3444192166558766
7,210,0.9000000000000004,0.008576506621025293,2.0666895727752426
7,210,0.9500000000000004,0.028336286302238403,1.547657068136844
7,210,1.0000000000000004,2.869980985578274,-0.45787901942187126
7,230,0.5,0.0036106742540643303,2.442411690760016
7,230,0.55,0.0024718686269916044,2.6069746145252677
7,230,0.6000000000000001,0.010030798893542922,1.998664476626591
7,230,0.6500000000000001,0.006236601358970617,2.2050520149888437
7,230,0.7000000000000002,0.0316373769168763,1.4997995314243782
7,230,0.7500000000000002,0.01972042153674597,1.7050838059705657
7,230,0.8000000000000003,0.007745623642549846,2.110943609071438
7,230,0.8500000000000003,0.012265785584176798,1.911304631399932
7,230,0.9000000000000004,0.009430926204330494,2.025445653426289
7,230,0.9500000000000004,0.03954263420802015,1.4029344027031536
7,230,1.0000000000000004,1.1328798977580783,-0.05418387058211736
7,250,0.5,0.0037506314708076224,2.4258956066190747
7,250,0.55,0.004673371763399418,2.3303696697843828
7,250,0.6000000000000001,0.0071314525044805675,2.146822005851411
7,250,0.6500000000000001,0.007562520631214543,2.1213334275447098
7,250,0.7000000000000002,0.003353107862144487,2.474552476043081
7,250,0.7500000000000002,0.04002300896232168,1.3976902638604995
7,250,0.8000000000000003,0.008208150577610885,2.0857546850751354
7,250,0.8500000000000003,0.011368794095414535,1.944285599118944
7,250,0.9000000000000004,0.015945002714089076,1.797375402497296
7,250,0.9500000000000004,0.06245328734097387,1.2044446968179428
7,250,1.0000000000000004,2.7830457953139827,-0.44452035275464086
7,270,0.5,0.0048069240601070285,2.318132738811021
7,270,0.55,0.0017969080269980954,2.7454741512657757
7,270,0.6000000000000001,0.0042614811991805385,2.3704394232392545
7,270,0.6500000000000001,0.014087638410492029,1.8511618039987114
7,270,0.7000000000000002,0.010370544337927359,1.9841984473955516
7,270,0.7500000000000002,0.021799940815029045,1.661544685466092
7,270,0.8000000000000003,0.02507950956700768,1.6006809604419927
7,270,0.8500000000000003,0.003285273042052623,2.48342852999188
7,270,0.9000000000000004,0.004065979753010219,2.39083478830935
7,270,0.9500000000000004,0.03828014223493262,1.417026457213595
7,270,1.0000000000000004,3.7667160020712007,-0.5759628770700319
7,290,0.5,0.0018273832301419948,2.738170364917415
7,290,0.55,0.0037047365062916745,2.4312426751159384
7,290,0.6000000000000001,0.0030216360811515667,2.5197578422686076
7,290,0.6500000000000001,0.009633206579763007,2.016229126365016
7,290,0.7000000000000002,0.015161522979984075,1.8192571714887937
7,290,0.7500000000000002,0.010714125099195164,1.9700432870677917
7,290,0.8000000000000003,0.006377975887053234,2.1953171270089453
7,290,0.8500000000000003,0.007942197220163037,2.100059332763817
7,290,0.9000000000000004,0.017521244626019693,1.7564350468543857
7,290,0.9500000000000004,0.046436204213463624,1.3331432875665552
7,290,1.0000000000000004,4.19932604726673,-0.6231795957695211
7,310,0.5,0.0035945471472320456,2.4443558156695193
7,310,0.55,0.003270907202112191,2.4853317769335
7,310,0.6000000000000001,0.0029105670212818853,2.5360223958163903
7,310,0.6500000000000001,0.006078416446553938,2.2162095487041418
7,310,0.7000000000000002,0.013519053447882035,1.8690537149589193
7,310,0.7500000000000002,0.011616061995050166,1.934941078803387
7,310,0.8000000000000003,0.021542710325401688,1.6666996582656222
7,310,0.8500000000000003,0.012649408838190402,1.8979297704811258
7,310,0.9000000000000004,0.0043200372608069955,2.3645125073302076
7,310,0.9500000000000004,0.03351796419507995,1.4747223672998984
7,310,1.0000000000000004,4.82294885684114,-0.6833126566327586
7,330,0.5,0.008083162925436368,2.0924186674089373
7,330,0.55,0.004239598488398454,2.3726752713624037
7,330,0.6000000000000001,0.003384814956739637,2.4704650686224188
7,330,0.6500000000000001,0.011478823043143724,1.9401026391220046
7,330,0.7000000000000002,0.030920098532802767,1.5097591307891478
7,330,0.7500000000000002,0.019047796270389546,1.7201552626640118
7,330,0.8000000000000003,0.030031691552587548,1.5224202052214337
7,330,0.8500000000000003,0.009032736232869034,2.044180671521371
7,330,0.9000000000000004,0.0073209478597546515,2.1354326862078286
7,330,0.9500000000000004,0.04485125748742902,1.3482253762052698
7,330,1.0000000000000004,4.915258766760482,-0.6915463864647858
7,350,0.5,0.013880757826968024,1.8575868227078174
7,350,0.55,0.007207006754414717,2.142245070919097
7,350,0.6000000000000001,0.0045049079295771425,2.34631408061948
7,350,0.6500000000000001,0.01072248827820401,1.9697044198582152
7,350,0.7000000000000002,0.04596792789555148,1.3375450725779516
7,350,0.7500000000000002,0.014897473607453566,1.8268873753039094
7,350,0.8000000000000003,0.02573389724210586,1.5894944375529068
7,350,0.8500000000000003,0.001971075416538134,2.705296758592319
7,350,0.9000000000000004,0.002620011374183115,2.5816968232855064
7,350,0.9500000000000004,0.044151638496858936,1.3550531748284174
7,350,1.0000000000000004,15.640674367425124,-1.1942554742824991
7,370,0.5,0.0036267489434290996,2.440482506800903
7,370,0.55,0.003122794399208136,2.5054566082221643
7,370,0.6000000000000001,0.005746128609903469,2.240624657852195
7,370,0.6500000000000001,0.008886705504539658,2.0512592116256476
7,370,0.7000000000000002,0.028564850628836683,1.544168042607864
7,370,0.7500000000000002,0.037001144379464536,1.4317848437708174
7,370,0.8000000000000003,0.020968160950029565,1.678439658436817
7,370,0.8500000000000003,0.0159885169107251,1.7961918193907551
7,370,0.9000000000000004,0.011472300371069458,1.9403494907043224
7,370,0.9500000000000004,0.041240437274393034,1.3846767385182694
7,370,1.0000000000000004,29.38881249386624,-1.4681820380025068
7,390,0.5,0.0014887548568288098,2.827176808689343
7,390,0.55,0.0024571823745341385,2.6095626085527095
7,390,0.6000000000000001,0.010682259901935982,1.9713368597498158
7,390,0.6500000000000001,0.006696315783624631,2.1741640741528014
7,390,0.7000000000000002,0.028197470610994695,1.549789847317352
7,390,0.7500000000000002,0.03058202881988284,1.5145337067571563
7,390,0.8000000000000003,0.024775536658296262,1.6059769295687214
7,390,0.8500000000000003,0.007270503425918718,2.1384355165785163
7,390,0.9000000000000004,0.01087184195174109,1.9636968697400246
7,390,0.9500000000000004,0.04019368682258269,1.39584215570728
7,390,1.0000000000000004,27.85204650855706,-1.4448571117079383
7,410,0.5,0.007265056835667823,2.138760983799496
7,410,0.55,0.007231606859862226,2.1407651919399657
7,410,0.6000000000000001,0.02028021820904115,1.6929273764357116
7,410,0.6500000000000001,0.00416994665839833,2.3798695004486476
7,410,0.7000000000000002,0.01173136170571066,1.9306515746745132
7,410,0.7500000000000002,0.039823508937413425,1.3998604759757014
7,410,0.8000000000000003,0.024334367902453597,1.6137799302933635
7,410,0.8500000000000003,0.007208951163784335,2.142127916544799
7,410,0.9000000000000004,0.007192857609339935,2.1430985369590534
7,410,0.9500000000000004,0.031517805438416334,1.5014440297347207
7,410,1.0000000000000004,23.888844115940522,-1.3781951365136584
7,430,0.5,0.004741369758345647,2.3240961746647235
7,430,0.55,0.003566201221831761,2.447794155533726
7,430,0.6000000000000001,0.011563655832797318,1.9369048426448663
7,430,0.6500000000000001,0.00403973597085628,2.3936470185892174
7,430,0.7000000000000002,0.03511784558236002,1.4544721351461303
7,430,0.7500000000000002,0.012697259652346572,1.8962899992237232
7,430,0.8000000000000003,0.01640226526034948,1.785096168895424
7,430,0.8500000000000003,0.015996345041626316,1.7959792366929175
7,430,0.9000000000000004,0.007023873106423425,2.153423343012816
7,430,0.9500000000000004,0.038511107898540564,1.4144139872899768
7,430,1.0000000000000004,22.1882316816612,-1.346122691979725
7,450,0.5,0.0010359620783563447,2.9846561417548876
7,450,0.55,0.0024546730098253234,2.610006352619118
7,450,0.6000000000000001,0.0014574308691027735,2.8364120361430367
7,450,0.6500000000000001,0.009444062864150516,2.024841130714148
7,450,0.7000000000000002,0.028532409119533118,1.5446615573598284
7,450,0.7500000000000002,0.008869954374514813,2.0520786140969562
7,450,0.8000000000000003,0.025003531090603968,1.601998654333014
7,450,0.8500000000000003,0.0072733001290122825,2.1382684911189878
7,450,0.9000000000000004,0.018382069628120112,1.7356055931963192
7,450,0.9500000000000004,0.046035691291990366,1.3369053309084418
7,450,1.0000000000000004,16.48064834229315,-1.2169742926730978
7,470,0.5,0.005273724174283197,2.2778825883687754
7,470,0.55,0.0094036247592203,2.0267047092207937
7,470,0.6000000000000001,0.00758416649336741,2.1200921416039216
7,470,0.6500000000000001,0.009830813070072112,2.007410561797261
7,470,0.7000000000000002,0.028930997912306185,1.5386365860432192
7,470,0.7500000000000002,0.030298352137055028,1.5185809912087556
7,470,0.8000000000000003,0.0324697785836078,1.488520672884476
7,470,0.8500000000000003,0.00467747909258861,2.3299881450345135
7,470,0.9000000000000004,0.01055606257406858,1.9764980440400752
7,470,0.9500000000000004,0.04225895514674873,1.3740812450880395
7,470,1.0000000000000004,12.773440260414485,-1.1063078812020017
7,490,0.5,0.001181304279095516,2.9276382228677953
7,490,0.55,0.0024233369240789404,2.615586200350371
7,490,0.6000000000000001,0.007509887321436461,2.1243665791137394
7,490,0.6500000000000001,0.011527064953325037,1.9382812596473233
7,490,0.7000000000000002,0.00885657414747201,2.0527342370936053
7,490,0.7500000000000002,0.006719611004514666,2.172655867345366
7,490,0.8000000000000003,0.008661187305550792,2.062422569310072
7,490,0.8500000000000003,0.004631654194952229,2.3342638730349985
7,490,0.9000000000000004,0.005423792949651471,2.265696897780403
7,490,0.9500000000000004,0.040033014531397466,1.3975817057965112
7,490,1.0000000000000004,25.736509715989385,-1.4105496492557958
8,50,0.5,0.0032542410952686287,2.4875502748576666
8,50,0.55,0.14505953995012627,0.8384537042177055
8,50,0.6000000000000001,0.18105420682158482,0.7421913798324699
8,50,0.6500000000000001,0.006273005454399775,2.202524334841959
8,50,0.7000000000000002,0.0123772669188162,1.9073752432897577
8,50,0.7500000000000002,0.060843944921047034,1.215782635481957
8,50,0.8000000000000003,0.018453421984193006,1.733923086900656
8,50,0.8500000000000003,0.011671474155765056,1.932874287289553
8,50,0.9000000000000004,0.005936171893675302,2.226493531685601
8,50,0.9500000000000004,0.03444800164725209,1.4628359667532727
8,50,1.0000000000000004,0.07399049480487715,1.1308240683627442
8,70,0.5,0.005066339103745636,2.2953057450711727
8,70,0.55,0.23359772418301275,0.6315313926365815
8,70,0.6000000000000001,0.03655675457844555,1.4370323668560216
8,70,0.6500000000000001,0.021319447194613317,1.6712240605948825
8,70,0.7000000000000002,0.008642763498770393,2.0633473709041557
8,70,0.7500000000000002,0.02383847224837301,1.622721580952009
8,70,0.8000000000000003,0.038284326546243835,1.416978988110922
8,70,0.8500000000000003,0.0377580932716499,1.4229899450548225
8,70,0.9000000000000004,0.016239102812413798,1.7894379685912323
8,70,0.9500000000000004,0.0501559035577658,1.2996779413740605
8,70,1.0000000000000004,0.020308322413512634,1.692325950383745
8,90,0.5,0.009072731093103626,2.0422619609966235
8,90,0.55,0.10872983200691888,0.9636512829745492
8,90,0.6000000000000001,0.04158558937587646,1.381057139055499
8,90,0.6500000000000001,0.03503474013469222,1.4555010994773205
8,90,0.7000000000000002,0.0073471548045047665,2.133880809477263
8,90,0.7500000000000002,0.03176849502469194,1.4980033586054327
8,90,0.8000000000000003,0.012857066162009143,1.8908581212261424
8,90,0.8500000000000003,0.0166358084172134,1.7789560897393077
8,90,0.9000000000000004,0.010845883024783266,1.9647350838361253
8,90,0.9500000000000004,0.010301702473710386,1.9870909972521507
8,90,1.0000000000000004,0.01086861920486658,1.9638256270082666
8,110,0.5,0.0031231986986889008,2.505400384966382
8,110,0.55,0.007089076525255208,2.1494103354949594
8,110,0.6000000000000001,0.03868207942736049,1.4124901876512317
8,110,0.6500000000000001,0.014310806567616813,1.8443358883929952
8,110,0.7000000000000002,0.013029078194786128,1.8850863094661763
8,110,0.7500000000000002,0.18771700151404566,0.7264963915802786
8,110,0.8000000000000003,0.005505852679481459,2.2591754132376813
8,110,0.8500000000000003,0.006614124656557762,2.179527624187209
8,110,0.9000000000000004,0.010755091190989977,1.968385902935668
8,110,0.9500000000000004,0.005042993090423366,2.2973116268821236
8,110,1.0000000000000004,0.012728256801625103,1.8952310710733193
8,130,0.5,0.0050976038558934265,2.2926339173728802
8,130,0.55,0.01991612734416975,1.7007951054989372
8,130,0.6000000000000001,0.0020768753804817114,2.682589561814846
8,130,0.6500000000000001,0.021899636527603815,1.6595630931674592
8,130,0.7000000000000002,0.02138508892743349,1.6698889394397465
8,130,0.7500000000000002,0.010623060949970974,1.9737503267439973
8,130,0.8000000000000003,0.009325154379321056,2.030343969649862
8,130,0.8500000000000003,0.008171600075879564,2.0876928962109984
8,130,0.9000000000000004,0.00819141895710102,2.08664086113806
8,130,0.9500000000000004,0.013177407720406426,1.8801700164075301
8,130,1.0000000000000004,0.019093565849729245,1.7191129566643026
8,150,0.5,0.005752996248850182,2.240105909149227
8,150,0.55,0.03371526044823527,1.4721734810772267
8,150,0.6000000000000001,0.004150802807446835,2.381867898197468
8,150,0.6500000000000001,0.005409941275353968,2.2668074491130508
8,150,0.7000000000000002,0.006733526080079929,2.171757453443777
8,150,0.7500000000000002,0.014988025128866052,1.824255587441149
8,150,0.8000000000000003,0.006467504024281391,2.1892632923798523
8,150,0.8500000000000003,0.007364304525141194,2.1328682610623817
8,150,0.9000000000000004,0.02107000364512012,1.6763353892587523
8,150,0.9500000000000004,0.035107221356279784,1.4546035424340826
8,150,1.0000000000000004,0.06471716690981237,1.1889805028662108
8,170,0.5,0.0037463469854768336,2.426392000879878
8,170,0.55,0.010397840904063566,1.9830568319318571
8,170,0.6000000000000001,0.005555755429887476,2.2552568806068716
8,170,0.6500000000000001,0.009376483909883505,2.027959987293454
8,170,0.7000000000000002,0.023320042179411457,1.6322706683954815
8,170,0.7500000000000002,0.030102688186016593,1.5213947199468811
8,170,0.8000000000000003,0.008479851319635884,2.071611762322033
8,170,0.8500000000000003,0.00463632163066864,2.3338264438086425
8,170,0.9000000000000004,0.008024993085596746,2.0955553331148002
8,170,0.9500000000000004,0.04118802946922897,1.3852289852009376
8,170,1.0000000000000004,0.6906232958442353,0.16075877628201052
8,190,0.5,0.005492662942266595,2.2602170506791674
8,190,0.55,0.006425876839973267,2.1920676025057237
8,190,0.6000000000000001,0.005617390011759782,2.250465422291733
8,190,0.6500000000000001,0.02160071397960501,1.6655318936510128
8,190,0.7000000000000002,0.01069744164111239,1.9707200740903013
8,190,0.7500000000000002,0.009612669264103773,2.017155999875137
8,190,0.8000000000000003,0.0047587804345074255,2.322504332663236
8,190,0.8500000000000003,0.005698967366320522,2.244203829895357
8,190,0.9000000000000004,0.003811145353546371,2.4189444873235266
8,190,0.9500000000000004,0.10314899830563971,0.9865349851648533
8,190,1.0000000000000004,4.766406731458821,-0.6781910992129785
8,210,0.5,0.0034658950957012023,2.460184586471373
8,210,0.55,0.0024127972171187157,2.617479176718262
8,210,0.6000000000000001,0.0064593918840988584,2.189808366495887
8,210,0.6500000000000001,0.009708347770480264,2.012854674851913
8,210,0.7000000000000002,0.006074927756219065,2.216458882381826
8,210,0.7500000000000002,0.009218721822035066,2.035329289805161
8,210,0.8000000000000003,0.007128037270910385,2.1470300381366703
8,210,0.8500000000000003,0.009414780462668075,2.026189802568554
8,210,0.9000000000000004,0.0222378466200649,1.6529072695315912
8,210,0.9500000000000004,0.128732268930403,0.8903125761584479
8,210,1.0000000000000004,1.421466649345644,-0.15273667466658317
8,230,0.5,0.006242725905745707,2.204625732862298
8,230,0.55,0.005823771042740682,2.2347957073263536
8,230,0.6000000000000001,0.006062861008587367,2.217322387875119
8,230,0.6500000000000001,0.024326767581091212,1.6139155941089494
8,230,0.7000000000000002,0.013980607294272078,1.8544739631523646
8,230,0.7500000000000002,0.039172668935820346,1.4070168378314538
8,230,0.8000000000000003,0.01808438989241319,1.7426961383166724
8,230,0.8500000000000003,0.020010027349951023,1.6987523177643538
8,230,0.9000000000000004,0.009558500919661114,2.019610213724802
8,230,0.9500000000000004,0.0621314051556366,1.2066888243292886
8,230,1.0000000000000004,4.11597351658921,-0.6144725717181478
8,250,0.5,0.0014231109380694995,2.846761243335639
8,250,0.55,0.004684204360399997,2.3293641659784146
8,250,0.6000000000000001,0.0024922757615496553,2.6034039061968626
8,250,0.6500000000000001,0.019513633754901873,1.7096618504026313
8,250,0.7000000000000002,0.008005743164035158,2.0965983468104152
8,250,0.7500000000000002,0.025204861461749224,1.5985156853142335
8,250,0.8000000000000003,0.009459161658318263,2.0241473523191287
8,250,0.8500000000000003,0.012441621720908944,1.905123007222518
8,250,0.9000000000000004,0.010284467204496222,1.987818202378674
8,250,0.9500000000000004,0.10818901295612224,0.9658168413995869
8,250,1.0000000000000004,7.327444924817918,-0.8649525628405914
8,270,0.5,0.004800416296328073,2.318721098591385
8,270,0.55,0.00691491812821417,2.160212957517838
8,270,0.6000000000000001,0.007782753601952418,2.108866718877495
8,270,0.6500000000000001,0.021850895033634517,1.6605307692103763
8,270,0.7000000000000002,0.008760062213873316,2.0574928094659453
8,270,0.7500000000000002,0.050009390161342177,1.3009484414167152
8,270,0.8000000000000003,0.011926866659442871,1.9234736360653697
8,270,0.8500000000000003,0.012084819443650287,1.9177598338961435
8,270,0.9000000000000004,0.014706979862286395,1.8324765022424603
8,270,0.9500000000000004,0.11046011058837389,0.956794526313351
8,270,1.0000000000000004,6.982419952094553,-0.8440059655598818
8,290,0.5,0.0018612078865940357,2.730205115876029
8,290,0.55,0.008540571287477712,2.068513077940866
8,290,0.6000000000000001,0.005347057055521124,2.2718851817560677
8,290,0.6500000000000001,0.010679974589323593,1.9714297806154841
8,290,0.7000000000000002,0.005634636642350094,2.249134084819351
8,290,0.7500000000000002,0.023313442894469415,1.6323935857819658
8,290,0.8000000000000003,0.004419355914056539,2.354641021002452
8,290,0.8500000000000003,0.005674045997242061,2.246107147872659
8,290,0.9000000000000004,0.020351104149897117,1.691412023136603
8,290,0.9500000000000004,0.12493118811948396,0.9033291297814248
8,290,1.0000000000000004,5.962654763055948,-0.7754396644790176
8,310,0.5,0.0038254178118852515,2.417321124304687
8,310,0.55,0.010386910388712697,1.9835136151641404
8,310,0.6000000000000001,0.005266224037067731,2.27850066896854
8,310,0.6500000000000001,0.012102568363908252,1.917122455476227
8,310,0.7000000000000002,0.015255630673710925,1.8165698337475047
8,310,0.7500000000000002,0.0397889420848332,1.4002376077957361
8,310,0.8000000000000003,0.017630667301994297,1.7537312498056468
8,310,0.8500000000000003,0.00912091361407224,2.039961657540279
8,310,0.9000000000000004,0.019965074640496,1.6997290618335332
8,310,0.9500000000000004,0.1279056258226418,0.8931103530194207
8,310,1.0000000000000004,6.24172816079428,-0.7953048503854172
8,330,0.5,0.0014073969649252252,2.851583389870829
8,330,0.55,0.002375214421111794,2.624297178585529
8,330,0.6000000000000001,0.005575655120421949,2.253704097164322
8,330,0.6500000000000001,0.012618802536242348,1.8989818555971667
8,330,0.7000000000000002,0.006096176416292318,2.214942473506766
8,330,0.7500000000000002,0.057153567566329694,1.2429566554521942
8,330,0.8000000000000003,0.01077849038920344,1.967442061185332
8,330,0.8500000000000003,0.010807240846551106,1.9662851698828834
8,330,0.9000000000000004,0.0067860393372412625,2.168383627169932
8,330,0.9500000000000004,0.13296136151013724,0.8762745464080972
8,330,1.0000000000000004,11.961982907240174,-1.0778031775028918
8,350,0.5,0.004498951418307513,2.346888696515448
8,350,0.55,0.004305390212837405,2.3659874807719734
8,350,0.6000000000000001,0.009705366209848734,2.012988072855121
8,350,0.6500000000000001,0.0168294221837974,1.7739307947013112
8,350,0.7000000000000002,0.015693299287917944,1.8042857427159849
8,350,0.7500000000000002,0.04145690017514421,1.3824031741948606
8,350,0.8000000000000003,0.004295946563990386,2.3669411293356055
8,350,0.8500000000000003,0.01073563970500844,1.9691720721333867
8,350,0.9000000000000004,0.008246886289715281,2.0837099935646304
8,350,0.9500000000000004,0.16482535526360334,0.7829759795074736
8,350,1.0000000000000004,31.3814858077186,-1.4966735021195363
8,370,0.5,0.00458396602299533,2.3387586100808773
8,370,0.55,0.00865457755260787,2.062754126061136
8,370,0.6000000000000001,0.011350584948528706,1.9449817566759535
8,370,0.6500000000000001,0.00627685668705295,2.2022577870307636
8,370,0.7000000000000002,0.019082588589367146,1.7193627127648377
8,370,0.7500000000000002,0.06662805127680387,1.176342888699554
8,370,0.8000000000000003,0.00912538151485458,2.0397489694651894
8,370,0.8500000000000003,0.005408971683525157,2.2668852921243916
8,370,0.9000000000000004,0.011799897898454429,1.9281217505184234
8,370,0.9500000000000004,0.14820751219099595,0.8291297827236817
8,370,1.0000000000000004,25.39803685357446,-1.4048001490368969
8,390,0.5,0.0004341883854773,3.362321798086995
8,390,0.55,0.005074152242615121,2.294636506539641
8,390,0.6000000000000001,0.008745826191125081,2.058199157792138
8,390,0.6500000000000001,0.017739421323104774,1.7510605513747233
8,390,0.7000000000000002,0.015364242032586755,1.8134888600209893
8,390,0.7500000000000002,0.04382965444714165,1.3582319533088782
8,390,0.8000000000000003,0.011168165144398808,1.9520181727321209
8,390,0.8500000000000003,0.009668956508603546,2.0146203932395066
8,390,0.9000000000000004,0.011668042447933397,1.9330019995991814
8,390,0.9500000000000004,0.1596307718603042,0.7968833864128695
8,390,1.0000000000000004,19.269027449909274,-1.2848597954132814
8,410,0.5,0.006399846561229419,2.1938304382677063
8,410,0.55,0.005670173837115899,2.246403626231806
8,410,0.6000000000000001,0.009419759876979178,2.0259601678474715
8,410,0.6500000000000001,0.03464823494769883,1.460318884342195
8,410,0.7000000000000002,0.01172266316260318,1.930973713792775
8,410,0.7500000000000002,0.016428671430042896,1.7843975560981633
8,410,0.8000000000000003,0.01662727888902457,1.779178818740542
8,410,0.8500000000000003,0.026737678215159953,1.57287630769942
8,410,0.9000000000000004,0.01181663194944175,1.9275062911544296
8,410,0.9500000000000004,0.14881669800307978,0.82734833596935
8,410,1.0000000000000004,16.193969765566656,-1.209353324105294
8,430,0.5,0.0016778917062719792,2.775236072640936
8,430,0.55,0.008952727402864112,2.048044638922061
8,430,0.6000000000000001,0.006462251518859714,2.1896161427084873
8,430,0.6500000000000001,0.03430484046187721,1.464644596063193
8,430,0.7000000000000002,0.0013729352143357606,2.8623499556403846
8,430,0.7500000000000002,0.012994900858614286,1.8862270294927868
8,430,0.8000000000000003,0.008170806908867878,2.08773505255394
8,430,0.8500000000000003,0.00764566849584241,2.1165845362342663
8,430,0.9000000000000004,0.016867773324876763,1.7729422438213112
8,430,0.9500000000000004,0.15081258189568864,0.8215624249123374
8,430,1.0000000000000004,14.086739499711745,-1.148810483446784
8,450,0.5,0.005522572926836482,2.257858540460864
8,450,0.55,0.007527251729400484,2.123363559870935
8,450,0.6000000000000001,0.012739132507556213,1.8948601449997855
8,450,0.6500000000000001,0.0035193078836718026,2.453542737617575
8,450,0.7000000000000002,0.02232123778440225,1.651281726041331
8,450,0.7500000000000002,0.025133153418340833,1.5997530177239516
8,450,0.8000000000000003,0.02161224046869723,1.6653002089263231
8,450,0.8500000000000003,0.012925673864120357,1.8885468062347723
8,450,0.9000000000000004,0.014978293391630777,1.824537666798098
8,450,0.9500000000000004,0.14365234824938738,0.8426872703095863
8,450,1.0000000000000004,13.67767142841117,-1.136012166691799
8,470,0.5,0.0027725867587633994,2.5571148551832463
8,470,0.55,0.0030466381525063053,2.5161791236249287
8,470,0.6000000000000001,0.00811988587979938,2.0904500744683916
8,470,0.6500000000000001,0.005935309853675658,2.226556603713786
8,470,0.7000000000000002,0.010338298579329176,1.9855509291733056
8,470,0.7500000000000002,0.025579556428432584,1.5921069908329053
8,470,0.8000000000000003,0.014662071261717934,1.8338046740336114
8,470,0.8500000000000003,0.007461364687024686,2.127181732602307
8,470,0.9000000000000004,0.018066224733867958,1.7431325916862552
8,470,0.9500000000000004,0.14328988303449575,0.8437844718315339
8,470,1.0000000000000004,10.003155750065318,-1.0001370308633426
8,490,0.5,0.0038050323222864587,2.4196416497131112
8,490,0.55,0.006258648393981008,2.20351944608899
8,490,0.6000000000000001,0.014439169091011918,1.840457797733914
8,490,0.6500000000000001,0.008974053582065768,2.047011341720036
8,490,0.7000000000000002,0.014711436611444265,1.8323449151746776
8,490,0.7500000000000002,0.07815154118559442,1.1070624530664261
8,490,0.8000000000000003,0.013255977322874387,1.8775882475397565
8,490,0.8500000000000003,0.011924960591683745,1.9235430474947726
8,490,0.9000000000000004,0.007467314620335502,2.126835550158676
8,490,0.9500000000000004,0.16974288751695663,0.7702084142601411
8,490,1.0000000000000004,22.469451172028958,-1.3515924646812445
9,50,0.5,0.004253519009968863,2.371251621891375
9,50,0.55,0.004558990771158107,2.3411312869467906
9,50,0.6000000000000001,0.03938558470882556,1.4046627027163985
9,50,0.6500000000000001,0.013795079857250465,1.8602757811244235
9,50,0.7000000000000002,0.030380054377723127,1.5174114531222134
9,50,0.7500000000000002,0.02199787521462977,1.6576192658653435
9,50,0.8000000000000003,0.03828134686191395,1.4170127907382701
9,50,0.8500000000000003,0.03787560192726375,1.4216404565328882
9,50,0.9000000000000004,0.01877602753503383,1.726396286516383
9,50,0.9500000000000004,0.019729239567613473,1.7048896536202751
9,50,1.0000000000000004,0.0338461373924763,1.4704908869448774
9,70,0.5,0.0033844592388085127,2.4705107120194154
9,70,0.55,0.02479007778698201,1.6057221104889736
9,70,0.6000000000000001,0.0456015504745828,1.3410203908638942
9,70,0.6500000000000001,0.038494533903834796,1.4146009344898567
9,70,0.7000000000000002,0.045847306061359505,1.338686177923259
9,70,0.7500000000000002,0.007645750276142356,2.116579890918678
9,70,0.8000000000000003,0.02782398720058879,1.5555806351226644
9,70,0.8500000000000003,0.08199686971817326,1.0862027267635153
9,70,0.9000000000000004,0.05734160438907427,1.241530159879699
9,70,0.9500000000000004,0.02214319863850335,1.6547596440393346
9,70,1.0000000000000004,0.040473355790970014,1.3928307852036932
9,90,0.5,0.004076131399203787,2.389751824413078
9,90,0.55,0.0712124454238063,1.1474441003721791
9,90,0.6000000000000001,0.012184893925218624,1.9141782471844468
9,90,0.6500000000000001,0.03213066908690189,1.493080230635103
9,90,0.7000000000000002,0.006408363706088433,2.1932528478812503
9,90,0.7500000000000002,0.043133907765767567,1.365181194665762
9,90,0.8000000000000003,0.007928159703584844,2.1008276100758763
9,90,0.8500000000000003,0.009384402906607574,2.027593354647848
9,90,0.9000000000000004,0.01601179029757447,1.7955601063762394
9,90,0.9500000000000004,0.013293447078202895,1.8763623890400853
9,90,1.0000000000000004,0.022138415326530166,1.6548534692555923
9,110,0.5,0.005016318493159174,2.299614897330769
9,110,0.55,0.01328810778129893,1.8765368579322232
9,110,0.6000000000000001,0.012355657103972838,1.908134152808175
9,110,0.6500000000000001,0.0312570579751846,1.5050519017254094
9,110,0.7000000000000002,0.008300069219687024,2.0809182857440756
9,110,0.7500000000000002,0.009982521454507466,2.0007597477437735
9,110,0.8000000000000003,0.0027161295983156586,2.5660495118250557
9,110,0.8500000000000003,0.008383803665618202,2.076558900677264
9,110,0.9000000000000004,0.010861985097977202,1.964090797370192
9,110,0.9500000000000004,0.03180933663190769,1.4974453877963148
9,110,1.0000000000000004,0.01435499756447868,1.842996876851457
9,130,0.5,0.0034817370243160144,2.4582040342529843
9,130,0.55,0.028279363216391015,1.5485303740378384
9,130,0.6000000000000001,0.013015537452076203,1.8855378938127745
9,130,0.6500000000000001,0.020394581615900024,1.6904851995780552
9,130,0.7000000000000002,0.009434450432694539,2.0252833929022906
9,130,0.7500000000000002,0.017270698775198243,1.7626900904537748
9,130,0.8000000000000003,0.013988047788202507,1.8542428926541
9,130,0.8500000000000003,0.013069290447036972,1.8837479903308119
9,130,0.9000000000000004,0.018214109604970517,1.7395920543479289
9,130,0.9500000000000004,0.03071295176644647,1.5126784422910462
9,130,1.0000000000000004,0.15362935662644692,0.81352578819338
9,150,0.5,0.00334283638289351,2.4758848796878543
9,150,0.55,0.007754264910526591,2.1104593661847995
9,150,0.6000000000000001,0.0016322927834217225,2.7872019394424674
9,150,0.6500000000000001,0.01923234470221267,1.715967765727308
9,150,0.7000000000000002,0.02061892381667727,1.685734006010581
9,150,0.7500000000000002,0.0047624302537451054,2.322171371554736
9,150,0.8000000000000003,0.013116565383311131,1.8821798715421583
9,150,0.8500000000000003,0.005976574006646808,2.223547698349995
9,150,0.9000000000000004,0.012037200363633116,1.9194745104211237
9,150,0.9500000000000004,0.04102836614977489,1.3869157773607814
9,150,1.0000000000000004,0.44018335903468264,0.35636637981087993
9,170,0.5,0.007344188311657321,2.1340561959591624
9,170,0.55,0.0048230808811583785,2.3166754550703947
9,170,0.6000000000000001,0.009385103178842391,2.027560948428295
9,170,0.6500000000000001,0.02986152406187554,1.5248880306775827
9,170,0.7000000000000002,0.005056317247227663,2.2961656850425274
9,170,0.7500000000000002,0.016331433753042694,1.7869756864389843
9,170,0.8000000000000003,0.011758203888792814,1.9296590133585443
9,170,0.8500000000000003,0.013210706967771598,1.8790739405999646
9,170,0.9000000000000004,0.012731375076281307,1.8951246870148604
9,170,0.9500000000000004,0.29102911179959506,0.536063566129029
9,170,1.0000000000000004,0.9518930423336756,0.02141184755447597
9,190,0.5,0.004346715986061873,2.3618387356351858
9,190,0.55,0.010038823108957288,1.9983171982711423
9,190,0.6000000000000001,0.007611381055963323,2.1185365350078196
9,190,0.6500000000000001,0.00819292907945179,2.0865608045127573
9,190,0.7000000000000002,0.008446442962044054,2.0733261463391375
9,190,0.7500000000000002,0.020713388862875624,1.683748841519657
9,190,0.8000000000000003,0.003304204091452413,2.480933135366747
9,190,0.8500000000000003,0.013549200226093848,1.8680863393021379
9,190,0.9000000000000004,0.0064669432972671,2.1893009469687588
9,190,0.9500000000000004,0.3355729261427362,0.4742130850933869
9,190,1.0000000000000004,6.037133328480387,-0.7808307672372584
9,210,0.5,0.005382923557211165,2.2689817875476965
9,210,0.55,0.022170022339943703,1.6542338692621745
9,210,0.6000000000000001,0.008307280259575483,2.0805411376587575
9,210,0.6500000000000001,0.006594909020896651,2.18079119132233
9,210,0.7000000000000002,0.0020368313170967267,2.6910449361876028
9,210,0.7500000000000002,0.009419475665312548,2.025973271517017
9,210,0.8000000000000003,0.017788625438947544,1.7498576093834055
9,210,0.8500000000000003,0.01137106119771025,1.9441990031395493
9,210,0.9000000000000004,0.027282314902594716,1.5641187825943743
9,210,0.9500000000000004,0.282405523637312,0.549126813067315
9,210,1.0000000000000004,4.788367634879863,-0.6801874866947685
9,230,0.5,0.002708346940652666,2.5672957030740964
9,230,0.55,0.027882142559939756,1.5546738566067908
9,230,0.6000000000000001,0.009044955733724004,2.0435935542487713
9,230,0.6500000000000001,0.02304342153942069,1.6374530354326136
9,230,0.7000000000000002,0.006049844815886241,2.218255765259706
9,230,0.7500000000000002,0.010215171070687574,1.9907543559592353
9,230,0.8000000000000003,0.003911606562598663,2.40764483391644
9,230,0.8500000000000003,0.0045609838190869105,2.340941468494368
9,230,0.9000000000000004,0.01269339592511382,1.8964221734737812
9,230,0.9500000000000004,0.34399710841070535,0.46344520802891354
9,230,1.0000000000000004,4.696689304381722,-0.6717918316638681
9,250,0.5,0.009586911645393572,2.0183212751419974
9,250,0.55,0.01193037384651496,1.9233459471985035
9,250,0.6000000000000001,0.0072167210132205875,2.1416600835010025
9,250,0.6500000000000001,0.00952694588401226,2.021046301701859
9,250,0.7000000000000002,0.019559921402061798,1.7086328946772227
9,250,0.7500000000000002,0.02432270124616135,1.6139881945655747
9,250,0.8000000000000003,0.005908064997881801,2.228554735420663
9,250,0.8500000000000003,0.019471530487451077,1.7105999110309957
9,250,0.9000000000000004,0.030983447487401047,1.5088702605130782
9,250,0.9500000000000004,0.45036880833610166,0.34643169550262287
9,250,1.0000000000000004,6.666486094244807,-0.8238969775440476
9,270,0.5,0.008474818411948254,2.071869598556589
9,270,0.55,0.011625377799208457,1.9345929245932416
9,270,0.6000000000000001,0.014970650831042528,1.8247593188161764
9,270,0.6500000000000001,0.012743297736393816,1.8947181698507256
9,270,0.7000000000000002,0.020217829847162888,1.694265462789664
9,270,0.7500000000000002,0.023897627411730415,1.6216452142460656
9,270,0.8000000000000003,0.0144544738391299,1.8399977125662343
9,270,0.8500000000000003,0.008076734460573162,2.0927641952174105
9,270,0.9000000000000004,0.016640569135981446,1.7788318241757466
9,270,0.9500000000000004,0.5748454041443861,0.24044893644839166
9,270,1.0000000000000004,6.740005039937725,-0.8286602212855163
9,290,0.5,0.011982104276840337,1.9214669051880433
9,290,0.55,0.003990746186050696,2.398945892737873
9,290,0.6000000000000001,0.011754334912707004,1.9298019392241035
9,290,0.6500000000000001,0.026571504224005834,1.5755838593009075
9,290,0.7000000000000002,0.013594859095678676,1.8666252893112254
9,290,0.7500000000000002,0.015860099693297578,1.7996940871247866
9,290,0.8000000000000003,0.015047706486443735,1.822529688521011
9,290,0.8500000000000003,0.010208422933614509,1.9910413454871303
9,290,0.9000000000000004,0.015381798980809765,1.8129928685821073
9,290,0.9500000000000004,0.5745246025849068,0.24069136899817112
9,290,1.0000000000000004,11.087621972225564,-1.0448384104337527
9,310,0.5,0.002513655472800601,2.5996942479369145
9,310,0.55,0.006710124907935998,2.173269395431239
9,310,0.6000000000000001,0.008202775817880549,2.086039157568601
9,310,0.6500000000000001,0.008690369183523007,2.060961773498267
9,310,0.7000000000000002,0.024186588807661464,1.6164253787019711
9,310,0.7500000000000002,0.02076247402975326,1.682720897767131
9,310,0.8000000000000003,0.00519475809845741,2.28443467119653
9,310,0.8500000000000003,0.005449748380341379,2.263623549017293
9,310,0.9000000000000004,0.011111374770792867,1.954232204026555
9,310,0.9500000000000004,0.6080770379146376,0.21604139602039849
9,310,1.0000000000000004,12.892707375574657,-1.1103441256396165
9,330,0.5,0.018045833449313826,1.743623055190555
9,330,0.55,0.00716999523949345,2.144481132681211
9,330,0.6000000000000001,0.010250432376288936,1.989257815127645
9,330,0.6500000000000001,0.014783170738888574,1.8302324071646663
9,330,0.7000000000000002,0.012254608853618879,1.9117005461357657
9,330,0.7500000000000002,0.012436066566690697,1.9053169619690615
9,330,0.8000000000000003,0.006575864834384408,2.1820471222144007
9,330,0.8500000000000003,0.015156767655555951,1.819393406819509
9,330,0.9000000000000004,0.006955582573042295,2.1576664893007234
9,330,0.9500000000000004,0.63531002561806,0.1970142911526244
9,330,1.0000000000000004,6.257655603392586,-0.7964116576177858
9,350,0.5,0.0022583355618345487,2.646211526615889
9,350,0.55,0.0041818422254119615,2.3786323564838043
9,350,0.6000000000000001,0.003774535226657749,2.423136517127393
9,350,0.6500000000000001,0.010956872984437684,1.960313372801787
9,350,0.7000000000000002,0.010444993564105992,1.9810918232829176
9,350,0.7500000000000002,0.009993506319339002,2.0002821085738973
9,350,0.8000000000000003,0.005875004660596338,2.230991784533593
9,350,0.8500000000000003,0.007929148218358517,2.100773463872226
9,350,0.9000000000000004,0.01666054351903519,1.778310834653874
9,350,0.9500000000000004,0.6286928990484593,0.20156144488519723
9,350,1.0000000000000004,15.045733857588646,-1.1774133753614804
9,370,0.5,0.005166271650055712,2.2868227617286188
9,370,0.55,0.008059354489389244,2.0936997414359624
9,370,0.6000000000000001,0.005149880578928218,2.288202841738194
9,370,0.6500000000000001,0.005359320651563051,2.270890258063975
9,370,0.7000000000000002,0.01100543906666287,1.958392626402309
9,370,0.7500000000000002,0.006948233720873867,2.1581255814197227
9,370,0.8000000000000003,0.01321649703785622,1.878883637037977
9,370,0.8500000000000003,0.0044163422509504915,2.3549372776838333
9,370,0.9000000000000004,0.006077257547329127,2.216292358351751
9,370,0.9500000000000004,0.6366630716774798,0.19609033975733958
9,370,1.0000000000000004,9.319345363779805,-0.9693854064652119
9,390,0.5,0.001326177128380674,2.877398466322757
9,390,0.55,0.00393511567631653,2.4050424966346347
9,390,0.6000000000000001,0.00790228009487177,2.1022475808933256
9,390,0.6500000000000001,0.008812831414091544,2.054884537676594
9,390,0.7000000000000002,0.013968719654794468,1.854843398634565
9,390,0.7500000000000002,0.009373976921654446,2.028076120029641
9,390,0.8000000000000003,0.011195276067964617,1.9509651925436031
9,390,0.8500000000000003,0.010830244116533362,1.9653617541532087
9,390,0.9000000000000004,0.009656600397712602,2.015175739875565
9,390,0.9500000000000004,0.6333992591867542,0.19832244890741743
9,390,1.0000000000000004,8.706070018284223,-0.9398221556346336
9,410,0.5,0.013972077338259212,1.8547390191204016
9,410,0.55,0.006370299801928596,2.195840128220476
9,410,0.6000000000000001,0.004736464704069312,2.324545694690481
9,410,0.6500000000000001,0.00930260297746829,2.0313955137494593
9,410,0.7000000000000002,0.021387822132003118,1.6698334362890506
9,410,0.7500000000000002,0.022666026183640442,1.6446246138740446
9,410,0.8000000000000003,0.007030983106152351,2.1529839455739084
9,410,0.8500000000000003,0.005285030938163586,2.2769524660227045
9,410,0.9000000000000004,0.009544002351436032,2.0202694623369215
9,410,0.9500000000000004,0.6369307969201665,0.1959077515710354
9,410,1.0000000000000004,6.773574858877319,-0.8308179348185301
9,430,0.5,0.006109015376047852,2.2140287817718485
9,430,0.55,0.007867217718483843,2.1041788309383076
9,430,0.6000000000000001,0.010797182416369022,1.9666895612417408
9,430,0.6500000000000001,0.02088584467412216,1.6801479561234343
9,430,0.7000000000000002,0.022484180218798413,1.648122942338537
9,430,0.7500000000000002,0.012026318272017198,1.9198673068973235
9,430,0.8000000000000003,0.010263888839834347,1.9886880601120807
9,430,0.8500000000000003,0.0018724288371831422,2.7275946789454326
9,430,0.9000000000000004,0.0196888863165217,1.7057788486291763
9,430,0.9500000000000004,0.6293343405874726,0.2011185696656136
9,430,1.0000000000000004,6.571274861906931,-0.8176496331489567
9,450,0.5,0.012313204477478261,1.909628908418875
9,450,0.55,0.012108967866430627,1.9168928732910508
9,450,0.6000000000000001,0.004363327038896632,2.360182234671832
9,450,0.6500000000000001,0.013125641392327145,1.8818794653435316
9,450,0.7000000000000002,0.01766648787878857,1.7528497802310499
9,450,0.7500000000000002,0.01569263910824208,1.8043040128334313
9,450,0.8000000000000003,0.006319048114873639,2.1993483377924345
9,450,0.8500000000000003,0.013197866356158208,1.879496273691497
9,450,0.9000000000000004,0.012175371405176126,1.9145177819196253
9,450,0.9500000000000004,0.6399387589301413,0.1938615852837578
9,450,1.0000000000000004,7.624579435344926,-0.8822158934029204
9,470,0.5,0.0027703070470096493,2.5574720932345247
9,470,0.55,0.017015592807991052,1.7691529158743975
9,470,0.6000000000000001,0.00238029643212451,2.623368954363949
9,470,0.6500000000000001,0.012953420124251245,1.8876155485724362
9,470,0.7000000000000002,0.02150950299809216,1.6673696243721714
9,470,0.7500000000000002,0.02302737490053396,1.6377555683837206
9,470,0.8000000000000003,0.008340987215742947,2.078782544449043
9,470,0.8500000000000003,0.009902744913838638,2.004244407856934
9,470,0.9000000000000004,0.0158209596248385,1.800767177783193
9,470,0.9500000000000004,0.6364272336368061,0.19625124454222648
9,470,1.0000000000000004,13.432981968801267,-1.128172431793176
9,490,0.5,0.0031578855034106582,2.500603620413345
9,490,0.55,0.012637212521202779,1.8983487108767385
9,490,0.6000000000000001,0.004793635420265382,2.3193349992944143
9,490,0.6500000000000001,0.012074456696666323,1.9181324016901755
9,490,0.7000000000000002,0.015473342513450472,1.8104158609388608
9,490,0.7500000000000002,0.0031907357252873546,2.496109165033175
9,490,0.8000000000000003,0.015059433022191806,1.8221913787308495
9,490,0.8500000000000003,0.018781256758442326,1.7262753500361052
9,490,0.9000000000000004,0.01390812900532314,1.856731289656874
9,490,0.9500000000000004,0.6508740776114289,0.18650302477782288
9,490,1.0000000000000004,19.44072388589179,-1.2887124320817789
10,50,0.5,0.005837326702618321,2.2337859994817224
10,50,0.55,0.05199432335481611,1.2840440692547126
10,50,0.6000000000000001,0.009275628895642492,2.032656635174056
10,50,0.6500000000000001,0.022642046444052665,1.6450843231023946
10,50,0.7000000000000002,0.01159243255082098,1.9358254223151836
10,50,0.7500000000000002,0.023078406391588868,1.6367941833514006
10,50,0.8000000000000003,0.02587835611702556,1.58706331501956
10,50,0.8500000000000003,0.028245864753899154,1.5490451246947754
10,50,0.9000000000000004,0.03508412995395249,1.4548892890049845
10,50,0.9500000000000004,0.016496262085884353,1.7826144521121365
10,50,1.0000000000000004,0.025683268823169375,1.5903497025066293
10,70,0.5,0.0008982953734550959,3.046580837086299
10,70,0.55,0.026521969824154695,1.5763942234048616
10,70,0.6000000000000001,0.003536860964022589,2.451382012208035
10,70,0.6500000000000001,0.004819884214302399,2.3169633944776513
10,70,0.7000000000000002,0.008667735511368029,2.0620943492795263
10,70,0.7500000000000002,0.04008369810707668,1.397032217445027
10,70,0.8000000000000003,0.015498145778956746,1.8097202583547225
10,70,0.8500000000000003,0.0040212733794931215,2.395636401115069
10,70,0.9000000000000004,0.01731360968790257,1.7616123772946917
10,70,0.9500000000000004,0.02675958880082361,1.5725205644059088
10,70,1.0000000000000004,0.014449384595452511,1.8401506492735598
10,90,0.5,0.004368898835863534,2.3596280114897676
10,90,0.55,0.03930174236854776,1.4055881955718499
10,90,0.6000000000000001,0.00778801403934694,2.108573274254547
10,90,0.6500000000000001,0.016979978709923776,1.7700628586249532
10,90,0.7000000000000002,0.030797799207205465,1.5114803168214985
10,90,0.7500000000000002,0.05074311982734533,1.2946228346675501
10,90,0.8000000000000003,0.005430117194073396,2.2651907972637955
10,90,0.8500000000000003,0.012008828389704011,1.9204993613486947
10,90,0.9000000000000004,0.008105345180657728,2.09122848521241
10,90,0.9500000000000004,0.02562857996886849,1.5912754565847627
10,90,1.0000000000000004,0.009015840274221833,2.0449937909103237
10,110,0.5,0.0034472741190626132,2.4625241811516903
10,110,0.55,0.008597458340038317,2.0656299199241297
10,110,0.6000000000000001,0.003421679091198374,2.4657607240342605
10,110,0.6500000000000001,0.020355420139941696,1.6913199292671295
10,110,0.7000000000000002,0.014135503528308514,1.849688716663604
10,110,0.7500000000000002,0.008358875241120197,2.077852156704269
10,110,0.8000000000000003,0.005346053171352167,2.271966726105107
10,110,0.8500000000000003,0.012703240633874338,1.896085475116512
10,110,0.9000000000000004,0.013391963357403273,1.8731557476497498
10,110,0.9500000000000004,0.019295321451788496,1.7145479818723173
10,110,1.0000000000000004,0.109765939344202,0.9595324016862801
10,130,0.5,0.0019229405017131818,2.7160341531912664
10,130,0.55,0.018478060667601576,1.7333436113386202
10,130,0.6000000000000001,0.005776748407541504,2.238316546704004
10,130,0.6500000000000001,0.01143181489281623,1.9418848163793785
10,130,0.7000000000000002,0.01811531045972255,1.7419542186380568
10,130,0.7500000000000002,0.012950228150082064,1.8877225803511561
10,130,0.8000000000000003,0.0034789657317261307,2.4585498490895894
10,130,0.8500000000000003,0.01450483261467815,1.8384872785773514
10,130,0.9000000000000004,0.011408668732202679,1.9427650300769326
10,130,0.9500000000000004,0.11138729121752226,0.9531643573575896
10,130,1.0000000000000004,0.7147665559602979,0.14583577639819686
10,150,0.5,0.00475296173064662,2.323035682493777
10,150,0.55,0.007636919026588132,2.11708181414958
10,150,0.6000000000000001,0.02374380077522517,1.6244497603777917
10,150,0.6500000000000001,0.013065829499171542,1.8838630133781131
10,150,0.7000000000000002,0.007740722711574214,2.111218489576018
10,150,0.7500000000000002,0.015855136772732936,1.799830007223333
10,150,0.8000000000000003,0.0021758971822524297,2.662361630221741
10,150,0.8500000000000003,0.008643196205480444,2.0633256281557384
10,150,0.9000000000000004,0.017177938778134984,1.7650289494097262
10,150,0.9500000000000004,0.2628770879622623,0.5802472648072383
10,150,1.0000000000000004,2.0460974851267264,-0.31092632157752065
10,170,0.5,0.003287327050700457,2.4831570865332835
10,170,0.55,0.007919597000898098,2.101296917493734
10,170,0.6000000000000001,0.008624848856734065,2.064248506835734
10,170,0.6500000000000001,0.034671783913044645,1.46002381269433
10,170,0.7000000000000002,0.011514327262853681,1.9387614310879664
10,170,0.7500000000000002,0.019804859854412032,1.7032282264569045
10,170,0.8000000000000003,0.008832276391822812,2.053927348857934
10,170,0.8500000000000003,0.010459609011043352,1.9804845494572754
10,170,0.9000000000000004,0.01746840109125383,1.7577468448181088
10,170,0.9500000000000004,0.388461431723635,0.41065209351965165
10,170,1.0000000000000004,1.969891661972329,-0.29444234194768737
10,190,0.5,0.003959595920795281,2.40234913183281
10,190,0.55,0.010520553975112847,1.9779613911708496
10,190,0.6000000000000001,0.008277659005630354,2.0820924681289465
10,190,0.6500000000000001,0.014182379752524843,1.8482508899798167
10,190,0.7000000000000002,0.017240766817512965,1.7634434219678936
10,190,0.7500000000000002,0.016085133621517925,1.7935753270003165
10,190,0.8000000000000003,0.0159003007114812,1.7985946620882296
10,190,0.8500000000000003,0.00581612664450896,2.2353661454068274
10,190,0.9000000000000004,0.02124347693771668,1.6727744004302656
10,190,0.9500000000000004,0.41474767383715533,0.3822160410902695
10,190,1.0000000000000004,6.028257598204278,-0.7801918022173048
10,210,0.5,0.003330129492609316,2.477538878556068
10,210,0.55,0.011209727421682466,1.9504049476814271
10,210,0.6000000000000001,0.016274367881015467,1.7884958710312482
10,210,0.6500000000000001,0.022455242980141593,1.648682241230802
10,210,0.7000000000000002,0.018690197134470534,1.7283861178848792
10,210,0.7500000000000002,0.012626383987633737,1.898721007248911
10,210,0.8000000000000003,0.00807332860875621,2.092947370065194
10,210,0.8500000000000003,0.009356768369524761,2.0288741215205617
10,210,0.9000000000000004,0.02291485674190891,1.639882853513802
10,210,0.9500000000000004,0.2734649956347207,0.5630982568099153
10,210,1.0000000000000004,10.81176929445029,-1.0338967699885666
10,230,0.5,0.008199319177813651,2.0862222073228667
10,230,0.55,0.012879975464557594,1.890084964275694
10,230,0.6000000000000001,0.005812459032901152,2.2356400950650293
10,230,0.6500000000000001,0.019065534786676264,1.7197510082951046
10,230,0.7000000000000002,0.008499329555372921,2.070615330978145
10,230,0.7500000000000002,0.006365364989492002,2.196176688887359
10,230,0.8000000000000003,0.004121137045639725,2.3849829430644744
10,230,0.8500000000000003,0.006599070877033742,2.1805172070918335
10,230,0.9000000000000004,0.025486703254601648,1.593686337576274
10,230,0.9500000000000004,0.2981680696453995,0.5255388663132352
10,230,1.0000000000000004,8.981007677645255,-0.9533250676571448
10,250,0.5,0.005270008285141795,2.2781887020192304
10,250,0.55,0.008962694065937452,2.047561427602716
10,250,0.6000000000000001,0.008377025564464863,2.076910159203765
10,250,0.6500000000000001,0.01242646328701917,1.905652458927856
10,250,0.7000000000000002,0.044963273956658424,1.3471420735612425
10,250,0.7500000000000002,0.011524093448273355,1.9383932287060195
10,250,0.8000000000000003,0.003661485959702334,2.436342626865241
10,250,0.8500000000000003,0.003170850785005679,2.498824194672184
10,250,0.9000000000000004,0.03314514928277373,1.4795800206187282
10,250,0.9500000000000004,0.31340734683498267,0.5038908271000567
10,250,1.0000000000000004,9.733359758875432,-0.9882627758162423
10,270,0.5,0.002379107056788024,2.623586014824363
10,270,0.55,0.010739697653431402,1.969007944827771
10,270,0.6000000000000001,0.010089470528275853,1.9961316239198332
10,270,0.6500000000000001,0.02805217682874851,1.5520334321606901
10,270,0.7000000000000002,0.012825791033187029,1.8919158401924485
10,270,0.7500000000000002,0.014647143619457237,1.8342470600373648
10,270,0.8000000000000003,0.01691715193250296,1.771672750286986
10,270,0.8500000000000003,0.0034028401999536004,2.46815844523504
10,270,0.9000000000000004,0.02493906076893372,1.6031199065331074
10,270,0.9500000000000004,0.356452975730906,0.4479977553706359
10,270,1.0000000000000004,13.478965884487522,-1.1296565741066957
10,290,0.5,0.003085346304733208,2.5106960829131086
10,290,0.55,0.030373685007890717,1.5175025152431472
10,290,0.6000000000000001,0.005147765224366427,2.288381268311398
10,290,0.6500000000000001,0.014511058326808669,1.8383009122533844
10,290,0.7000000000000002,0.0417859754603136,1.3789694551197167
10,290,0.7500000000000002,0.005728171713585389,2.241983971645586
10,290,0.8000000000000003,0.013739849299621831,1.8620180306463068
10,290,0.8500000000000003,0.005578406630239329,2.2534898316202465
10,290,0.9000000000000004,0.02781260594027567,1.5557583174119995
10,290,0.9500000000000004,0.35503780274394386,0.44972540286311846
10,290,1.0000000000000004,10.057969625083963,-1.0025103197241265
10,310,0.5,0.005476709071394873,2.2614803286428167
10,310,0.55,0.0160213152712359,1.795301833345892
10,310,0.6000000000000001,0.02197892711316078,1.657993511193979
10,310,0.6500000000000001,0.011728282299282371,1.930765589126458
10,310,0.7000000000000002,0.019271976316977774,1.7150737467069
10,310,0.7500000000000002,0.03224494899015048,1.4915383057576115
10,310,0.8000000000000003,0.013137480074318728,1.8814879296597993
10,310,0.8500000000000003,0.009757668932051062,2.010653921151248
10,310,0.9000000000000004,0.02746929826072754,1.5611524350601989
10,310,0.9500000000000004,0.3542425872955201,0.4506992288160957
10,310,1.0000000000000004,13.482364149330346,-1.1297660529547533
10,330,0.5,0.005547123968317323,2.2559321283063927
10,330,0.55,0.0017390198694719864,2.7596954558622993
10,330,0.6000000000000001,0.0022422108006920787,2.649323559772395
10,330,0.6500000000000001,0.03102102922625064,1.5083437971134501
10,330,0.7000000000000002,0.01132857839519938,1.94582458562263
10,330,0.7500000000000002,0.004118143279111022,2.3852985474108483
10,330,0.8000000000000003,0.010725430765324733,1.9695852562297975
10,330,0.8500000000000003,0.007648616169601119,2.1164171327248233
10,330,0.9000000000000004,0.018635463000782462,1.7296598126666747
10,330,0.9500000000000004,0.35657312306867367,0.4478513951563617
10,330,1.0000000000000004,7.231447780283204,-0.8592252544235344
10,350,0.5,0.004171412485953544,2.379716863255071
10,350,0.55,0.013869388182879118,1.85794269643645
10,350,0.6000000000000001,0.013342344104940037,1.8747678628927342
10,350,0.6500000000000001,0.013842385377703914,1.858789063989899
10,350,0.7000000000000002,0.025269903438889955,1.5973964175987787
10,350,0.7500000000000002,0.018098277748750176,1.742362751086708
10,350,0.8000000000000003,0.005040697271248,2.297509384167557
10,350,0.8500000000000003,0.00420144015541323,2.376601818092167
10,350,0.9000000000000004,0.016727998814597005,1.7765560109659702
10,350,0.9500000000000004,0.35544988985596915,0.449221616011499
10,350,1.0000000000000004,11.380131355096157,-1.0561472749293686
10,370,0.5,0.006588521193604503,2.181212052709131
10,370,0.55,0.015946720769719445,1.7973286102892192
10,370,0.6000000000000001,0.02133226133234491,1.6709631046019424
10,370,0.6500000000000001,0.009321995630039616,2.0304911049917322
10,370,0.7000000000000002,0.03563907575100764,1.4480735673018874
10,370,0.7500000000000002,0.01534906437171358,1.8139180925376852
10,370,0.8000000000000003,0.001121566089691859,2.950175129978645
10,370,0.8500000000000003,0.0036216507981833576,2.4410934269466447
10,370,0.9000000000000004,0.02408174363399509,1.6183120712677193
10,370,0.9500000000000004,0.35594908036844153,0.44861212477060153
10,370,1.0000000000000004,13.343724639128645,-1.1252770712926998
10,390,0.5,0.002103398059354205,2.6770785311072913
10,390,0.55,0.016212564827910274,1.7901482743251393
10,390,0.6000000000000001,0.01246519034346795,1.9043010854324385
10,390,0.6500000000000001,0.019411595570294402,1.711938765544427
10,390,0.7000000000000002,0.04397149511941936,1.3568287672419186
10,390,0.7500000000000002,0.01924612649471767,1.7156566641421662
10,390,0.8000000000000003,0.01179081502426965,1.9284561738439168
10,390,0.8500000000000003,0.008161732499871729,2.088217643296317
10,390,0.9000000000000004,0.02849096765934886,1.545292800252314
10,390,0.9500000000000004,0.3572475465045556,0.4470307451631414
10,390,1.0000000000000004,8.656540703019665,-0.9373443754200569
10,410,0.5,0.006944733263507208,2.1583444301872112
10,410,0.55,0.014120350856246347,1.8501545119925265
10,410,0.6000000000000001,0.007903128053154084,2.1022009811978544
10,410,0.6500000000000001,0.006056636085889807,2.2177685202178203
10,410,0.7000000000000002,0.016407776826089925,1.784950259749442
10,410,0.7500000000000002,0.0038455564551740473,2.415040808547575
10,410,0.8000000000000003,0.003262221286151198,2.486486582812964
10,410,0.8500000000000003,0.008255830989105596,2.083239206372161
10,410,0.9000000000000004,0.03045800178391582,1.5162985922240448
10,410,0.9500000000000004,0.3565684180865929,0.4478571257095191
10,410,1.0000000000000004,8.64527159830817,-0.9367786415421228
10,430,0.5,0.006036049894230068,2.219247178986037
10,430,0.55,0.00628308073640115,2.2018273596461126
10,430,0.6000000000000001,0.004865578384442804,2.3128655265689964
10,430,0.6500000000000001,0.012142478136712752,1.9156926698284535
10,430,0.7000000000000002,0.023821265628193124,1.6230351680951174
10,430,0.7500000000000002,0.02628696379124063,1.580259573074255
10,430,0.8000000000000003,0.007200991603073485,2.1426076955005646
10,430,0.8500000000000003,0.007732145355591372,2.1116999903214615
10,430,0.9000000000000004,0.038740437404650774,1.4118354801230053
10,430,0.9500000000000004,0.35805058830754927,0.44605560835423114
10,430,1.0000000000000004,7.512761948700201,-0.8757996278915576
10,450,0.5,0.0031078159323517005,2.5075447112132117
10,450,0.55,0.007947447258780908,2.099772345488864
10,450,0.6000000000000001,0.025705040836087777,1.5899817018582778
10,450,0.6500000000000001,0.008079307150458827,2.0926258810118226
10,450,0.7000000000000002,0.03049824054588955,1.5157252145303326
10,450,0.7500000000000002,0.019664026274830382,1.706327554158281
10,450,0.8000000000000003,0.008502672624159791,2.070444542111029
10,450,0.8500000000000003,0.013870904773420855,1.8578952097783041
10,450,0.9000000000000004,0.024458323705840175,1.6115733114146413
10,450,0.9500000000000004,0.35568895096928604,0.4489296254175339
10,450,1.0000000000000004,6.643786643865244,-0.8224156772291155
10,470,0.5,0.00496241551234784,2.3043068742506874
10,470,0.55,0.008602957024483904,2.0653522465839007
10,470,0.6000000000000001,0.010588781876774212,1.975153997836168
10,470,0.6500000000000001,0.017769026069098453,1.7503363754815742
10,470,0.7000000000000002,0.023653927252924364,1.6260967431850497
10,470,0.7500000000000002,0.018669790763516957,1.728860549258163
10,470,0.8000000000000003,0.0067950892304651815,2.1678048359080573
10,470,0.8500000000000003,0.00740265373039864,2.1306125648815093
10,470,0.9000000000000004,0.031035797971795513,1.5081370838441626
10,470,0.9500000000000004,0.357726523179933,0.44644885844300464
10,470,1.0000000000000004,7.761632790261192,-0.8899530920324799
10,490,0.5,0.006336912816248997,2.198122267891714
10,490,0.55,0.011065112108978994,1.9560441815501621
10,490,0.6000000000000001,0.019092763108095066,1.7191312158828076
10,490,0.6500000000000001,0.011013331415785055,1.9580812916869996
10,490,0.7000000000000002,0.031067719608969716,1.507690623075464
10,490,0.7500000000000002,0.025251541172551625,1.5977121105231775
10,490,0.8000000000000003,0.0028299065413470302,2.5482279069659888
10,490,0.8500000000000003,0.0077480406395712895,2.1108081100108422
10,490,0.9000000000000004,0.023405369118777435,1.630684505359691
10,490,0.9500000000000004,0.355733834556958,0.4488748262323619
10,490,1.0000000000000004,11.04282213133023,-1.0430800769653965
11,50,0.5,0.008843386296628994,2.053381403727363
11,50,0.55,0.013925172195169637,1.8561994257449261
11,50,0.6000000000000001,0.01984584588797048,1.7023303854618466
11,50,0.6500000000000001,0.01485524684498583,1.8281201272649255
11,50,0.7000000000000002,0.008812462282076864,2.054902728805758
11,50,0.7500000000000002,0.02327126129684278,1.6331800774174394
11,50,0.8000000000000003,0.017510858113633926,1.7566925709419947
11,50,0.8500000000000003,0.030044087033289348,1.5222409886029415
11,50,0.9000000000000004,0.06130565075371872,1.2124994932131652
11,50,0.9500000000000004,0.08809022373916942,1.055072286953695
11,50,1.0000000000000004,0.06202351373328629,1.2074436339105072
11,70,0.5,0.00771026995328623,2.1129304160903972
11,70,0.55,0.00997705684033487,2.0009975535536086
11,70,0.6000000000000001,0.013065081013725626,1.8838878929626859
11,70,0.6500000000000001,0.05400136228848638,1.2675952841231468
11,70,0.7000000000000002,0.01952986771178072,1.7093006984550148
11,70,0.7500000000000002,0.012335590423419853,1.9088400588619938
11,70,0.8000000000000003,0.022876259283905843,1.6406149897206002
11,70,0.8500000000000003,0.020726765198323078,1.6834684724425493
11,70,0.9000000000000004,0.016967413942573336,1.770384344839328
11,70,0.9500000000000004,0.00406358855307171,2.391090271732152
11,70,1.0000000000000004,0.012052936591519573,1.9189071281831707
11,90,0.5,0.017335995387701805,1.7610512172336885
11,90,0.55,0.002781073336562839,2.5557875586926104
11,90,0.6000000000000001,0.015891585183721336,1.798832779809228
11,90,0.6500000000000001,0.02629688659419457,1.5800956665292807
11,90,0.7000000000000002,0.008118453874452364,2.0905266724496245
11,90,0.7500000000000002,0.013334041194652086,1.8750382074838576
11,90,0.8000000000000003,0.0028354307001572177,2.5473809626989503
11,90,0.8500000000000003,0.01402986699467769,1.8529464461313938
11,90,0.9000000000000004,0.008817715394251647,2.0546439228266324
11,90,0.9500000000000004,0.013908451840674128,1.8567212089347118
11,90,1.0000000000000004,0.009837386385763246,2.007120270370721
11,110,0.5,0.002737747250875792,2.562606648465239
11,110,0.55,0.012864303049425431,1.890613737629908
11,110,0.6000000000000001,0.020221189199165587,1.6941933073281665
11,110,0.6500000000000001,0.022117658191561244,1.6552608578520736
11,110,0.7000000000000002,0.04067636017530643,1.3906579157911425
11,110,0.7500000000000002,0.0114836051296281,1.939921749384513
11,110,0.8000000000000003,0.011894222511265262,1.92466394119316
11,110,0.8500000000000003,0.00724800320281592,2.139781623421065
11,110,0.9000000000000004,0.006832090285631363,2.165446403107633
11,110,0.9500000000000004,0.07538350767515639,1.1227236582299758
11,110,1.0000000000000004,0.2446137253436306,0.6115191782328255
11,130,0.5,0.008600497562656587,2.065476422888366
11,130,0.55,0.007100459283926934,2.1487135586015014
11,130,0.6000000000000001,0.027234895003768262,1.5648742946839265
11,130,0.6500000000000001,0.015285534326297782,1.8157193753280318
11,130,0.7000000000000002,0.017969597122554654,1.7454616596418755
11,130,0.7500000000000002,0.014972557588874634,1.8247040078158108
11,130,0.8000000000000003,0.004379180059331217,2.358607197496551
11,130,0.8500000000000003,0.012530817032387676,1.9020206112812386
11,130,0.9000000000000004,0.014911120253820461,1.8264897273198908
11,130,0.9500000000000004,0.24411059190608803,0.6124133762298053
11,130,1.0000000000000004,2.3282395821807556,-0.36702766835989864
11,150,0.5,0.009846175561948955,2.0067324248190106
11,150,0.55,0.006660488819321184,2.176493896393736
11,150,0.6000000000000001,0.01164126161896667,1.93399995057407
11,150,0.6500000000000001,0.021343290956208568,1.6707386151867512
11,150,0.7000000000000002,0.006104699387004274,2.214335717104786
11,150,0.7500000000000002,0.003984648127392921,2.3996100238484885
11,150,0.8000000000000003,0.007603944428677658,2.1189610657159625
11,150,0.8500000000000003,0.0036402663639557775,2.4388668371850617
11,150,0.9000000000000004,0.022873486692840245,1.6406676291823559
11,150,0.9500000000000004,0.8387559610921861,0.07636438025336238
11,150,1.0000000000000004,0.5788883526666077,0.2374051884250923
11,170,0.5,0.0014209379961006902,2.847424872486908
11,170,0.55,0.0024940900351417715,2.6030878728063676
11,170,0.6000000000000001,0.02169456410755475,1.6636490713972008
11,170,0.6500000000000001,0.02229417123625968,1.6518086674816364
11,170,0.7000000000000002,0.022836734964832857,1.6413659883473082
11,170,0.7500000000000002,0.009584250317291761,2.018441852091775
11,170,0.8000000000000003,0.004001261463416438,2.3978030686137917
11,170,0.8500000000000003,0.008581397997945618,2.066441955352238
11,170,0.9000000000000004,0.030581876239892895,1.5145358735464618
11,170,0.9500000000000004,1.272781380446842,-0.10475381337930165
11,170,1.0000000000000004,1.3211861476603488,-0.12096401156326851
11,190,0.5,0.0016766199335172829,2.775565374772138
11,190,0.55,0.006922165480691243,2.1597580227113458
11,190,0.6000000000000001,0.014581245056011733,1.8362053911161584
11,190,0.6500000000000001,0.02872158050303565,1.5417916652354193
11,190,0.7000000000000002,0.027309006815373096,1.5636940941644173
11,190,0.7500000000000002,0.0085949382446456,2.065757239408109
11,190,0.8000000000000003,0.007319323295261603,2.1355290695862856
11,190,0.8500000000000003,0.007074409261947421,2.150309819406185
11,190,0.9000000000000004,0.035240453763390474,1.4529585081581784
11,190,0.9500000000000004,1.282120047889028,-0.10792869109144046
11,190,1.0000000000000004,6.8234117491403685,-0.8340015789574894
11,210,0.5,0.006008333852312201,2.2212459438153553
11,210,0.55,0.007666487019059559,2.1154035953384036
11,210,0.6000000000000001,0.0044836709788087115,2.348366264348817
11,210,0.6500000000000001,0.035440229854364916,1.4505034700762225
11,210,0.7000000000000002,0.03883996570417182,1.4107211622474392
11,210,0.7500000000000002,0.016976158147801713,1.7701605875899018
11,210,0.8000000000000003,0.008608399684630256,2.065077577086641
11,210,0.8500000000000003,0.0034292452856959153,2.4648014497306807
11,210,0.9000000000000004,0.03678598829712359,1.4343175716529741
11,210,0.9500000000000004,1.3570919713720229,-0.13260928119389817
11,210,1.0000000000000004,5.102497109674027,-0.7077827673806654
11,230,0.5,0.00740487708723863,2.1304821458905168
11,230,0.55,0.005912767218223556,2.2282092185539146
11,230,0.6000000000000001,0.0030443965768795524,2.516498775051219
11,230,0.6500000000000001,0.054680501523221625,1.2621675107873016
11,230,0.7000000000000002,0.021698726596651653,1.6635657522470753
11,230,0.7500000000000002,0.005392232316372058,2.268231405132792
11,230,0.8000000000000003,0.0097690917735057,2.0101458104971472
11,230,0.8500000000000003,0.013963415245983246,1.8550083466782679
11,230,0.9000000000000004,0.04035091274043558,1.3941466370595992
11,230,0.9500000000000004,1.357645287526352,-0.1327863164890178
11,230,1.0000000000000004,4.519312370539477,-0.6550723603869937
11,250,0.5,0.009113986893953924,2.04029160027492
11,250,0.55,0.008300835188047083,2.0808782089116145
11,250,0.6000000000000001,0.0450050229910206,1.346739012101487
11,250,0.6500000000000001,0.09683589029430169,1.0139636502544718
11,250,0.7000000000000002,0.022094384994284844,1.6557180826875997
11,250,0.7500000000000002,0.00984746088288903,2.0066757356652216
11,250,0.8000000000000003,0.012229170097728224,1.9126030142806767
11,250,0.8500000000000003,0.014841182059089618,1.828531507325493
11,250,0.9000000000000004,0.03792288600754329,1.4210986193968058
11,250,0.9500000000000004,1.3304728863515738,-0.12400602850944507
11,250,1.0000000000000004,3.9827876804763913,-0.6001871551024581
11,270,0.5,0.010400422498595496,1.9829490179049087
11,270,0.55,0.004013436139270572,2.3964836430106295
11,270,0.6000000000000001,0.003406277571317032,2.4677199650699584
11,270,0.6500000000000001,0.0577827630076642,1.2382016952662724
11,270,0.7000000000000002,0.0384440487705823,1.415170880469477
11,270,0.7500000000000002,0.006227102684311194,2.205713972746234
11,270,0.8000000000000003,0.0037000146351848476,2.4317965581039642
11,270,0.8500000000000003,0.007545899265789407,2.122288996723654
11,270,0.9000000000000004,0.041890486310023914,1.3778845978499539
11,270,0.9500000000000004,1.3530718079758968,-0.13132084536344213
11,270,1.0000000000000004,13.97204935334188,-1.1452601110227367
11,290,0.5,0.002055345462424368,2.6871151714447596
11,290,0.55,0.008342291911884542,2.078714617474774
11,290,0.6000000000000001,0.054427947066579795,1.264178046253757
11,290,0.6500000000000001,0.01868045600589995,1.728612526476971
11,290,0.7000000000000002,0.027387470344945573,1.5624480796834874
11,290,0.7500000000000002,0.005337347223602416,2.2726745430481428
11,290,0.8000000000000003,0.015979935047049712,1.7964249902764218
11,290,0.8500000000000003,0.008243353025123355,2.0838961009108683
11,290,0.9000000000000004,0.04018326123880327,1.3959548191920383
11,290,0.9500000000000004,1.3580550343130686,-0.1329173698076538
11,290,1.0000000000000004,13.871106518999479,-1.1421111067782441
11,310,0.5,0.00662226819809114,2.178993234548556
11,310,0.55,0.0022547087686010862,2.646909546184076
11,310,0.6000000000000001,0.015601764905824926,1.8068262705233744
11,310,0.6500000000000001,0.04405164709134632,1.356037848675094
11,310,0.7000000000000002,0.04003502921023667,1.397559850288072
11,310,0.7500000000000002,0.0056910946580871775,2.244804190855733
11,310,0.8000000000000003,0.010836940421372971,1.9650933142616773
11,310,0.8500000000000003,0.011167322506541793,1.9520509414790976
11,310,0.9000000000000004,0.03751626060704283,1.4257804559715284
11,310,0.9500000000000004,1.3548072568671021,-0.13187751422657684
11,310,1.0000000000000004,12.158239243610158,-1.084870684957079
11,330,0.5,0.010594058125524825,1.9749376485869947
11,330,0.55,0.005522805551668385,2.2578402472568677
11,330,0.6000000000000001,0.02790889518708819,1.5542573553296444
11,330,0.6500000000000001,0.02526756360961088,1.597436632314892
11,330,0.7000000000000002,0.028870348702026434,1.539547970589271
11,330,0.7500000000000002,0.006579571011295919,2.1818024215076983
11,330,0.8000000000000003,0.012343661841546448,1.9085559844142868
11,330,0.8500000000000003,0.017692402423535182,1.7522131909205054
11,330,0.9000000000000004,0.03849227062097436,1.4146264695478092
11,330,0.9500000000000004,1.3622085046610128,-0.13424358738090092
11,330,1.0000000000000004,8.465858516446886,-0.9276710061602167
11,350,0.5,0.01540967497370009,1.8122065214773744
11,350,0.55,0.0018253566092809427,2.738652277337061
11,350,0.6000000000000001,0.008575278451967398,2.0667517688724217
11,350,0.6500000000000001,0.03183180483906716,1.4971387365148485
11,350,0.7000000000000002,0.10506370314415246,0.9785472958351378
11,350,0.7500000000000002,0.011399655080768,1.9431082889078548
11,350,0.8000000000000003,0.0033084100028999528,2.480380674765449
11,350,0.8500000000000003,0.0047192708554720545,2.3261250962613707
11,350,0.9000000000000004,0.04261663832114482,1.370420811218657
11,350,0.9500000000000004,1.361988654779868,-0.13417348996515063
11,350,1.0000000000000004,12.086833511895843,-1.0823125400311882
11,370,0.5,0.007805093306566471,2.1076219007649555
11,370,0.55,0.009193908419303379,2.0364998265797576
11,370,0.6000000000000001,0.022161047774144113,1.6544097100188924
11,370,0.6500000000000001,0.03593702953660146,1.4444578234200773
11,370,0.7000000000000002,0.06246822502374841,1.204340833950619
11,370,0.7500000000000002,0.004058943439144046,2.391587000478423
11,370,0.8000000000000003,0.009469675987405616,2.0236648804781576
11,370,0.8500000000000003,0.014931486614241192,1.825896950733082
11,370,0.9000000000000004,0.038719787824654746,1.412067031188905
11,370,0.9500000000000004,1.3612054333663548,-0.1339236739503047
11,370,1.0000000000000004,14.087015702489511,-1.1488189987008859
11,390,0.5,0.005230082829348322,2.2814914331128278
11,390,0.55,0.006530054795330991,2.1850831744354866
11,390,0.6000000000000001,0.03918395329960385,1.4068917498218632
11,390,0.6500000000000001,0.04411831613411895,1.3553810716537846
11,390,0.7000000000000002,0.021466491974165534,1.6682389215973337
11,390,0.7500000000000002,0.010770933943230648,1.967746637574257
11,390,0.8000000000000003,0.00804293200010311,2.094585603074759
11,390,0.8500000000000003,0.0074732942243671534,2.1264879191885377
11,390,0.9000000000000004,0.03364849860776602,1.473034309178765
11,390,0.9500000000000004,1.3727603747648005,-0.137594734614944
11,390,1.0000000000000004,10.169353944120598,-1.0072933632063465
11,410,0.5,0.0043314655499939346,2.3633651353818026
11,410,0.55,0.004818697748549781,2.317070313842744
11,410,0.6000000000000001,0.009317752984268303,2.03068880697979
11,410,0.6500000000000001,0.04514983429137183,1.3453438392923334
11,410,0.7000000000000002,0.055909138002868244,1.2525172035646797
11,410,0.7500000000000002,0.008599181445424533,2.0655428872046206
11,410,0.8000000000000003,0.00570495700665316,2.243747624136853
11,410,0.8500000000000003,0.009663143263863267,2.0148815816482637
11,410,0.9000000000000004,0.040859671705203916,1.3887051271110884
11,410,0.9500000000000004,1.356844554550543,-0.13253009602536525
11,410,1.0000000000000004,10.217738918800974,-1.0093548015002218
11,430,0.5,0.0025561961386737888,2.592405825523185
11,430,0.55,0.010158593341764319,1.9931664245524534
11,430,0.6000000000000001,0.019826449102608733,1.7027550605416477
11,430,0.6500000000000001,0.01667762523086601,1.7778657895828966
11,430,0.7000000000000002,0.01675660774983102,1.7758138964839243
11,430,0.7500000000000002,0.005429302938686541,2.2652559253494045
11,430,0.8000000000000003,0.008023257791703941,2.095649253451767
11,430,0.8500000000000003,0.009261309398578195,2.033327606798059
11,430,0.9000000000000004,0.04137833899882265,1.383226946684397
11,430,0.9500000000000004,1.3615585045817435,-0.13403630720453918
11,430,1.0000000000000004,10.295003250297986,-1.0126264880678197
11,450,0.5,0.012711560411324726,1.8958011342271215
11,450,0.55,0.0029607037694395844,2.5286050433819236
11,450,0.6000000000000001,0.025741604277101572,1.5893643903383405
11,450,0.6500000000000001,0.024789004270720942,1.6057409177023847
11,450,0.7000000000000002,0.03077880307926381,1.5117482729443754
11,450,0.7500000000000002,0.003653626886214329,2.4372758055143797
11,450,0.8000000000000003,0.006187177670539318,2.2085074126325073
11,450,0.8500000000000003,0.008249632686541778,2.083565387905751
11,450,0.9000000000000004,0.039016616763197835,1.4087503921628417
11,450,0.9500000000000004,1.3748271208636753,-0.13824809076607708
11,450,1.0000000000000004,9.480081071621402,-0.9768120513472713
11,470,0.5,0.006575470647806784,2.182073156537042
11,470,0.55,0.007484711618610831,2.125824928100986
11,470,0.6000000000000001,0.03465254392798757,1.4602648772619053
11,470,0.6500000000000001,0.029029056031380666,1.5371670863532367
11,470,0.7000000000000002,0.05443010486166301,1.2641608289973165
11,470,0.7500000000000002,0.011227307112990212,1.9497243974528287
11,470,0.8000000000000003,0.007154819694616624,2.1454013062256196
11,470,0.8500000000000003,0.006445089346127153,2.1907710577890813
11,470,0.9000000000000004,0.033247398254382506,1.4782423343601077
11,470,0.9500000000000004,1.3634061981289043,-0.1346252639965013
11,470,1.0000000000000004,9.10473120707138,-0.9592671289328272
11,490,0.5,0.010360563802083115,1.984616610471948
11,490,0.55,0.007318667832920851,2.135567963403802
11,490,0.6000000000000001,0.004134460468180252,2.38358115623964
11,490,0.6500000000000001,0.05746562371232924,1.2405918752511065
11,490,0.7000000000000002,0.038036093701095536,1.4198040913973515
11,490,0.7500000000000002,0.013207773786970946,1.8791703779578284
11,490,0.8000000000000003,0.005782785333267338,2.2378629291399164
11,490,0.8500000000000003,0.01247431324768629,1.9039833543979616
11,490,0.9000000000000004,0.034409696532628334,1.4633191575094422
11,490,0.9500000000000004,1.3611635564293163,-0.13391031284992158
11,490,1.0000000000000004,9.906843911597694,-0.9959353204705126
12,50,0.5,0.006352107059385206,2.197082190853566
12,50,0.55,0.013289024016264923,1.8765069137085164
12,50,0.6000000000000001,0.012847865468676618,1.8911690195838626
12,50,0.6500000000000001,0.011902479930303368,1.9243625421505195
12,50,0.7000000000000002,0.019464954719737994,1.710746602220199
12,50,0.7500000000000002,0.04662477628676346,1.3313832389935991
12,50,0.8000000000000003,0.030328107047958127,1.5181546956663137
12,50,0.8500000000000003,0.012214689537502826,1.9131175670747336
12,50,0.9000000000000004,0.06945901851622405,1.1582713577370263
12,50,0.9500000000000004,0.06148149031649108,1.211255613709967
12,50,1.0000000000000004,0.05618652638811656,1.250367816403131
12,70,0.5,0.007940157703721211,2.100170871732131
12,70,0.55,0.01622366187717739,1.7898511135305768
12,70,0.6000000000000001,0.019323764006964554,1.7139082750097208
12,70,0.6500000000000001,0.015917128470756894,1.7981352784192481
12,70,0.7000000000000002,0.017184500611490124,1.7648630841159598
12,70,0.7500000000000002,0.017991011143023435,1.7449444274551706
12,70,0.8000000000000003,0.01091881588931409,1.961824456926188
12,70,0.8500000000000003,0.008602873310882421,2.065356472634545
12,70,0.9000000000000004,0.014578324183690799,1.8362923964299298
12,70,0.9500000000000004,0.008394632917826788,2.0759982900259675
12,70,1.0000000000000004,0.017735554505408042,1.7511552286820729
12,90,0.5,0.0028385615807214474,2.5469016796040025
12,90,0.55,0.009643208726583686,2.0157784328629083
12,90,0.6000000000000001,0.005797983697537394,2.236723010105462
12,90,0.6500000000000001,0.025709416246191573,1.5899077842648006
12,90,0.7000000000000002,0.006695579135510382,2.1742118526357386
12,90,0.7500000000000002,0.004807171696766769,2.318110365987287
12,90,0.8000000000000003,0.003335972894069264,2.4767774868124675
12,90,0.8500000000000003,0.00919955544517363,2.0362331587819202
12,90,0.9000000000000004,0.007688075710658131,2.1141823484717763
12,90,0.9500000000000004,0.014176629070018688,1.8484270237600529
12,90,1.0000000000000004,0.03457709310255761,1.4612115206799183
12,110,0.5,0.0036202546573587194,2.4412608790812618
12,110,0.55,0.005984585282442598,2.222965939791767
12,110,0.6000000000000001,0.014339253224791277,1.8434734657391656
12,110,0.6500000000000001,0.008389094600546628,2.076284908206401
12,110,0.7000000000000002,0.02294012559197721,1.6394042087645957
12,110,0.7500000000000002,0.007260151384470905,2.139054323548541
12,110,0.8000000000000003,0.007836871746656059,2.105857260565921
12,110,0.8500000000000003,0.00678102121486898,2.168704896902135
12,110,0.9000000000000004,0.03181002107585044,1.4974360431490807
12,110,0.9500000000000004,0.22385040579224963,0.6500421139980922
12,110,1.0000000000000004,1.4392515195757636,-0.1581366966597549
12,130,0.5,0.007285473429851784,2.1375422213419566
12,130,0.55,0.003604412726685818,2.443165485545503
12,130,0.6000000000000001,0.0174513361212209,1.75817131667848
12,130,0.6500000000000001,0.01517310530965141,1.818925527925634
12,130,0.7000000000000002,0.007167565111336687,2.1446283531612766
12,130,0.7500000000000002,0.01016486965530931,1.992898185972608
12,130,0.8000000000000003,0.007296484398225628,2.1368863418269513
12,130,0.8500000000000003,0.011561510477707308,1.9369854228982126
12,130,0.9000000000000004,0.0462287235474372,1.3350880979951374
12,130,0.9500000000000004,0.3469900115801632,0.45968302658680027
12,130,1.0000000000000004,1.2017508266633457,-0.07981442954435491
12,150,0.5,0.0014575009484326406,2.8363911539624795
12,150,0.55,0.006752335193535999,2.1705460069792917
12,150,0.6000000000000001,0.009005598124673754,2.045487437356519
12,150,0.6500000000000001,0.029259857143937692,1.5337277985713034
12,150,0.7000000000000002,0.03408253633119582,1.4674680936689608
12,150,0.7500000000000002,0.004031301715043801,2.3945546966931297
12,150,0.8000000000000003,0.011692876417246697,1.932078640380177
12,150,0.8500000000000003,0.017703486852966497,1.751941187205225
12,150,0.9000000000000004,0.02659087488359199,1.5752673734294096
12,150,0.9500000000000004,1.6041001211420391,-0.20523147161803132
12,150,1.0000000000000004,10.79560512247557,-1.0332469907171713
12,170,0.5,0.005599167379648498,2.251876549656079
12,170,0.55,0.010646439571365058,1.9727956065948653
12,170,0.6000000000000001,0.012418620651926449,1.9059266389842284
12,170,0.6500000000000001,0.0256236194492972,1.591359524246575
12,170,0.7000000000000002,0.029549725336951462,1.5294465515069469
12,170,0.7500000000000002,0.007688868442995125,2.11413756983742
12,170,0.8000000000000003,0.006848953776972073,2.1643757647980895
12,170,0.8500000000000003,0.0025875620917905386,2.587109219970405
12,170,0.9000000000000004,0.03306491706671308,1.4806325622542396
12,170,0.9500000000000004,2.0593117176295674,-0.31372209066849366
12,170,1.0000000000000004,10.224595076481101,-1.009646117703144
12,190,0.5,0.01006037236130987,1.9973859445813467
12,190,0.55,0.007471030576462648,2.126619486163228
12,190,0.6000000000000001,0.007562995989900297,2.121306129878205
12,190,0.6500000000000001,0.02359427315592471,1.6271933969704586
12,190,0.7000000000000002,0.009143521882188173,2.038886491422504
12,190,0.7500000000000002,0.004283895754687566,2.3681611059342047
12,190,0.8000000000000003,0.009267811372290928,2.033022813985087
12,190,0.8500000000000003,0.005057670993021899,2.2960494253993717
12,190,0.9000000000000004,0.0354690048326414,1.4501509965225736
12,190,0.9500000000000004,2.198275481893416,-0.34208211609901207
12,190,1.0000000000000004,6.037352000671813,-0.7808464976180578
12,210,0.5,0.014816146956548336,1.829264723014901
12,210,0.55,0.007545948489751025,2.1222861637113875
12,210,0.6000000000000001,0.012446362884479463,1.9049575409355501
12,210,0.6500000000000001,0.013395651520428162,1.8730361588869955
12,210,0.7000000000000002,0.016484082771228363,1.782935213426903
12,210,0.7500000000000002,0.004337391731620338,2.3627713527651504
12,210,0.8000000000000003,0.006794974324567484,2.167812179949843
12,210,0.8500000000000003,0.007664180134297353,2.115534296412291
12,210,0.9000000000000004,0.030526515588057208,1.5153227648870835
12,210,0.9500000000000004,2.396263018891199,-0.37953448541340085
12,210,1.0000000000000004,10.676777065804904,-1.028440174623709
12,230,0.5,0.008192448383983033,2.0865862861826283
12,230,0.55,0.0027661011507006776,2.5581319426692484
12,230,0.6000000000000001,0.015373221553549298,1.8132351138714946
12,230,0.6500000000000001,0.02213212091602878,1.6549769657387174
12,230,0.7000000000000002,0.04411608283161389,1.355403056525126
12,230,0.7500000000000002,0.004419784761601936,2.3545988797741306
12,230,0.8000000000000003,0.005829405314180526,2.234375747461061
12,230,0.8500000000000003,0.01075674841206885,1.9683189889027863
12,230,0.9000000000000004,0.03844431736248087,1.415167846252851
12,230,0.9500000000000004,2.4603192435807,-0.3909914634976747
12,230,1.0000000000000004,10.8315069724954,-1.0346888836160204
12,250,0.5,0.0040673110854503765,2.3906926096146526
12,250,0.55,0.0025364278734670465,2.5957774828835873
12,250,0.6000000000000001,0.008472014892141961,2.072013289495308
12,250,0.6500000000000001,0.011404984897257948,1.9429052854896454
12,250,0.7000000000000002,0.039253784491175586,1.4061184661951067
12,250,0.7500000000000002,0.008778747889011578,2.056567423008604
12,250,0.8000000000000003,0.003941195351837664,2.404372038079723
12,250,0.8500000000000003,0.007652876658517682,2.116175286142235
12,250,0.9000000000000004,0.04624173949526984,1.3349658372391773
12,250,0.9500000000000004,2.4654705580268836,-0.39189982067254825
12,250,1.0000000000000004,13.130494714371201,-1.1182810892025046
12,270,0.5,0.003393168697166151,2.4693945481276165
12,270,0.55,0.011879056113158528,1.9252180661841416
12,270,0.6000000000000001,0.004010027242627505,2.3968526769352767
12,270,0.6500000000000001,0.03275525665636283,1.4847189932704958
12,270,0.7000000000000002,0.024804722405464386,1.6054656288757139
12,270,0.7500000000000002,0.006972219872291779,2.156628925661675
12,270,0.8000000000000003,0.005043055607426023,2.29730624305143
12,270,0.8500000000000003,0.01346420872888223,1.8708191643302783
12,270,0.9000000000000004,0.04330053075152668,1.3635067802968281
12,270,0.9500000000000004,2.545163741291391,-0.4057157275968616
12,270,1.0000000000000004,24.195691656914732,-1.3837380413439209
12,290,0.5,0.011031495747982217,1.9573655980716795
12,290,0.55,0.008741276403153518,2.058425146956874
12,290,0.6000000000000001,0.032744465804210574,1.4848620902917076
12,290,0.6500000000000001,0.012552392486640576,1.9012734897431947
12,290,0.7000000000000002,0.013809123590047396,1.859833883483951
12,290,0.7500000000000002,0.008782154878013359,2.0563989081478846
12,290,0.8000000000000003,0.01173562757901348,1.9304936809426978
12,290,0.8500000000000003,0.004231622265217491,2.3734931064391533
12,290,0.9000000000000004,0.042869039708413076,1.3678562448310576
12,290,0.9500000000000004,2.5533771972309265,-0.40711497562510285
12,290,1.0000000000000004,27.58945150232239,-1.4407430664856156
12,310,0.5,0.0023506941706043405,2.628803869666478
12,310,0.55,0.004103600378146476,2.3868349388358507
12,310,0.6000000000000001,0.013901711624554005,1.856931724685817
12,310,0.6500000000000001,0.023712035354394957,1.625031166171785
12,310,0.7000000000000002,0.03545687495593814,1.4502995442342257
12,310,0.7500000000000002,0.007408519932783522,2.130268546302478
12,310,0.8000000000000003,0.010529621180748091,1.97758725294273
12,310,0.8500000000000003,0.0056722120776087435,2.2462475397408297
12,310,0.9000000000000004,0.02870612471725465,1.5420254326344294
12,310,0.9500000000000004,2.5643577764387167,-0.4089786173730423
12,310,1.0000000000000004,19.12182094759259,-1.2815292472410924
12,330,0.5,0.0037048870353213474,2.4312250294348603
12,330,0.55,0.008551939639302697,2.067935373095148
12,330,0.6000000000000001,0.019222989953499022,1.7161790610319747
12,330,0.6500000000000001,0.03413586823360919,1.4667890465468836
12,330,0.7000000000000002,0.004367785323136084,2.3597387153739593
12,330,0.7500000000000002,0.008115949334361309,2.0906606728111887
12,330,0.8000000000000003,0.0065328185880057,2.184899401709466
12,330,0.8500000000000003,0.005305338004140346,2.2752869418933104
12,330,0.9000000000000004,0.05334843189615493,1.2728783415413982
12,330,0.9500000000000004,2.5581651132623704,-0.4079285719896041
12,330,1.0000000000000004,11.874237894514367,-1.074605745553482
12,350,0.5,0.004247195855964265,2.371897711412598
12,350,0.55,0.001959116111359202,2.707939823817291
12,350,0.6000000000000001,0.009733136535593344,2.011747184336646
12,350,0.6500000000000001,0.01649370405196489,1.7826818022884494
12,350,0.7000000000000002,0.01898408576193773,1.721610312830531
12,350,0.7500000000000002,0.009493091132137107,2.0225923499498775
12,350,0.8000000000000003,0.005078550870605543,2.294260192968289
12,350,0.8500000000000003,0.015088860451742344,1.8213435579850272
12,350,0.9000000000000004,0.034899548173075064,1.4571801955969945
12,350,0.9500000000000004,2.584210696529908,-0.4123279197758004
12,350,1.0000000000000004,11.012409449097511,-1.0418823503945458
12,370,0.5,0.009917939223738194,2.0035785573552545
12,370,0.55,0.0037677855830907546,2.4239138199795045
12,370,0.6000000000000001,0.02305758993665383,1.6371860887113818
12,370,0.6500000000000001,0.0434561281353235,1.3619489711671766
12,370,0.7000000000000002,0.0191633181587515,1.7175292899720924
12,370,0.7500000000000002,0.0026126199593926513,2.5829237596344896
12,370,0.8000000000000003,0.007153807542665347,2.145462747760259
12,370,0.8500000000000003,0.009162809582280948,2.0379713386695095
12,370,0.9000000000000004,0.038262858211824624,1.4172225915680012
12,370,0.9500000000000004,2.576594582539466,-0.4110460893241794
12,370,1.0000000000000004,11.64798842839577,-1.0662509305226742
12,390,0.5,0.006412570791119427,2.1929678274906013
12,390,0.55,0.004764056705040148,2.3220230778904627
12,390,0.6000000000000001,0.01164596413263011,1.9338245517709105
12,390,0.6500000000000001,0.014339080014449501,1.8434787118108262
12,390,0.7000000000000002,0.02347687333057266,1.6293597432718603
12,390,0.7500000000000002,0.007599326185111737,2.119224913911447
12,390,0.8000000000000003,0.005403913141792943,2.2672916400984136
12,390,0.8500000000000003,0.005526738917952298,2.2575310509186366
12,390,0.9000000000000004,0.032918078948588295,1.4825655175172225
12,390,0.9500000000000004,2.5823624301983643,-0.41201719470390863
12,390,1.0000000000000004,9.511499913771715,-0.9782490083054648
12,410,0.5,0.01631124980302322,1.7875127611080175
12,410,0.55,0.00911868148337143,2.040067953984461
12,410,0.6000000000000001,0.015562775010662536,1.8079129610504425
12,410,0.6500000000000001,0.029851580850383787,1.5250326649895825
12,410,0.7000000000000002,0.024115478192109328,1.6177041219181165
12,410,0.7500000000000002,0.010685035551574774,1.971224028499719
12,410,0.8000000000000003,0.0025955653913757163,2.585768025249436
12,410,0.8500000000000003,0.00521163458037035,2.283026042938791
12,410,0.9000000000000004,0.03687510812274463,1.4332666976024582
12,410,0.9500000000000004,2.5826766605306246,-0.412070037866223
12,410,1.0000000000000004,12.10052616206054,-1.0828042549702783
12,430,0.5,0.013511263031993544,1.8693040512602572
12,430,0.55,0.003986287061095862,2.3994314300306767
12,430,0.6000000000000001,0.004785500890200955,2.3200725986467052
12,430,0.6500000000000001,0.031130970176947083,1.5068073445944175
12,430,0.7000000000000002,0.08980206074555533,1.046713697183982
12,430,0.7500000000000002,0.010500558252123218,1.97878761146608
12,430,0.8000000000000003,0.0034654225650430233,2.4602438010299146
12,430,0.8500000000000003,0.01013541493801204,1.9941584668426882
12,430,0.9000000000000004,0.03691320023645592,1.4328183014642002
12,430,0.9500000000000004,2.5839587687670647,-0.412285579508879
12,430,1.0000000000000004,11.157072349970527,-1.04755024934565
12,450,0.5,0.013813925767184687,1.8596828821208584
12,450,0.55,0.006177548864512813,2.2091838106358233
12,450,0.6000000000000001,0.010667061626152158,1.9719551958794845
12,450,0.6500000000000001,0.013555473881118165,1.867885295467683
12,450,0.7000000000000002,0.017116598399361267,1.7665825389094318
12,450,0.7500000000000002,0.010451572536178072,1.9808183609974694
12,450,0.8000000000000003,0.008837251039355218,2.0536828078493268
12,450,0.8500000000000003,0.004050572641869994,2.3924835749028586
12,450,0.9000000000000004,0.041406079774362795,1.3829358854830192
12,450,0.9500000000000004,2.5854328411416643,-0.41253326107912
12,450,1.0000000000000004,9.535217488747033,-0.9793306033165291
12,470,0.5,0.0031661063068638773,2.4994745071270827
12,470,0.55,0.006498152250510261,2.1872101174321164
12,470,0.6000000000000001,0.004064002372325386,2.391046047208506
12,470,0.6500000000000001,0.03225620425082959,1.4913867395480378
12,470,0.7000000000000002,0.0385241420091047,1.4142670248966485
12,470,0.7500000000000002,0.006827025448312249,2.165768478276053
12,470,0.8000000000000003,0.012521608132671436,1.902339891708977
12,470,0.8500000000000003,0.004718488345129429,2.326197113340296
12,470,0.9000000000000004,0.03562825149316514,1.448205490741972
12,470,0.9500000000000004,2.585361203085117,-0.4125212273325083
12,470,1.0000000000000004,8.370273984101042,-0.9227396739831937
12,490,0.5,0.014682137953468058,1.8332106996114907
12,490,0.55,0.005242402037764213,2.280469676238096
12,490,0.6000000000000001,0.01681708742130298,1.7742492181924707
12,490,0.6500000000000001,0.01946190039678658,1.7108147544304149
12,490,0.7000000000000002,0.006172266053503383,2.209555362084246
12,490,0.7500000000000002,0.009881245047994201,2.005188330371213
12,490,0.8000000000000003,0.008549540398797318,2.0680572311936
12,490,0.8500000000000003,0.01263109131142904,1.8985591252913283
12,490,0.9000000000000004,0.032517858138589366,1.4878780679127104
12,490,0.9500000000000004,2.5991113637425625,-0.41482488805150414
12,490,1.0000000000000004,8.49648179407025,-0.929239131158946
