M,m,alpha,delta,log_delta
2,50,0.5,0.025733135444581546,1.5895072941115187
2,50,0.55,0.050331819816850656,1.2981573667988016
2,50,0.6000000000000001,0.0061144271302238295,2.2136442264179204
2,50,0.6500000000000001,0.02045235421802787,1.6892566942555565
2,50,0.7000000000000002,0.01185701558382025,1.92602460933443
2,50,0.7500000000000002,0.053686004248871044,1.2701389185780843
2,50,0.8000000000000003,0.007264831768202268,2.138774438212123
2,50,0.8500000000000003,0.06084326507210315,1.2157874881635966
2,50,0.9000000000000004,0.029326295960978604,1.5327427868419103
2,50,0.9500000000000004,0.03026575890360573,1.5190484318285453
2,50,1.0000000000000004,0.06355368403610932,1.1968592694973856
2,70,0.5,0.025735876077689738,1.5894610432976122
2,70,0.55,0.1449330088229285,0.8388326917058373
2,70,0.6000000000000001,0.006229592214046755,2.2055403811073755
2,70,0.6500000000000001,0.00771558714097059,2.112631019389403
2,70,0.7000000000000002,0.009581753671575212,2.018554998208694
2,70,0.7500000000000002,0.017426365646405692,1.7587931776799808
2,70,0.8000000000000003,0.04062855465460163,1.3911686272600028
2,70,0.8500000000000003,0.0037651807840556714,2.424214166439944
2,70,0.9000000000000004,0.030663612087134095,1.5133766878015367
2,70,0.9500000000000004,0.015003102045269022,1.8238189368203506
2,70,1.0000000000000004,0.011174524138549259,1.9517709620128032
2,90,0.5,0.025665401135991882,1.5906519435681767
2,90,0.55,0.08164230555130259,1.0880847394524111
2,90,0.6000000000000001,0.0046717242745454865,2.3305227972263625
2,90,0.6500000000000001,0.004114266669378254,2.3857075625960515
2,90,0.7000000000000002,0.004829691217234465,2.3160806346600746
2,90,0.7500000000000002,0.09541301445225607,1.0203923829551789
2,90,0.8000000000000003,0.094004128230435,1.0268530737584918
2,90,0.8500000000000003,0.043445878648641946,1.362051415188748
2,90,0.9000000000000004,0.07291783355403589,1.1371662430546983
2,90,0.9500000000000004,0.016879151451669107,1.7726493900042435
2,90,1.0000000000000004,0.02367672482431811,1.6256783732793652
2,110,0.5,0.025851688092789576,1.5875110925914477
2,110,0.55,0.04212491802918866,1.375460931212728
2,110,0.6000000000000001,0.0065703398868330615,2.182412163597295
2,110,0.6500000000000001,0.03416141705009002,1.4664641226355373
2,110,0.7000000000000002,0.040920032656159504,1.388064028371798
2,110,0.7500000000000002,0.02531785210883395,1.5965731413422317
2,110,0.8000000000000003,0.023410332328425727,1.6305924211014517
2,110,0.8500000000000003,0.009019612514876292,2.044812119471997
2,110,0.9000000000000004,0.02132256780260865,1.6711604959235102
2,110,0.9500000000000004,0.02382120277303276,1.6230363140327744
2,110,1.0000000000000004,0.0033368089821255494,2.4766686541133422
2,130,0.5,0.025586651835352896,1.5919865403951392
2,130,0.55,0.11794752538967838,0.9283111664433411
2,130,0.6000000000000001,0.007903777055571683,2.1021653185343636
2,130,0.6500000000000001,0.010129270056779325,1.9944218499738644
2,130,0.7000000000000002,0.008150720403475475,2.088804004336427
2,130,0.7500000000000002,0.024097712804941822,1.6180241758206007
2,130,0.8000000000000003,0.03970690339095904,1.401133980794529
2,130,0.8500000000000003,0.009443824532798465,2.0248520907531287
2,130,0.9000000000000004,0.0020850098159542773,2.6808918960836325
2,130,0.9500000000000004,0.0027735176372765797,2.5569690680229176
2,130,1.0000000000000004,0.029273272699548505,1.5335287215053395
2,150,0.5,0.025628362149956,1.591279147696555
2,150,0.55,0.0195927363692005,1.7079049051459658
2,150,0.6000000000000001,0.005904872329973837,2.22878948788743
2,150,0.6500000000000001,0.015265773959529723,1.8162811725096237
2,150,0.7000000000000002,0.015223754906541242,1.8174782165493018
2,150,0.7500000000000002,0.06123769462593036,1.2129811672566455
2,150,0.8000000000000003,0.0008580473888851223,3.066488725947358
2,150,0.8500000000000003,0.019328224559668646,1.7138080372984896
2,150,0.9000000000000004,0.015463672476400575,1.8106873573239335
2,150,0.9500000000000004,0.007095025625629504,2.1490460316301307
2,150,1.0000000000000004,0.007504792760156013,2.124661296007433
2,170,0.5,0.025687998745597525,1.590269728649125
2,170,0.55,0.011124189696873472,1.9537316138744958
2,170,0.6000000000000001,0.01933875653079356,1.7135714542021507
2,170,0.6500000000000001,0.04271575787749556,1.3694118838323457
2,170,0.7000000000000002,0.016877794803534952,1.7726842974745112
2,170,0.7500000000000002,0.005434384558594193,2.2648496324315466
2,170,0.8000000000000003,0.022880424053564493,1.640535930822349
2,170,0.8500000000000003,0.02899345556665346,1.5377000204472135
2,170,0.9000000000000004,0.03810661716375985,1.4189996031123933
2,170,0.9500000000000004,0.006113108220234255,2.213737915835518
2,170,1.0000000000000004,0.004316602834959639,2.3648579083787853
2,190,0.5,0.025732674354273354,1.5895150759370567
2,190,0.55,0.06838886987354859,1.165014572926379
2,190,0.6000000000000001,0.03569499445149155,1.447392681213071
2,190,0.6500000000000001,0.002781580900231891,2.555708304404311
2,190,0.7000000000000002,0.0012131431227843062,2.9160879594230016
2,190,0.7500000000000002,0.027498711358055802,1.5606876575587716
2,190,0.8000000000000003,0.03716711702800839,1.4298411248710732
2,190,0.8500000000000003,0.0011751748514743274,2.9298975109403917
2,190,0.9000000000000004,0.016819870450413024,1.7741773535373593
2,190,0.9500000000000004,0.016154658722773604,1.7917022122908297
2,190,1.0000000000000004,0.006442644057625671,2.1909358618368264
2,210,0.5,0.02573043873965464,1.5895528084034705
2,210,0.55,0.01793991223073514,1.7461796860299788
2,210,0.6000000000000001,0.00472433966363434,2.3256588856692137
2,210,0.6500000000000001,0.0027264658491650824,2.564399937776186
2,210,0.7000000000000002,0.03287153113865738,1.4831800662383383
2,210,0.7500000000000002,0.004429373115160218,2.353657734700547
2,210,0.8000000000000003,0.010814800819096327,1.9659814747421291
2,210,0.8500000000000003,0.004888736145539503,2.3108034018092876
2,210,0.9000000000000004,0.0011781496425098059,2.9287995441933883
2,210,0.9500000000000004,0.006319377331036424,2.1993257120684477
2,210,1.0000000000000004,0.005484143242195987,2.2608912102496195
2,230,0.5,0.02568514866005954,1.5903179163302728
2,230,0.55,0.017496032428362483,1.757060425018097
2,230,0.6000000000000001,0.02022434171372015,1.6941256054265206
2,230,0.6500000000000001,0.009618279651115945,2.0169025999830574
2,230,0.7000000000000002,0.002645051591278298,2.577565852706691
2,230,0.7500000000000002,0.04093819048357064,1.387871357578935
2,230,0.8000000000000003,0.005106675118120708,2.291861770673048
2,230,0.8500000000000003,0.03658114025274313,1.4367427614687782
2,230,0.9000000000000004,0.004333069369422073,2.363204358157856
2,230,0.9500000000000004,0.004819964503826594,2.316956160070072
2,230,1.0000000000000004,0.0053982849741091975,2.2677441928776214
2,250,0.5,0.02567349643873544,1.5905149813229362
2,250,0.55,0.18302401878339797,0.7374919127799445
2,250,0.6000000000000001,0.055579579434355694,1.2550847438132284
2,250,0.6500000000000001,0.012218723897699433,1.9129741486864706
2,250,0.7000000000000002,0.025684404116247218,1.5903305055490522
2,250,0.7500000000000002,0.034783807523305434,1.4586228807618544
2,250,0.8000000000000003,0.025334351878273365,1.5962902016669713
2,250,0.8500000000000003,0.028652140309052873,1.5428429307753793
2,250,0.9000000000000004,0.019409111239356784,1.711994350890886
2,250,0.9500000000000004,0.01896024893725576,1.7221559649216451
2,250,1.0000000000000004,0.004537268471980676,2.3432055225964095
2,270,0.5,0.025733470705283118,1.5895016360010046
2,270,0.55,0.05540806552065357,1.2564270122362569
2,270,0.6000000000000001,0.010905707843826372,1.9623461409343232
2,270,0.6500000000000001,0.0103538939861084,1.9848962860881627
2,270,0.7000000000000002,0.004777757806609668,2.320775869219648
2,270,0.7500000000000002,0.006741027204849612,2.1712739201698827
2,270,0.8000000000000003,0.013735603464690245,1.8621522553822816
2,270,0.8500000000000003,0.01436676850788495,1.8426409059796478
2,270,0.9000000000000004,0.03513456429253367,1.4542654278254004
2,270,0.9500000000000004,0.02392877537367507,1.6210795271310066
2,270,1.0000000000000004,0.006130914257708811,2.2124747575417127
2,290,0.5,0.02570101878032883,1.5900496610303527
2,290,0.55,0.04743059044547934,1.3239414689467486
2,290,0.6000000000000001,0.009753828735632485,2.010824874315783
2,290,0.6500000000000001,0.025801982718618024,1.5883469199798042
2,290,0.7000000000000002,0.0022451746127966385,2.648749877188454
2,290,0.7500000000000002,0.016087303956726293,1.7935167324593209
2,290,0.8000000000000003,0.013133235603512759,1.8816282646463507
2,290,0.8500000000000003,0.017853472119856485,1.7482773103161984
2,290,0.9000000000000004,0.008830028812774934,2.054037879297998
2,290,0.9500000000000004,0.025617232381768648,1.5914677920875042
2,290,1.0000000000000004,0.003936667097001902,2.4048713096314125
2,310,0.5,0.025646018933534676,1.5909800414443704
2,310,0.55,0.13480464713802248,0.8702951360528346
2,310,0.6000000000000001,0.0083559606684713,2.078003612912179
2,310,0.6500000000000001,0.011696664526138285,1.9319379659815787
2,310,0.7000000000000002,0.006364539535771053,2.19623301138308
2,310,0.7500000000000002,0.006481668765016206,2.1883131666394013
2,310,0.8000000000000003,0.0068073321885184,2.1670230559004104
2,310,0.8500000000000003,0.024183523623966904,1.616480420640037
2,310,0.9000000000000004,0.008772051914455466,2.056898806760267
2,310,0.9500000000000004,0.004163510069392377,2.380540380669126
2,310,1.0000000000000004,0.00813881527929812,2.0894388082691893
2,330,0.5,0.02566271975272074,1.590697318693524
2,330,0.55,0.22790192873836868,0.6422519993615899
2,330,0.6000000000000001,0.012838865990385032,1.891473334200784
2,330,0.6500000000000001,0.006055058374339617,2.217881665645392
2,330,0.7000000000000002,0.060758883710555545,1.2163902137888327
2,330,0.7500000000000002,0.056364267391353765,1.2489961334768476
2,330,0.8000000000000003,0.012684872893263513,1.8967138801987218
2,330,0.8500000000000003,0.0003277526209997659,3.4844538266212983
2,330,0.9000000000000004,0.03871423694175426,1.4121292962674612
2,330,0.9500000000000004,0.0037391440440779355,2.427227804077334
2,330,1.0000000000000004,0.003557976426717679,2.448796933649606
2,350,0.5,0.025647430129288214,1.5909561446489706
2,350,0.55,0.009891639904837001,2.004731702075073
2,350,0.6000000000000001,0.009648336889409241,2.0155475407494166
2,350,0.6500000000000001,0.0044163784300432435,2.354933719917
2,350,0.7000000000000002,0.002052361462924848,2.6877461486630256
2,350,0.7500000000000002,0.0006795504304845917,3.167778308072798
2,350,0.8000000000000003,0.0057393756617528,2.24113534826456
2,350,0.8500000000000003,0.005921622521880489,2.227559280480891
2,350,0.9000000000000004,0.0017574481130625942,2.755117488238861
2,350,0.9500000000000004,0.008116742245834117,2.0906182452105844
2,350,1.0000000000000004,0.0035265566204400545,2.4526491389717187
2,370,0.5,0.025917845553820523,1.586401102453266
2,370,0.55,0.009856005087347892,2.006299081010966
2,370,0.6000000000000001,0.006203513777478558,2.2073622489037548
2,370,0.6500000000000001,0.0031558901498476154,2.5008781221119536
2,370,0.7000000000000002,0.003280807201976168,2.4840192903631357
2,370,0.7500000000000002,0.00831242468683205,2.0802722765148753
2,370,0.8000000000000003,0.013693033257640846,1.8635003370275292
2,370,0.8500000000000003,0.009104048256371363,2.0407654489476577
2,370,0.9000000000000004,0.020207099389864973,1.6944960224265113
2,370,0.9500000000000004,0.004309204717360273,2.3656028733964276
2,370,1.0000000000000004,0.006016779290776467,2.220635919130899
2,390,0.5,0.025803138764980044,1.5883274620445644
2,390,0.55,0.009790137144222855,2.0092112243805156
2,390,0.6000000000000001,0.008745039354265086,2.058238231776876
2,390,0.6500000000000001,0.005531594319568356,2.257149678026449
2,390,0.7000000000000002,0.0016573721235948952,2.7805799701084197
2,390,0.7500000000000002,0.0036989509164394086,2.4319214315559083
2,390,0.8000000000000003,0.017307583878233664,1.761763554977785
2,390,0.8500000000000003,0.00783223921640915,2.1061140565496683
2,390,0.9000000000000004,0.002736153343735168,2.562859566867186
2,390,0.9500000000000004,0.0036110147955511636,2.4423707321178805
2,390,1.0000000000000004,0.0061211304072494085,2.213168368001952
2,410,0.5,0.025920684527847637,1.5863535335598762
2,410,0.55,0.009838861669955005,2.00705514537503
2,410,0.6000000000000001,0.006168300468249672,2.209834479230035
2,410,0.6500000000000001,0.004383972195495799,2.3581322089445447
2,410,0.7000000000000002,0.0018296472272717485,2.7376326381483556
2,410,0.7500000000000002,0.0167595661010803,1.7757372292824622
2,410,0.8000000000000003,0.04710457996322483,1.3269368645047503
2,410,0.8500000000000003,0.016195426840740434,1.7906076013966035
2,410,0.9000000000000004,0.0476405016732027,1.3220236738736326
2,410,0.9500000000000004,0.0033518937075290383,2.47470976180952
2,410,1.0000000000000004,0.0040380033116225785,2.393833329221299
2,430,0.5,0.025693709345928496,1.590173193040854
2,430,0.55,0.009878749676627266,2.0052980192689907
2,430,0.6000000000000001,0.007520414822288541,2.1237582032830704
2,430,0.6500000000000001,0.00427931903908317,2.3686253340469765
2,430,0.7000000000000002,0.0018907905965646651,2.723356566232796
2,430,0.7500000000000002,0.015998341722794355,1.795925030966766
2,430,0.8000000000000003,0.002706100412826335,2.5676560924659255
2,430,0.8500000000000003,0.021749675209414107,1.6625472240340526
2,430,0.9000000000000004,0.008258910216680746,2.083077255113798
2,430,0.9500000000000004,0.004617275645794988,2.3356141978174234
2,430,1.0000000000000004,0.014570789543199278,1.8365169146017088
2,450,0.5,0.026027238547364735,1.5845719074674227
2,450,0.55,0.00988167914961334,2.0051692514195434
2,450,0.6000000000000001,0.005805368876705347,2.2361701797104394
2,450,0.6500000000000001,0.0033062431690858898,2.480665207900548
2,450,0.7000000000000002,0.0010286786162068391,2.9877202880256997
2,450,0.7500000000000002,0.004387425372937971,2.3577902575111622
2,450,0.8000000000000003,0.019087462938974856,1.7192517931792337
2,450,0.8500000000000003,0.011261673454643822,1.9483970696874564
2,450,0.9000000000000004,0.011026562301795677,1.95755986435627
2,450,0.9500000000000004,0.007914309065082989,2.1015869939184606
2,450,1.0000000000000004,0.007937569609691516,2.1003124530735295
2,470,0.5,0.025841506416395,1.5876821729811916
2,470,0.55,0.009969650699164459,2.001320057544199
2,470,0.6000000000000001,0.005886543971497349,2.2301396075262976
2,470,0.6500000000000001,0.004418188405088795,2.3547557684225278
2,470,0.7000000000000002,0.0021710351276889375,2.6633331495358856
2,470,0.7500000000000002,0.016471573210997407,1.7832649190921885
2,470,0.8000000000000003,0.03050055576292138,1.5156922471262966
2,470,0.8500000000000003,0.00351685423337352,2.4538456319541564
2,470,0.9000000000000004,0.002483139351265461,2.60499890759507
2,470,0.9500000000000004,0.0029647188112047656,2.5280164910124125
2,470,1.0000000000000004,0.006477605126977899,2.1885855299907804
2,490,0.5,0.02591653105512907,1.586423129515831
2,490,0.55,0.00992521867213286,2.003259916095883
2,490,0.6000000000000001,0.005971568390847928,2.223911589467935
2,490,0.6500000000000001,0.006499494611496729,2.187120411968134
2,490,0.7000000000000002,0.0010252686012700261,2.989162342639702
2,490,0.7500000000000002,0.01157700691654005,1.9364037072449796
2,490,0.8000000000000003,0.026565327839285564,1.575684820148969
2,490,0.8500000000000003,0.009238426591388856,2.03440198774776
2,490,0.9000000000000004,0.01301161641329843,1.8856687483446382
2,490,0.9500000000000004,0.0011632872385730468,2.9343130361530165
2,490,1.0000000000000004,0.005023347110094768,2.2990068113307243
3,50,0.5,0.02654213903427184,1.5760640802151054
3,50,0.55,0.052841591664898505,1.2770241092847698
3,50,0.6000000000000001,0.010371708039225417,1.98414971700276
3,50,0.6500000000000001,0.012358665259159619,1.9080284306940436
3,50,0.7000000000000002,0.02156812957020147,1.6661875161196216
3,50,0.7500000000000002,0.015327050999233455,1.8145413975240987
3,50,0.8000000000000003,0.02429334176060358,1.6145127400995478
3,50,0.8500000000000003,0.0369323031084808,1.4325936087823663
3,50,0.9000000000000004,0.014171338355311614,1.8485891326121489
3,50,0.9500000000000004,0.01864116188381109,1.7295270220248562
3,50,1.0000000000000004,0.015480343223537198,1.810219414555206
3,70,0.5,0.02725142963110114,1.5646107093648745
3,70,0.55,0.1346648572849309,0.8707457248302153
3,70,0.6000000000000001,0.026273209105118923,1.580486877669737
3,70,0.6500000000000001,0.12718720505413605,0.8955565762181037
3,70,0.7000000000000002,0.0027381547032921455,2.5625420182589758
3,70,0.7500000000000002,0.0741687283198631,1.1297791672387225
3,70,0.8000000000000003,0.00826108267947446,2.082963031262151
3,70,0.8500000000000003,0.052193355857336594,1.282384778571472
3,70,0.9000000000000004,0.1135368002442576,0.9448633494610016
3,70,0.9500000000000004,0.011640054116513181,1.9340450005754413
3,70,1.0000000000000004,0.048041775783455136,1.3183809480072217
3,90,0.5,0.02820930121068521,1.5496076718773257
3,90,0.55,0.07123124835873386,1.1473294443882853
3,90,0.6000000000000001,0.06458985221464865,1.1898357091468337
3,90,0.6500000000000001,0.00283121983261548,2.5480264081392274
3,90,0.7000000000000002,0.0021460223275198364,2.6683657638853444
3,90,0.7500000000000002,0.02609154783278483,1.5835001564192117
3,90,0.8000000000000003,0.036241881457083215,1.4407892644935902
3,90,0.8500000000000003,0.06105225912241765,1.214298261182696
3,90,0.9000000000000004,0.020532632128815908,1.6875553737785727
3,90,0.9500000000000004,0.017006584342869044,1.7693829027307346
3,90,1.0000000000000004,0.0126804177563129,1.8968664383886042
3,110,0.5,0.02823153590767371,1.5492654938657493
3,110,0.55,0.056428833363150514,1.2484989284502066
3,110,0.6000000000000001,0.11651563452679393,0.9336157953835443
3,110,0.6500000000000001,0.010220906068426036,1.9905106029219015
3,110,0.7000000000000002,0.008550343653016065,2.068016429878928
3,110,0.7500000000000002,0.07849137267829417,1.1051780757912595
3,110,0.8000000000000003,0.045858438450079565,1.3385807377451977
3,110,0.8500000000000003,0.008857296222518612,2.052698830578611
3,110,0.9000000000000004,0.00404313465216746,2.3932817947238303
3,110,0.9500000000000004,0.02477677047182115,1.6059553023857829
3,110,1.0000000000000004,0.014525668312579718,1.8378638769900575
3,130,0.5,0.028263573869479554,1.548772923391238
3,130,0.55,0.1056277774792456,0.9762218581317116
3,130,0.6000000000000001,0.0052414080691222135,2.280552027042488
3,130,0.6500000000000001,0.015796116443740828,1.801449673448554
3,130,0.7000000000000002,0.030336731433501716,1.5180312131624325
3,130,0.7500000000000002,0.03784446410655719,1.42199764017474
3,130,0.8000000000000003,0.005756584897684873,2.239835086012041
3,130,0.8500000000000003,0.03399605301299429,1.4685715021983534
3,130,0.9000000000000004,0.004698078076683543,2.3280797700209357
3,130,0.9500000000000004,0.007658153665747663,2.115875923504561
3,130,1.0000000000000004,0.012437455328702081,1.9052684660880694
3,150,0.5,0.028192289687994053,1.5498696506811096
3,150,0.55,0.05985205958075885,1.222920900409306
3,150,0.6000000000000001,0.04815450725048194,1.3173630567761974
3,150,0.6500000000000001,0.013160142965726223,1.880739392721399
3,150,0.7000000000000002,0.02901000560348375,1.537452187310337
3,150,0.7500000000000002,0.009648905451736942,2.0155219491672365
3,150,0.8000000000000003,0.01757567828464893,1.755087905591441
3,150,0.8500000000000003,0.020256102362521868,1.6934441169862937
3,150,0.9000000000000004,0.01044956233331288,1.9809018990464797
3,150,0.9500000000000004,0.019484470684128636,1.7103113877714469
3,150,1.0000000000000004,0.005913343271634269,2.2281669093233414
3,170,0.5,0.02816876938505954,1.5502321257139824
3,170,0.55,0.15859198118401072,0.7997187755025058
3,170,0.6000000000000001,0.013736531926634482,1.8621229001178692
3,170,0.6500000000000001,0.0038636331117162196,2.413004120642202
3,170,0.7000000000000002,0.029205012834923844,1.5345425985619219
3,170,0.7500000000000002,0.041591757989045464,1.3809927226067886
3,170,0.8000000000000003,0.008914578920764889,2.0498991658601535
3,170,0.8500000000000003,0.005232354364758192,2.2813028507985633
3,170,0.9000000000000004,0.009320677488609876,2.0305525190975975
3,170,0.9500000000000004,0.018929185397417492,1.7228680751549927
3,170,1.0000000000000004,0.023665832888925778,1.625878206484417
3,190,0.5,0.028207748400583012,1.5496315787233463
3,190,0.55,0.016153671867400857,1.7917287432712379
3,190,0.6000000000000001,0.127193204997945,0.8955360892435924
3,190,0.6500000000000001,0.0029783540518168324,2.5260236767615716
3,190,0.7000000000000002,0.05646761639910971,1.2482005442369462
3,190,0.7500000000000002,0.03865935868205764,1.4127453547346174
3,190,0.8000000000000003,0.016041487799848268,1.7947553546740855
3,190,0.8500000000000003,0.010794895747279269,1.9667815475492934
3,190,0.9000000000000004,0.01817470378934422,1.7405326585267835
3,190,0.9500000000000004,0.025645502215411523,1.5909887917338752
3,190,1.0000000000000004,0.008478699651567126,2.071670748857954
3,210,0.5,0.028171572852722933,1.5501889051551767
3,210,0.55,0.08924859381567654,1.049398617825329
3,210,0.6000000000000001,0.00985704183220789,2.0062534003433257
3,210,0.6500000000000001,0.13158372323321654,0.8807978291657379
3,210,0.7000000000000002,0.005584603852884113,2.2530076283869303
3,210,0.7500000000000002,0.029389659729797082,1.53180544211136
3,210,0.8000000000000003,0.016283031399335807,1.7882647396526758
3,210,0.8500000000000003,0.019644422765848612,1.7067607280275288
3,210,0.9000000000000004,0.02374029452520989,1.6245138974336604
3,210,0.9500000000000004,0.007912026508028398,2.1017122663715475
3,210,1.0000000000000004,0.007163366136135867,2.1448828504831963
3,230,0.5,0.02816114336867282,1.5503497164111442
3,230,0.55,0.1399079317880202,0.8541576633915104
3,230,0.6000000000000001,0.13713298701329812,0.8628580641407593
3,230,0.6500000000000001,0.10544517560134767,0.9769732856034251
3,230,0.7000000000000002,0.13748362587704932,0.8617490226678534
3,230,0.7500000000000002,0.12988505658811336,0.8864408120881759
3,230,0.8000000000000003,0.006118788833690991,2.2133345345374953
3,230,0.8500000000000003,0.013339493217221166,1.874860669455835
3,230,0.9000000000000004,0.01562925106947699,1.8060618322294535
3,230,0.9500000000000004,0.013421981250515764,1.8721833721955745
3,230,1.0000000000000004,0.005626557897155092,2.2497572078900845
3,250,0.5,0.02725961166682325,1.5644803353009444
3,250,0.55,0.014123940443845403,1.8500441223864708
3,250,0.6000000000000001,0.04491917572057825,1.3475682217625147
3,250,0.6500000000000001,0.003171811839814421,2.4986925840764056
3,250,0.7000000000000002,0.02473736512095328,1.606646560744533
3,250,0.7500000000000002,0.006053542416074469,2.2179904102186394
3,250,0.8000000000000003,0.0029375506811508863,2.5320146318336394
3,250,0.8500000000000003,0.02183183586726957,1.6609097423714632
3,250,0.9000000000000004,0.009010806622659894,2.0452363304315666
3,250,0.9500000000000004,0.007507227810239763,2.124520405070221
3,250,1.0000000000000004,0.010237789071009931,1.9897938224552523
3,270,0.5,0.02723922756649638,1.5648052120442983
3,270,0.55,0.013765302918574696,1.8612142271026204
3,270,0.6000000000000001,0.03789485137595102,1.4214197919028124
3,270,0.6500000000000001,0.003207220210497293,2.4938712200152686
3,270,0.7000000000000002,0.024537453097417353,1.6101705175316132
3,270,0.7500000000000002,0.005775590726434238,2.2384035895985277
3,270,0.8000000000000003,0.0058839134121527106,2.2303337269881807
3,270,0.8500000000000003,0.0068924019465791886,2.1616294035845383
3,270,0.9000000000000004,0.0010298020712539383,2.987246239005918
3,270,0.9500000000000004,0.0052837304780048,2.2770593437639097
3,270,1.0000000000000004,0.010948967585190848,1.96062682997393
3,290,0.5,0.027238176089791587,1.5648219768128133
3,290,0.55,0.013987494237418114,1.8542600793846322
3,290,0.6000000000000001,0.03272153569957932,1.4851663220483236
3,290,0.6500000000000001,0.0030751680331830666,2.5121311485421014
3,290,0.7000000000000002,0.0010928730385715605,2.9614302880507086
3,290,0.7500000000000002,0.012791295500492694,1.8930854680136961
3,290,0.8000000000000003,0.004057363186004077,2.391756115633645
3,290,0.8500000000000003,0.013313467961843772,1.8757088024881658
3,290,0.9000000000000004,0.001185675232344312,2.926034252047435
3,290,0.9500000000000004,0.002369028082925995,2.6254297910343025
3,290,1.0000000000000004,0.004362797729567047,2.3602349215465765
3,310,0.5,0.027226870988593218,1.5650022664995644
3,310,0.55,0.013734089548070448,1.8622001252754325
3,310,0.6000000000000001,0.05519874953098684,1.258070760639343
3,310,0.6500000000000001,0.004357351011173263,2.360777453588369
3,310,0.7000000000000002,0.0009789514086004938,3.0092388643770462
3,310,0.7500000000000002,0.018255344407189927,1.7386099691929628
3,310,0.8000000000000003,0.002197544068582803,2.658062407016222
3,310,0.8500000000000003,0.02500128861301583,1.6020376064039843
3,310,0.9000000000000004,0.0024709651325565915,2.6071333828233794
3,310,0.9500000000000004,0.004156514225014911,2.3812707288551196
3,310,1.0000000000000004,0.005337260774257009,2.2726815773998834
3,330,0.5,0.027267060670014776,1.564361675538181
3,330,0.55,0.013800371497482247,1.8601092225020255
3,330,0.6000000000000001,0.02357280813152343,1.6275886786813674
3,330,0.6500000000000001,0.003954952180085163,2.402858763253711
3,330,0.7000000000000002,0.023425019964412687,1.6303200303044074
3,330,0.7500000000000002,0.016876353288854683,1.7727213916929694
3,330,0.8000000000000003,0.00643835901110165,2.191224810161549
3,330,0.8500000000000003,0.000802714678543059,3.095438795386293
3,330,0.9000000000000004,0.003700467397206843,2.4317434177687396
3,330,0.9500000000000004,0.002155377341469157,2.666476687001149
3,330,1.0000000000000004,0.003707386069283258,2.430932186285248
3,350,0.5,0.0272292330706755,1.564964590678552
3,350,0.55,0.013795856059475135,1.8602513455384673
3,350,0.6000000000000001,0.014520795881106427,1.8380095794141487
3,350,0.6500000000000001,0.011372288485320002,1.944152131922726
3,350,0.7000000000000002,0.0034294467224060357,2.4647759396621196
3,350,0.7500000000000002,0.005744150283798322,2.240774206201249
3,350,0.8000000000000003,0.0023808936584348876,2.6232600017334207
3,350,0.8500000000000003,0.026999252209896404,1.568648264197049
3,350,0.9000000000000004,0.0024525561003096406,2.6103810496865445
3,350,0.9500000000000004,0.009771223753338764,2.0100510415995387
3,350,1.0000000000000004,0.06831369840450736,1.1654922019556349
3,370,0.5,0.027259426634524585,1.5644832832071727
3,370,0.55,0.013699600174076301,1.86329210764113
3,370,0.6000000000000001,0.04836175492443931,1.31549794808894
3,370,0.6500000000000001,0.013300547542818503,1.876130480090811
3,370,0.7000000000000002,0.0191695371670104,1.7173883726847943
3,370,0.7500000000000002,0.009280296661769232,2.032438140536519
3,370,0.8000000000000003,0.0076636432887396844,2.1155647180914805
3,370,0.8500000000000003,0.017043491755598904,1.7684414251304625
3,370,0.9000000000000004,0.003789543045858998,2.421413155368719
3,370,0.9500000000000004,0.005178253439847835,2.2858166976566814
3,370,1.0000000000000004,0.2917570393550691,0.5349786567352685
3,390,0.5,0.027850721498670305,1.555163549544742
3,390,0.55,0.014642458492933217,1.8343859983954856
3,390,0.6000000000000001,0.004787645884097074,2.319877979458187
3,390,0.6500000000000001,0.0032675565280934826,2.4857768904722177
3,390,0.7000000000000002,0.013677032055950701,1.8640081351865725
3,390,0.7500000000000002,0.0017108560436719113,2.766786531703279
3,390,0.8000000000000003,0.003947264856516302,2.4037037320122883
3,390,0.8500000000000003,0.001834270309675918,2.7365366635677044
3,390,0.9000000000000004,0.002071411338611911,2.6837336508163996
3,390,0.9500000000000004,0.0015867751380539618,2.7994846127671846
3,390,1.0000000000000004,0.4235671635668856,0.3730777153125745
3,410,0.5,0.027187570498349488,1.5656295995585943
3,410,0.55,0.015886405027494693,1.7989743692092877
3,410,0.6000000000000001,0.006437547489959333,2.1912795541369725
3,410,0.6500000000000001,0.004435158831615414,2.3530908226284297
3,410,0.7000000000000002,0.013856565034805509,1.8583444155623787
3,410,0.7500000000000002,0.0015998299444872773,2.7959261786539846
3,410,0.8000000000000003,0.008934240770342447,2.0489423478321513
3,410,0.8500000000000003,0.008748063465921682,2.058088074879989
3,410,0.9000000000000004,0.0014847319579701997,2.8283519434387787
3,410,0.9500000000000004,0.00831928523271897,2.079913985346386
3,410,1.0000000000000004,0.6880512226665676,0.16237922907064342
3,430,0.5,0.028169778504682857,1.5502165678020217
3,430,0.55,0.01671965866980371,1.7767725928858706
3,430,0.6000000000000001,0.004798172908761431,2.318924105687092
3,430,0.6500000000000001,0.003274029031381788,2.484917473942705
3,430,0.7000000000000002,0.007614108192231864,2.1183809563953777
3,430,0.7500000000000002,0.005735621761634195,2.241419496156735
3,430,0.8000000000000003,0.004256381991471947,2.370959402953627
3,430,0.8500000000000003,0.0011781110912403106,2.9288137553571816
3,430,0.9000000000000004,0.0030391963536220068,2.5172412405124276
3,430,0.9500000000000004,0.0030760624119785416,2.5120048571336406
3,430,1.0000000000000004,0.8363044253305829,0.07763560512652426
3,450,0.5,0.027534625915175154,1.560120819457941
3,450,0.55,0.013597616925245451,1.8665371980196444
3,450,0.6000000000000001,0.004844225966812715,2.314775606682792
3,450,0.6500000000000001,0.003964542210831423,2.4018069538162474
3,450,0.7000000000000002,0.006867328408729344,2.163212183319559
3,450,0.7500000000000002,0.0018533131233763691,2.732051198994068
3,450,0.8000000000000003,0.0015985350826667134,2.7962778279306915
3,450,0.8500000000000003,0.006474685422472284,2.188781327262655
3,450,0.9000000000000004,0.0010767350566722352,2.9678911468231504
3,450,0.9500000000000004,0.004262684551260409,2.3703168049826773
3,450,1.0000000000000004,1.2432736885275648,-0.09456674274745314
3,470,0.5,0.02704936149288598,1.5678429820690243
3,470,0.55,0.014218960031928778,1.847132166539523
3,470,0.6000000000000001,0.006501046635058216,2.187016718551228
3,470,0.6500000000000001,0.0035944962268254087,2.444361967934979
3,470,0.7000000000000002,0.016999973315695478,1.769551760319097
3,470,0.7500000000000002,0.000278048804376979,3.5558789680698966
3,470,0.8000000000000003,0.0006096735502215346,3.214902645788322
3,470,0.8500000000000003,0.0015915809288889616,2.79817127342607
3,470,0.9000000000000004,0.005377816610072912,2.26939401181732
3,470,0.9500000000000004,0.0018626963097453208,2.729857945829926
3,470,1.0000000000000004,1.7435955927891487,-0.24144576259973427
3,490,0.5,0.027218178072329225,1.565140948920181
3,490,0.55,0.015004319505366681,1.8237836964581124
3,490,0.6000000000000001,0.027007110428761905,1.5685218797879452
3,490,0.6500000000000001,0.0029052397581997022,2.536818021150945
3,490,0.7000000000000002,0.0038221046155086577,2.417697429966423
3,490,0.7500000000000002,0.00048142108973427415,3.3174748883970953
3,490,0.8000000000000003,0.0014831221748770626,2.828823071702957
3,490,0.8500000000000003,0.00657514489439167,2.182094672322401
3,490,0.9000000000000004,0.0012959169044549517,2.8874228449883104
3,490,0.9500000000000004,0.0025489291569280553,2.593642234826055
3,490,1.0000000000000004,3.1012688698321216,-0.4915394197757216
4,50,0.5,0.01908194050970955,1.719377462451303
4,50,0.55,0.10158507556159045,0.9931700920259954
4,50,0.6000000000000001,0.006845769808066884,2.1645777082900346
4,50,0.6500000000000001,0.009819025559257904,2.007931609487536
4,50,0.7000000000000002,0.0067776566683134315,2.1689204347363935
4,50,0.7500000000000002,0.10612680780939172,0.9741748987272034
4,50,0.8000000000000003,0.006145201170726868,2.211463895380205
4,50,0.8500000000000003,0.032887649637685167,1.4829671628766516
4,50,0.9000000000000004,0.02657621515223744,1.5755068689741354
4,50,0.9500000000000004,0.017908658650048228,1.7469369413814446
4,50,1.0000000000000004,0.018222005243230602,1.7394038327334447
4,70,0.5,0.018971012190211797,1.7219094968975062
4,70,0.55,0.014310635432324477,1.844341081919801
4,70,0.6000000000000001,0.022865446997278816,1.640820304165036
4,70,0.6500000000000001,0.009658009692558173,2.0151123630874204
4,70,0.7000000000000002,0.05516395330305238,1.258344617837394
4,70,0.7500000000000002,0.0498572751920164,1.302271460316958
4,70,0.8000000000000003,0.010024771078439321,1.9989255359652098
4,70,0.8500000000000003,0.015393891214849749,1.8126515868266495
4,70,0.9000000000000004,0.09432349863834324,1.025380098804116
4,70,0.9500000000000004,0.03684619348873214,1.4336073716374331
4,70,1.0000000000000004,0.003441588172224726,2.4632410995026266
4,90,0.5,0.01916143598471817,1.7175719474041142
4,90,0.55,0.01700760695413339,1.7693567892520696
4,90,0.6000000000000001,0.007822239052409483,2.1066689158761
4,90,0.6500000000000001,0.024155494699515064,1.6169840638255846
4,90,0.7000000000000002,0.02110906676933587,1.675530966402752
4,90,0.7500000000000002,0.0232880162039243,1.6328675053847532
4,90,0.8000000000000003,0.012640455987711486,1.8982372591727017
4,90,0.8500000000000003,0.005979510650763619,2.2233343562070718
4,90,0.9000000000000004,0.0014403067675050707,2.8415449987062953
4,90,0.9500000000000004,0.01240725620907071,1.9063242495254014
4,90,1.0000000000000004,0.014336945272967312,1.8435433725466448
4,110,0.5,0.01908809487043774,1.719237415165497
4,110,0.55,0.08055264084233398,1.093920217076508
4,110,0.6000000000000001,0.04169293446943126,1.3799375368950162
4,110,0.6500000000000001,0.009540585552696344,2.020424969687851
4,110,0.7000000000000002,0.040836780714110454,1.3889485019721248
4,110,0.7500000000000002,0.009762264453483473,2.0104494317611445
4,110,0.8000000000000003,0.02304414330180426,1.6374394327429709
4,110,0.8500000000000003,0.015374247937651443,1.8132061194235343
4,110,0.9000000000000004,0.0028260572801848973,2.5488190398632153
4,110,0.9500000000000004,0.009780299221182674,2.009647858083501
4,110,1.0000000000000004,0.021234888203425638,1.6729500211231794
4,130,0.5,0.018856757713394207,1.7245329790553054
4,130,0.55,0.019075654941314742,1.7195205421009463
4,130,0.6000000000000001,0.027171303326767895,1.5658895292652941
4,130,0.6500000000000001,0.04083558739719089,1.3889611929462045
4,130,0.7000000000000002,0.031525457899031356,1.5013385966952975
4,130,0.7500000000000002,0.037157575024230075,1.429952636657952
4,130,0.8000000000000003,0.013945382000763595,1.8555695847646247
4,130,0.8500000000000003,0.017428074544668274,1.758750591135363
4,130,0.9000000000000004,0.011641134319986516,1.9340046996767635
4,130,0.9500000000000004,0.006788719275349458,2.1682121497417772
4,130,1.0000000000000004,0.009069107753073324,2.0424354380752683
4,150,0.5,0.019089742447617502,1.719199930921842
4,150,0.55,0.056150059308136616,1.2506497806815464
4,150,0.6000000000000001,0.006932519357816101,2.1591089090590114
4,150,0.6500000000000001,0.042796684891374955,1.3685898709200874
4,150,0.7000000000000002,0.034661939881379104,1.4601471353265725
4,150,0.7500000000000002,0.02687643282275571,1.570628373572001
4,150,0.8000000000000003,0.025230567736707323,1.5980729769043418
4,150,0.8500000000000003,0.05975265467223366,1.223642795251935
4,150,0.9000000000000004,0.0012918567823796765,2.888785630357821
4,150,0.9500000000000004,0.005279004269149156,2.277447986783438
4,150,1.0000000000000004,0.015222828912927066,1.8175046335634024
4,170,0.5,0.019147423549874008,1.7178896558128833
4,170,0.55,0.014130933903851025,1.8498291349747766
4,170,0.6000000000000001,0.006579349899928564,2.1818170165413466
4,170,0.6500000000000001,0.0056088859226505715,2.251123392878197
4,170,0.7000000000000002,0.030054663180498306,1.5220881347614315
4,170,0.7500000000000002,0.015246811003108261,1.8168209831093998
4,170,0.8000000000000003,0.022008592166542534,1.6574077372675018
4,170,0.8500000000000003,0.011792280424635898,1.928402201684491
4,170,0.9000000000000004,0.01651789925999611,1.7820451869069593
4,170,0.9500000000000004,0.00601348416113763,2.2208738285766585
4,170,1.0000000000000004,0.009852908466855837,2.006435551770718
4,190,0.5,0.019137997753300176,1.7181035007378143
4,190,0.55,0.09146773696964594,1.0387320657903607
4,190,0.6000000000000001,0.03981932413700078,1.3999061156311128
4,190,0.6500000000000001,0.022308222043792826,1.6515350414301606
4,190,0.7000000000000002,0.03857699671998498,1.4136715858862252
4,190,0.7500000000000002,0.06222123347266507,1.2060613836956178
4,190,0.8000000000000003,0.00423006977028954,2.3736524693621073
4,190,0.8500000000000003,0.0036376902939335948,2.4391742787088138
4,190,0.9000000000000004,0.005567249977858791,2.2543592777828243
4,190,0.9500000000000004,0.0270994804437856,1.5670390354193193
4,190,1.0000000000000004,0.010023100538975333,1.9989979133313998
4,210,0.5,0.018202011964886473,1.7398806044899724
4,210,0.55,0.013428340971746371,1.87197763970077
4,210,0.6000000000000001,0.009624020988371135,2.016643438543957
4,210,0.6500000000000001,0.016066898547765395,1.7940679485998003
4,210,0.7000000000000002,0.003647030657134815,2.4380605859682256
4,210,0.7500000000000002,0.0035276000511442677,2.4525206597724347
4,210,0.8000000000000003,0.010115905019259847,1.9949952570070502
4,210,0.8500000000000003,0.007534590931028445,2.1229403214806895
4,210,0.9000000000000004,0.016265225853566177,1.7887399018702
4,210,0.9500000000000004,0.006205776027710321,2.2072039025650607
4,210,1.0000000000000004,0.005033138362725187,2.2981611305323075
4,230,0.5,0.018769524724850214,1.726546724287989
4,230,0.55,0.013855331287204292,1.8583830855811603
4,230,0.6000000000000001,0.007290150496692661,2.1372635060841483
4,230,0.6500000000000001,0.01691875010216075,1.7716317242630113
4,230,0.7000000000000002,0.001439219521542821,2.8418729588614857
4,230,0.7500000000000002,0.003924058731061418,2.406264501193972
4,230,0.8000000000000003,0.006044856555891634,2.2186140004647266
4,230,0.8500000000000003,0.004823966213641525,2.3165957425927046
4,230,0.9000000000000004,0.0034520317254831847,2.4619252216071845
4,230,0.9500000000000004,0.00648976116254968,2.187771285895377
4,230,1.0000000000000004,0.0048645101017516824,2.3129608904046672
4,250,0.5,0.018116696538468702,1.741920990208218
4,250,0.55,0.013260115354854142,1.8774526978197297
4,250,0.6000000000000001,0.007294215249401443,2.1370214249750803
4,250,0.6500000000000001,0.021519440855972495,1.667169017221285
4,250,0.7000000000000002,0.0034601956197331143,2.4608993479791548
4,250,0.7500000000000002,0.007609977579605411,2.1186166227390193
4,250,0.8000000000000003,0.007245731555973921,2.139917759994945
4,250,0.8500000000000003,0.003981754440329602,2.399925526955077
4,250,0.9000000000000004,0.00804531803846444,2.0944567831845844
4,250,0.9500000000000004,0.0011848567036561923,2.9263341699698713
4,250,1.0000000000000004,0.005292841127972245,2.276311141769264
4,270,0.5,0.01816997640509219,1.7406456366515097
4,270,0.55,0.012929932643997853,1.8884037374874518
4,270,0.6000000000000001,0.007952191735467245,2.0995131572008408
4,270,0.6500000000000001,0.011626272750360728,1.9345594927862078
4,270,0.7000000000000002,0.01876248806112364,1.7267095710972287
4,270,0.7500000000000002,0.0020395942477512085,2.690456221539547
4,270,0.8000000000000003,0.015455673514544837,1.8109120648629233
4,270,0.8500000000000003,0.0037565080566636703,2.4252156753825034
4,270,0.9000000000000004,0.00963597554898932,2.016104310682047
4,270,0.9500000000000004,0.0029650277860862836,2.527971232388284
4,270,1.0000000000000004,0.010399100596421323,1.9830042205956637
4,290,0.5,0.018154105931885264,1.741025134710874
4,290,0.55,0.013022359595615663,1.8853103163431877
4,290,0.6000000000000001,0.0076809518403185605,2.1145849579133404
4,290,0.6500000000000001,0.020736283268170678,1.6832690830855834
4,290,0.7000000000000002,0.008032428196751304,2.0951531479917036
4,290,0.7500000000000002,0.0056070257787606504,2.251267447192434
4,290,0.8000000000000003,0.0173752600961756,1.7600686855874388
4,290,0.8500000000000003,0.013327013795089231,1.875267152731833
4,290,0.9000000000000004,0.007547554624174014,2.1221937351592524
4,290,0.9500000000000004,0.008363041146096636,2.0776357664845198
4,290,1.0000000000000004,0.10550794287647307,0.9767148444651077
4,310,0.5,0.018154591602994697,1.7410135163220484
4,310,0.55,0.013657540004615519,1.8646275187095303
4,310,0.6000000000000001,0.007142936042047259,2.146123238537127
4,310,0.6500000000000001,0.002352505941671499,2.628469271011487
4,310,0.7000000000000002,0.011937501542954893,1.923086559274438
4,310,0.7500000000000002,0.006437015729448031,2.1913154296306803
4,310,0.8000000000000003,0.0027232831678457342,2.564907198234411
4,310,0.8500000000000003,0.003497754157544373,2.456210718520563
4,310,0.9000000000000004,0.005119082294967011,2.290807888624637
4,310,0.9500000000000004,0.005521607527612448,2.2579344659781317
4,310,1.0000000000000004,0.4847985325365921,0.31443870342969304
4,330,0.5,0.018764587434735303,1.7266609797074706
4,330,0.55,0.012828291412655889,1.8918311830224468
4,330,0.6000000000000001,0.008326991941795408,2.0795118556173695
4,330,0.6500000000000001,0.004097002353161822,2.387533786604607
4,330,0.7000000000000002,0.012955665774163289,1.8875402642979269
4,330,0.7500000000000002,0.003205077049595112,2.4941615256422702
4,330,0.8000000000000003,0.0029202634497307034,2.534577967180616
4,330,0.8500000000000003,0.0018571420206623898,2.731154883319153
4,330,0.9000000000000004,0.008766211969060958,2.057188032212687
4,330,0.9500000000000004,0.0026575394223110524,2.5755202843718656
4,330,1.0000000000000004,1.0224619082872786,-0.009647137384717702
4,350,0.5,0.018223465245452635,1.7393690371387969
4,350,0.55,0.013067250050950727,1.8838157982920851
4,350,0.6000000000000001,0.0074190352129044545,2.1296525676259006
4,350,0.6500000000000001,0.00240180901725078,2.6194615290112493
4,350,0.7000000000000002,0.0010316668102910735,2.986460540902831
4,350,0.7500000000000002,0.0036255808614101648,2.440622404349214
4,350,0.8000000000000003,0.004022147464804325,2.3955420108211354
4,350,0.8500000000000003,0.0011472060874047902,2.9403585571789814
4,350,0.9000000000000004,0.006242485497059249,2.204642457956103
4,350,0.9500000000000004,0.0027778345536187336,2.556293624181607
4,350,1.0000000000000004,1.6279537472412238,-0.21164206173053932
4,370,0.5,0.018743300937115466,1.727153921851064
4,370,0.55,0.012919734164150308,1.8887464222720773
4,370,0.6000000000000001,0.007811360004616932,2.1072733462660658
4,370,0.6500000000000001,0.006033246193619397,2.2194489524311765
4,370,0.7000000000000002,0.0033284310139363197,2.477760439937266
4,370,0.7500000000000002,0.0004594195870483101,3.3377904928901008
4,370,0.8000000000000003,0.0009025008337925882,3.0445523881908887
4,370,0.8500000000000003,0.009753127379281286,2.0108561037081607
4,370,0.9000000000000004,0.004067255161200055,2.3906985810684667
4,370,0.9500000000000004,0.010915523213336494,1.9619554424359287
4,370,1.0000000000000004,2.200360363771165,-0.342493813177153
4,390,0.5,0.01807182238930554,1.7429980503326898
4,390,0.55,0.012974741666112703,1.8869012804235235
4,390,0.6000000000000001,0.0076189224682593195,2.118106445875535
4,390,0.6500000000000001,0.0026241708222581634,2.5810078976693114
4,390,0.7000000000000002,0.0149544827561567,1.8252286036979752
4,390,0.7500000000000002,0.0028774482575850604,2.540992477132516
4,390,0.8000000000000003,0.0002599164472500666,3.5851662379135996
4,390,0.8500000000000003,0.015986815530745102,1.7962380362636512
4,390,0.9000000000000004,0.00730703599450227,2.1362587533123425
4,390,0.9500000000000004,0.0046152928568308944,2.335800736226292
4,390,1.0000000000000004,2.992508600895637,-0.4760354073043954
4,410,0.5,0.018273760117679123,1.7381720804339924
4,410,0.55,0.012939422974432584,1.8880850903294062
4,410,0.6000000000000001,0.008328900133019197,2.0794123452556534
4,410,0.6500000000000001,0.010841284439753834,1.9649192609663146
4,410,0.7000000000000002,0.0009318994136193823,3.0306309615382254
4,410,0.7500000000000002,0.0029900741529219,2.5243180411720694
4,410,0.8000000000000003,0.0028861639062202306,2.5396790088122794
4,410,0.8500000000000003,0.012508747255619013,1.902786182490005
4,410,0.9000000000000004,0.0010583331367427832,2.975377605763982
4,410,0.9500000000000004,0.0013539758697241147,2.8683890754876886
4,410,1.0000000000000004,3.077430261153901,-0.4881882199984124
4,430,0.5,0.018278593665053945,1.738057221457872
4,430,0.55,0.012883818221600313,1.8899554112904735
4,430,0.6000000000000001,0.0073808613348122715,2.1318929537422253
4,430,0.6500000000000001,0.00964742504619447,2.015588586910553
4,430,0.7000000000000002,0.00819757145166654,2.0863147892448413
4,430,0.7500000000000002,0.0009717035696785539,3.012466201830364
4,430,0.8000000000000003,0.0015941236167846316,2.7974780041407654
4,430,0.8500000000000003,0.0011454393241257272,2.941027911184582
4,430,0.9000000000000004,0.0029496377937549482,2.5302313107443353
4,430,0.9500000000000004,0.004174155440280393,2.379431382391051
4,430,1.0000000000000004,4.83305866879232,-0.6842220670979359
4,450,0.5,0.018184878724891655,1.7402895909131444
4,450,0.55,0.013187641996992433,1.8798328510982698
4,450,0.6000000000000001,0.0075265401497899625,2.1234046173136036
4,450,0.6500000000000001,0.0020895864320823214,2.679939660318357
4,450,0.7000000000000002,0.0031528589851164864,2.501295453088223
4,450,0.7500000000000002,0.0014605273630152642,2.8354903020966504
4,450,0.8000000000000003,0.006669352672583362,2.175916316663341
4,450,0.8500000000000003,0.00908565013108406,2.0416439909492055
4,450,0.9000000000000004,0.004759390334886201,2.3224486756728764
4,450,0.9500000000000004,0.010787713666505794,1.9670705893517777
4,450,1.0000000000000004,5.624130659482174,-0.750055401633561
4,470,0.5,0.018141144937180578,1.7413353069006072
4,470,0.55,0.013003075029421956,1.8859539315094533
4,470,0.6000000000000001,0.007616694089573025,2.1182334866907557
4,470,0.6500000000000001,0.01189114282995983,1.9247764043473103
4,470,0.7000000000000002,0.0025438084306205412,2.594515597684412
4,470,0.7500000000000002,0.0006499811183840055,3.187099259204437
4,470,0.8000000000000003,0.0008429033530578206,3.0742222185424057
4,470,0.8500000000000003,0.001001038249399744,2.999549327929392
4,470,0.9000000000000004,0.009365821454967673,2.028454125633739
4,470,0.9500000000000004,0.0063695572381016275,2.19589075537773
4,470,1.0000000000000004,6.373180218601041,-0.8043561994836852
4,490,0.5,0.018658910081126467,1.7291137281981444
4,490,0.55,0.013696455862223992,1.8633917977053513
4,490,0.6000000000000001,0.008130605123529453,2.0898771306630164
4,490,0.6500000000000001,0.009757207067517482,2.0106744783116794
4,490,0.7000000000000002,0.0027027576738440744,2.5681928909013814
4,490,0.7500000000000002,0.0005386056068968033,3.2687291298853927
4,490,0.8000000000000003,0.002600466581962217,2.5849487228784427
4,490,0.8500000000000003,0.003371376073526587,2.472192799674938
4,490,0.9000000000000004,0.0026802228871855784,2.5718290885645745
4,490,0.9500000000000004,0.0086133515133701,2.0648278287385686
4,490,1.0000000000000004,6.5345129419379795,-0.8152132224426982
5,50,0.5,0.10825351314803837,0.9655580006000057
5,50,0.55,0.017343500104492194,1.7608632527264239
5,50,0.6000000000000001,0.02450137749383102,1.6108094984455672
5,50,0.6500000000000001,0.0437312131637162,1.3592084745645994
5,50,0.7000000000000002,0.036923300243845464,1.4326994882085533
5,50,0.7500000000000002,0.034581015717395296,1.4611622547294887
5,50,0.8000000000000003,0.07568774819158386,1.1209744153931884
5,50,0.8500000000000003,0.00901660881857017,2.0449567715827697
5,50,0.9000000000000004,0.016837367152164877,1.7737258178649096
5,50,0.9500000000000004,0.008722541648426356,2.059356948203891
5,50,1.0000000000000004,0.007661130154134275,2.115707159414383
5,70,0.5,0.10803798903888641,0.9664235081336328
5,70,0.55,0.03503013623195343,1.4555581737108378
5,70,0.6000000000000001,0.060120117578735956,1.220980178721419
5,70,0.6500000000000001,0.023298914256905695,1.6326643168804742
5,70,0.7000000000000002,0.0266490664306626,1.5743180005628639
5,70,0.7500000000000002,0.09866529179458942,1.005835595385555
5,70,0.8000000000000003,0.04768004006324591,1.321663388350888
5,70,0.8500000000000003,0.021081871539631637,1.6760908373278234
5,70,0.9000000000000004,0.02099363372822226,1.6779123841173296
5,70,0.9500000000000004,0.04852681497711203,1.314018212357863
5,70,1.0000000000000004,0.023090192387964247,1.6365724485170734
5,90,0.5,0.10667552177655684,0.9719352242209331
5,90,0.55,0.06679613875540868,1.1752486418012003
5,90,0.6000000000000001,0.019780084263234864,1.7037718626387393
5,90,0.6500000000000001,0.012934126744421333,1.888262887618599
5,90,0.7000000000000002,0.06804075125813881,1.167230899858661
5,90,0.7500000000000002,0.0033018612176503623,2.481241184760471
5,90,0.8000000000000003,0.023250620344857975,1.6335654553007113
5,90,0.8500000000000003,0.002665686121397926,2.5741909891194554
5,90,0.9000000000000004,0.0028796319616674975,2.5406630147514213
5,90,0.9500000000000004,0.010269609335785074,1.9884460770005643
5,90,1.0000000000000004,0.007352251415455445,2.1335796503599678
5,110,0.5,0.10807543153342573,0.966273021700289
5,110,0.55,0.05830315752000233,1.2343079245483561
5,110,0.6000000000000001,0.004444771183929649,2.3521505915249366
5,110,0.6500000000000001,0.009799535986696088,2.0087944878981525
5,110,0.7000000000000002,0.01708548443363071,1.7673727029132118
5,110,0.7500000000000002,0.0026552013763676183,2.575902535475655
5,110,0.8000000000000003,0.019899659682933668,1.701154350680132
5,110,0.8500000000000003,0.0009610119985587725,3.017271189984591
5,110,0.9000000000000004,0.04530942761884466,1.3438114241052421
5,110,0.9500000000000004,0.007456808299518583,2.1274470216580954
5,110,1.0000000000000004,0.011488867556534603,1.9397227770720316
5,130,0.5,0.10647883097334387,0.9727367256082589
5,130,0.55,0.039809674197416406,1.4000113766696884
5,130,0.6000000000000001,0.004975263420031501,2.303183920177051
5,130,0.6500000000000001,0.0024529515975450105,2.610311021351913
5,130,0.7000000000000002,0.04837749247400919,1.3153566459560213
5,130,0.7500000000000002,0.02740862187130865,1.5621128006054357
5,130,0.8000000000000003,0.005376500113424649,2.26950034069852
5,130,0.8500000000000003,0.009217220483175576,2.035400023719684
5,130,0.9000000000000004,0.005826689718701773,2.2345781082258824
5,130,0.9500000000000004,0.01124315117713398,1.9491119497065417
5,130,1.0000000000000004,0.011628298772375955,1.9344838181875341
5,150,0.5,0.10789192482719469,0.9670110588780471
5,150,0.55,0.08750692308028314,1.0579575865591
5,150,0.6000000000000001,0.005013350031734326,2.2998719719192255
5,150,0.6500000000000001,0.005471677967483114,2.261879470692289
5,150,0.7000000000000002,0.013044796812419853,1.8845626811426865
5,150,0.7500000000000002,0.002236256301869878,2.6504784225616493
5,150,0.8000000000000003,0.009193563343083506,2.0365161273197483
5,150,0.8500000000000003,0.005254654851319166,2.2794558050573053
5,150,0.9000000000000004,0.025100791839748848,1.600312577873179
5,150,0.9500000000000004,0.026278417577929956,1.5804007904769646
5,150,1.0000000000000004,0.009546690478595209,2.0201471578391232
5,170,0.5,0.10847743048689247,0.9646606105214457
5,170,0.55,0.03085533401638344,1.5106697478823277
5,170,0.6000000000000001,0.004860485244403988,2.3133203709749166
5,170,0.6500000000000001,0.002809237841405382,2.551411490119464
5,170,0.7000000000000002,0.0011717028778691857,2.931182503387354
5,170,0.7500000000000002,0.01225455057083014,1.911702611640592
5,170,0.8000000000000003,0.007452983450976076,2.1276698431005894
5,170,0.8500000000000003,0.0035613816577695044,2.448381482382612
5,170,0.9000000000000004,0.017872743737756314,1.7478087715738702
5,170,0.9500000000000004,0.005017313852457746,2.2995287313168253
5,170,1.0000000000000004,0.006222314245172713,2.2060480595246115
5,190,0.5,0.1084666871002909,0.9647036243037387
5,190,0.55,0.03037286045502176,1.517514305173202
5,190,0.6000000000000001,0.016038757808596083,1.7948292705757154
5,190,0.6500000000000001,0.004432616766204766,2.353339815174203
5,190,0.7000000000000002,0.008637707448552865,2.063601509206179
5,190,0.7500000000000002,0.001054084468832048,2.977124585634131
5,190,0.8000000000000003,0.002688035181706057,2.5705650514214806
5,190,0.8500000000000003,0.005808454968300999,2.2359393732852566
5,190,0.9000000000000004,0.003547734663698282,2.4500488686601467
5,190,0.9500000000000004,0.002574277149895261,2.5893446982278117
5,190,1.0000000000000004,0.0036972112222040943,2.432125737412478
5,210,0.5,0.1085341622476173,0.9644335416272704
5,210,0.55,0.03023390554478391,1.5195057480590004
5,210,0.6000000000000001,0.009347911714858551,2.0292853978984264
5,210,0.6500000000000001,0.00443673901573822,2.352936117228528
5,210,0.7000000000000002,0.0017653468757671913,2.753169946689603
5,210,0.7500000000000002,0.003907825900795651,2.408064792959406
5,210,0.8000000000000003,0.007530774593533351,2.1231603512367485
5,210,0.8500000000000003,0.007227399581578594,2.141017933758898
5,210,0.9000000000000004,0.0064910720139663,2.187683572644459
5,210,0.9500000000000004,0.013340233675279468,1.8748365629985104
5,210,1.0000000000000004,0.00840977764099434,2.075215487027988
5,230,0.5,0.10851795595776606,0.964498395196319
5,230,0.55,0.03234707641625009,1.4901649654950302
5,230,0.6000000000000001,0.006980462303094077,2.156115813904908
5,230,0.6500000000000001,0.008631581849650103,2.0639096068780005
5,230,0.7000000000000002,0.004845000497814521,2.314706173990287
5,230,0.7500000000000002,0.011055366483807096,1.9564268560470943
5,230,0.8000000000000003,0.004065948167811268,2.390838161993364
5,230,0.8500000000000003,0.007298693081025417,2.136754898579905
5,230,0.9000000000000004,0.008122188570686615,2.0903269318297335
5,230,0.9500000000000004,0.007143490101100005,2.146089552745178
5,230,1.0000000000000004,0.044620119368230175,1.3504692722212905
5,250,0.5,0.10923135973799275,0.9616526601115539
5,250,0.55,0.03027759881552576,1.5188785698099074
5,250,0.6000000000000001,0.0050084311270970645,2.300298294002827
5,250,0.6500000000000001,0.011654469792834335,1.933507479439336
5,250,0.7000000000000002,0.002625286521488776,2.5808232911490996
5,250,0.7500000000000002,0.003797260851711914,2.420529568104369
5,250,0.8000000000000003,0.003539914208510193,2.4510072631781967
5,250,0.8500000000000003,0.0013930136025359678,2.856044642745119
5,250,0.9000000000000004,0.013173047227809109,1.8803137511471697
5,250,0.9500000000000004,0.011877813514222166,1.925263497578954
5,250,1.0000000000000004,0.15621146638964936,0.806287090772535
5,270,0.5,0.10949107594170854,0.9606212765061539
5,270,0.55,0.030324015279014897,1.51821329320941
5,270,0.6000000000000001,0.00465648710957152,2.3319415949531717
5,270,0.6500000000000001,0.004739740511983785,2.3242454341272563
5,270,0.7000000000000002,0.00202008134352884,2.6946311422690004
5,270,0.7500000000000002,0.0009658660539657734,3.015083097245988
5,270,0.8000000000000003,0.0015864245029023065,2.799580590915032
5,270,0.8500000000000003,0.008290035110985472,2.081443630067947
5,270,0.9000000000000004,0.004481115102066589,2.348613900641661
5,270,0.9500000000000004,0.0024459218612844177,2.6115574212797212
5,270,1.0000000000000004,0.7657668123372516,0.11590345952283435
5,290,0.5,0.10936511308396286,0.9611211936465168
5,290,0.55,0.030560800099727232,1.5148352798624514
5,290,0.6000000000000001,0.005689609995923677,2.2449175020448653
5,290,0.6500000000000001,0.006336112130072838,2.198177145648205
5,290,0.7000000000000002,0.0013867170722350638,2.8580121377017993
5,290,0.7500000000000002,0.003377694542608265,2.471379627843134
5,290,0.8000000000000003,0.0013524661313395186,2.868873601753021
5,290,0.8500000000000003,0.006502632276124902,2.1869108046519914
5,290,0.9000000000000004,0.007463102888254418,2.1270805710429928
5,290,0.9500000000000004,0.008862498052763209,2.052443847230517
5,290,1.0000000000000004,1.277251269761631,-0.10627634310235004
5,310,0.5,0.10966414009514258,0.959935362441826
5,310,0.55,0.030452866056444948,1.5163718276969753
5,310,0.6000000000000001,0.0047010510478032955,2.3278050328664346
5,310,0.6500000000000001,0.008353545996923234,2.0781291317030366
5,310,0.7000000000000002,0.0030898681240626898,2.5100600559195216
5,310,0.7500000000000002,0.006490370025457757,2.187730542732218
5,310,0.8000000000000003,0.009076459098159528,2.0420835450970714
5,310,0.8500000000000003,0.013613910921751635,1.8660170953884123
5,310,0.9000000000000004,0.010836742844895756,1.965101232285832
5,310,0.9500000000000004,0.013282028788965485,1.876735582757369
5,310,1.0000000000000004,3.0527171777913513,-0.48468657049120334
5,330,0.5,0.10956907108972597,0.9603120202193346
5,330,0.55,0.030179365050074798,1.5202899016760558
5,330,0.6000000000000001,0.010371398371612571,1.984162683906832
5,330,0.6500000000000001,0.0060857883712987625,2.215683153978374
5,330,0.7000000000000002,0.0013214172889213659,2.8789600153466597
5,330,0.7500000000000002,0.0012882776433085644,2.889990529862372
5,330,0.8000000000000003,0.002462632865492914,2.6086003288734885
5,330,0.8500000000000003,0.003924221194385318,2.406246520967537
5,330,0.9000000000000004,0.0032625518731631553,2.4864425745044145
5,330,0.9500000000000004,0.011396391494371584,1.9432326400814839
5,330,1.0000000000000004,3.191443258856591,-0.5039871274484065
5,350,0.5,0.10944872535605074,0.9607892918763784
5,350,0.55,0.03154838033884092,1.501022932076259
5,350,0.6000000000000001,0.006525789056655941,2.1853669687048947
5,350,0.6500000000000001,0.008359164473648028,2.077837129572742
5,350,0.7000000000000002,0.0014393252562458674,2.8418410538527787
5,350,0.7500000000000002,0.0012243175445775347,2.912105926984551
5,350,0.8000000000000003,0.008455286176215574,2.0728716887583754
5,350,0.8500000000000003,0.002237209577918151,2.6502933300428344
5,350,0.9000000000000004,0.002934515018300807,2.5324636635065234
5,350,0.9500000000000004,0.007022311388989899,2.1535199166078285
5,350,1.0000000000000004,3.4931799660055014,-0.5432209607392092
5,370,0.5,0.10949704326248269,0.9605976078752344
5,370,0.55,0.03204690398528451,1.4942139208114353
5,370,0.6000000000000001,0.00465363750183187,2.3322074493873965
5,370,0.6500000000000001,0.009562056825079157,2.0194486797214903
5,370,0.7000000000000002,0.0016930171568150596,2.771338640785127
5,370,0.7500000000000002,0.002020139193048929,2.6946187054591135
5,370,0.8000000000000003,0.005507594336241678,2.259038055346813
5,370,0.8500000000000003,0.008102372131546857,2.091387814106527
5,370,0.9000000000000004,0.016302057919798954,1.7877575681850688
5,370,0.9500000000000004,0.0033379362910472827,2.4765219566653567
5,370,1.0000000000000004,4.445426862949295,-0.6479134695407778
5,390,0.5,0.10938268010782513,0.961051439694425
5,390,0.55,0.030439333983217774,1.5165648542200503
5,390,0.6000000000000001,0.004929101335212239,2.307232253285505
5,390,0.6500000000000001,0.0021966712791542374,2.6582349282095086
5,390,0.7000000000000002,0.00374476174089844,2.4265758089137184
5,390,0.7500000000000002,0.002904868407791806,2.5368735366176502
5,390,0.8000000000000003,0.002414612522205734,2.6171525514421843
5,390,0.8500000000000003,0.008153451647052142,2.0886584999806708
5,390,0.9000000000000004,0.0019265772925998758,2.715213562785808
5,390,0.9500000000000004,0.012017368846243062,1.920190608925859
5,390,1.0000000000000004,5.011841891695605,-0.6999973618737435
5,410,0.5,0.10941173015585573,0.9609361143018097
5,410,0.55,0.03014792849330895,1.5207425234851015
5,410,0.6000000000000001,0.006115042124681827,2.213600546893623
5,410,0.6500000000000001,0.002120586859808062,2.673543934021172
5,410,0.7000000000000002,0.0011677276339060276,2.932658442228334
5,410,0.7500000000000002,0.0024391370794833596,2.612763791654166
5,410,0.8000000000000003,0.007846684059403933,2.1053138335663526
5,410,0.8500000000000003,0.0035246294192793973,2.4528865381399485
5,410,0.9000000000000004,0.00829707006157865,2.081075242652001
5,410,0.9500000000000004,0.009704604682520011,2.013022150919296
5,410,1.0000000000000004,4.715960532733298,-0.6735701618836395
5,430,0.5,0.10966588899701848,0.9599284364551086
5,430,0.55,0.030423572995431452,1.5167897830155266
5,430,0.6000000000000001,0.006223435545073383,2.205969803996589
5,430,0.6500000000000001,0.02070450494899371,1.683935149150524
5,430,0.7000000000000002,0.002032169796255519,2.6920400077581843
5,430,0.7500000000000002,0.007274158866929618,2.13821721822804
5,430,0.8000000000000003,0.01015618272851864,1.993269493966745
5,430,0.8500000000000003,0.012973704396653447,1.8869360016088732
5,430,0.9000000000000004,0.0029955119968090517,2.523528936752121
5,430,0.9500000000000004,0.0034750781737632507,2.4590354212746903
5,430,1.0000000000000004,4.186416416588116,-0.6218424247747131
5,450,0.5,0.10954594665130561,0.9604036872912121
5,450,0.55,0.030392314042172835,1.5172362318882497
5,450,0.6000000000000001,0.005006097256070524,2.300500717379719
5,450,0.6500000000000001,0.004609344232941212,2.3363608568821337
5,450,0.7000000000000002,0.0013403285989373869,2.872788715657288
5,450,0.7500000000000002,0.007198497493230301,2.1427581422484656
5,450,0.8000000000000003,0.001284485237138273,2.8912708828077003
5,450,0.8500000000000003,0.012547434337644226,1.9014450683594657
5,450,0.9000000000000004,0.0022181755204965497,2.6540040918355725
5,450,0.9500000000000004,0.006483660453570426,2.1881797370378866
5,450,1.0000000000000004,4.642781165691892,-0.6667782139758412
5,470,0.5,0.10957417618299524,0.960291785839636
5,470,0.55,0.03075240840246699,1.5121208663944812
5,470,0.6000000000000001,0.004742922824763732,2.3239539419835777
5,470,0.6500000000000001,0.019736567270772387,1.7047283807950904
5,470,0.7000000000000002,0.0037602465954646165,2.424783673280359
5,470,0.7500000000000002,0.000978975321371469,3.00922825602861
5,470,0.8000000000000003,0.0045156776001125856,2.345277072391498
5,470,0.8500000000000003,0.005973347774571108,2.2237821994366986
5,470,0.9000000000000004,0.0009854884616858949,3.0063484561693996
5,470,0.9500000000000004,0.00652137941404587,2.1856605317917728
5,470,1.0000000000000004,4.796206360290353,-0.6808978606668755
5,490,0.5,0.10916513302275545,0.9619160516843778
5,490,0.55,0.03235932858385279,1.4900004980410033
5,490,0.6000000000000001,0.008918244123495374,2.0497206436666264
5,490,0.6500000000000001,0.019125879211557117,1.7183785913141576
5,490,0.7000000000000002,0.003576754516120516,2.4465108658204855
5,490,0.7500000000000002,0.00520607243247298,2.2834897938133194
5,490,0.8000000000000003,0.002931636602442104,2.532889864636397
5,490,0.8500000000000003,0.005028947967472292,2.29852285782838
5,490,0.9000000000000004,0.004351226609175328,2.3613882983318177
5,490,0.9500000000000004,0.0013027789977271876,2.885129251369608
5,490,1.0000000000000004,4.609869513094878,-0.6636886324298014
6,50,0.5,0.08249446938584407,1.0835751665497422
6,50,0.55,0.05486462287321692,1.2607076016942542
6,50,0.6000000000000001,0.019820591022807556,1.7028833995925663
6,50,0.6500000000000001,0.020767541397062345,1.6826149151592067
6,50,0.7000000000000002,0.026781831885805803,1.5721597204275413
6,50,0.7500000000000002,0.018009119099335762,1.74450752980423
6,50,0.8000000000000003,0.02427315746423586,1.614873726754061
6,50,0.8500000000000003,0.022364991469977995,1.6504312631314848
6,50,0.9000000000000004,0.016549856835007357,1.7812057587483974
6,50,0.9500000000000004,0.04032843538955118,1.3943886268608487
6,50,1.0000000000000004,0.027092716235905968,1.5671474516988508
6,70,0.5,0.08208351285560132,1.0857440657171793
6,70,0.55,0.06991389902919552,1.1554364770206713
6,70,0.6000000000000001,0.07143452277894198,1.146091852244838
6,70,0.6500000000000001,0.034549133624116775,1.4615628387958028
6,70,0.7000000000000002,0.06879474480821356,1.1624447360081487
6,70,0.7500000000000002,0.006980666888217111,2.1561030856808796
6,70,0.8000000000000003,0.0019368544930804693,2.712903004591093
6,70,0.8500000000000003,0.03288230802734458,1.4830377066927907
6,70,0.9000000000000004,0.012884189868637893,1.88994288379847
6,70,0.9500000000000004,0.014835816844074985,1.8286885369030503
6,70,1.0000000000000004,0.024429432660703257,1.6120866187894358
6,90,0.5,0.08188091939981686,1.0868172895070234
6,90,0.55,0.042287413133694045,1.3737888813256558
6,90,0.6000000000000001,0.031295414858189034,1.5045192869792559
6,90,0.6500000000000001,0.007370252662075915,2.1325176236925776
6,90,0.7000000000000002,0.03658172658825476,1.4367358004983228
6,90,0.7500000000000002,0.04661183661233612,1.3315037845403057
6,90,0.8000000000000003,0.00645313185759111,2.1902294608127324
6,90,0.8500000000000003,0.009087719354698537,2.0415450932294203
6,90,0.9000000000000004,0.0073398397849809005,2.1343134198193674
6,90,0.9500000000000004,0.01522805600220147,1.8173555347075292
6,90,1.0000000000000004,0.013164319371043193,1.8806015901121478
6,110,0.5,0.08193828743548241,1.0865131173305498
6,110,0.55,0.04181296977571806,1.3786889854894535
6,110,0.6000000000000001,0.04546263630614494,1.3423453838329071
6,110,0.6500000000000001,0.004919230150394869,2.3081028581261194
6,110,0.7000000000000002,0.009344937147211269,2.029423615281523
6,110,0.7500000000000002,0.003907036464947114,2.4081525354218978
6,110,0.8000000000000003,0.0073249375644327715,2.135196072753769
6,110,0.8500000000000003,0.016821198074195264,1.7741430752157568
6,110,0.9000000000000004,0.0034345795271135634,2.4641264231551507
6,110,0.9500000000000004,0.029071012323367413,1.5365398447759258
6,110,1.0000000000000004,0.011154749010495735,1.952540197193952
6,130,0.5,0.08197161464292331,1.0863365102762503
6,130,0.55,0.069405365701093,1.1586069531143548
6,130,0.6000000000000001,0.013415533738511651,1.8723920441937387
6,130,0.6500000000000001,0.028698938054995536,1.5421341731401623
6,130,0.7000000000000002,0.014905666154775862,1.8266486099783223
6,130,0.7500000000000002,0.02462051262531826,1.6087029088364941
6,130,0.8000000000000003,0.003044070006816071,2.516545363982836
6,130,0.8500000000000003,0.0032409108550930975,2.4893329145628544
6,130,0.9000000000000004,0.007256249108050239,2.139287816301521
6,130,0.9500000000000004,0.005432127020464162,2.2650300834179613
6,130,1.0000000000000004,0.005956142657231361,2.225034908887218
6,150,0.5,0.08278083173133209,1.0820702143871397
6,150,0.55,0.04052191579921499,1.392310030208129
6,150,0.6000000000000001,0.012268891858359058,1.9111946615218276
6,150,0.6500000000000001,0.0076784153919347104,2.114728396836324
6,150,0.7000000000000002,0.0013471029558677775,2.8705992109165455
6,150,0.7500000000000002,0.008698878321619806,2.060536743948822
6,150,0.8000000000000003,0.013521235953690322,1.8689836084436198
6,150,0.8500000000000003,0.006268977095599933,2.202803316900989
6,150,0.9000000000000004,0.009859246992359265,2.0061562533702855
6,150,0.9500000000000004,0.006014674515174796,2.2207878695856853
6,150,1.0000000000000004,0.007260731646243267,2.1390196142976783
6,170,0.5,0.08179958008353834,1.0872489257647435
6,170,0.55,0.040567157325420246,1.3918254236769307
6,170,0.6000000000000001,0.012340930281037851,1.9086521011866298
6,170,0.6500000000000001,0.006171015412258968,2.2096433689233765
6,170,0.7000000000000002,0.003273624900163135,2.484971084582572
6,170,0.7500000000000002,0.027959982188524246,1.5534631095868747
6,170,0.8000000000000003,0.00354251604243433,2.4506881743550455
6,170,0.8500000000000003,0.0016345585111621553,2.786599528665725
6,170,0.9000000000000004,0.0021045066544395923,2.6768496966767925
6,170,0.9500000000000004,0.002299441671762508,2.6383776023773815
6,170,1.0000000000000004,0.003222874120513251,2.4917566568935285
6,190,0.5,0.08195642680350776,1.0864169845478988
6,190,0.55,0.040626681945288234,1.3911886458423168
6,190,0.6000000000000001,0.012276051827794556,1.9109412867050513
6,190,0.6500000000000001,0.01289606924363082,1.8895426436495586
6,190,0.7000000000000002,0.008891829394573026,2.0510088785985885
6,190,0.7500000000000002,0.0014810864024249052,2.829419605218283
6,190,0.8000000000000003,0.02670607969574497,1.5733898593190572
6,190,0.8500000000000003,0.0018042623624046983,2.743700310330729
6,190,0.9000000000000004,0.006008818950886718,2.221210881327983
6,190,0.9500000000000004,0.004076301609490268,2.389733689608876
6,190,1.0000000000000004,0.008466783532981947,2.0722815435274136
6,210,0.5,0.08189696291860163,1.0867322033940245
6,210,0.55,0.04135675285863557,1.3834535673739035
6,210,0.6000000000000001,0.013671284141300378,1.864190690312368
6,210,0.6500000000000001,0.005907211388237763,2.228617487733285
6,210,0.7000000000000002,0.002063284620837879,2.6854408589229886
6,210,0.7500000000000002,0.021636340798039253,1.6648161865227147
6,210,0.8000000000000003,0.006478838212143912,2.1885028650076648
6,210,0.8500000000000003,0.007236946199004178,2.1404446559994073
6,210,0.9000000000000004,0.005262341898399734,2.2788209388872045
6,210,0.9500000000000004,0.0068617885462456275,2.1635626693479972
6,210,1.0000000000000004,0.1913667457557465,0.7181335283644424
6,230,0.5,0.08278741297366353,1.0820356884762656
6,230,0.55,0.04254643595391421,1.3711368142016438
6,230,0.6000000000000001,0.012765459496638343,1.893963548015008
6,230,0.6500000000000001,0.005930835067516854,2.226884153232436
6,230,0.7000000000000002,0.001225194920274988,2.9117948124703585
6,230,0.7500000000000002,0.00459422302869589,2.337787925601412
6,230,0.8000000000000003,0.0056921353249246975,2.244724783540416
6,230,0.8500000000000003,0.004293407079360142,2.367197931940254
6,230,0.9000000000000004,0.004471959713487599,2.349502117529692
6,230,0.9500000000000004,0.004369727255679268,2.359545669448357
6,230,1.0000000000000004,0.8067395407204688,0.09326665646242843
6,250,0.5,0.08262515158782575,1.082887730729349
6,250,0.55,0.04232070298792772,1.3734471268603436
6,250,0.6000000000000001,0.012537555905867305,1.9017871174167462
6,250,0.6500000000000001,0.005904408784789192,2.22882358227708
6,250,0.7000000000000002,0.008767007721942891,2.057148610920773
6,250,0.7500000000000002,0.004559668321796633,2.341066747522504
6,250,0.8000000000000003,0.004606719845370321,2.3366081982767977
6,250,0.8500000000000003,0.004961800995009592,2.304360658141673
6,250,0.9000000000000004,0.008155931143546144,2.0885264494098594
6,250,0.9500000000000004,0.0032837890623903087,2.4836247480148845
6,250,1.0000000000000004,2.178599063484968,-0.3381773126062771
6,270,0.5,0.08228585405235389,1.0846748189195146
6,270,0.55,0.04426677557446348,1.3539221112088158
6,270,0.6000000000000001,0.011688162989468962,1.932253740867956
6,270,0.6500000000000001,0.00744466149462015,2.128155044635885
6,270,0.7000000000000002,0.004051786844385206,2.3923534099904993
6,270,0.7500000000000002,0.0012601389679702257,2.899581558299385
6,270,0.8000000000000003,0.01371760012875481,1.8627218610785214
6,270,0.8500000000000003,0.005961472045048035,2.2246464882287547
6,270,0.9000000000000004,0.010486123889666141,1.979385015563691
6,270,0.9500000000000004,0.005945498876244678,2.2258116986381884
6,270,1.0000000000000004,3.821312301822356,-0.5822125324321085
6,290,0.5,0.08230606673089025,1.0845681520217083
6,290,0.55,0.04417289992837221,1.3548440885942503
6,290,0.6000000000000001,0.0115524565801076,1.9373256551014115
6,290,0.6500000000000001,0.006402317908333674,2.1936627646799893
6,290,0.7000000000000002,0.002342779963070181,2.630268498988139
6,290,0.7500000000000002,0.006806855399199701,2.1670534751918877
6,290,0.8000000000000003,0.019980474698199857,1.6993941979739116
6,290,0.8500000000000003,0.0072520611183937165,2.1395385444456294
6,290,0.9000000000000004,0.012480719023201803,1.903760393915314
6,290,0.9500000000000004,0.00462983207691108,2.3344347604709084
6,290,1.0000000000000004,4.552351774890271,-0.6582358140177044
6,310,0.5,0.08243624640589119,1.0838817913023542
6,310,0.55,0.04404468422066188,1.3561064993505016
6,310,0.6000000000000001,0.012247283657241412,1.911960223420609
6,310,0.6500000000000001,0.010746715874531503,1.968724233002065
6,310,0.7000000000000002,0.004433411017815442,2.353262003757166
6,310,0.7500000000000002,0.004416799785251225,2.3548922869837057
6,310,0.8000000000000003,0.010259529366048958,1.9888725610970996
6,310,0.8500000000000003,0.004780899204562517,2.3204904124145953
6,310,0.9000000000000004,0.001267542292930103,2.897037541044144
6,310,0.9500000000000004,0.005662032560876062,2.2470276374491673
6,310,1.0000000000000004,4.391295663610187,-0.6425926789061605
6,330,0.5,0.08247965321310255,1.0836531737181452
6,330,0.55,0.041883921781013515,1.377952660132847
6,330,0.6000000000000001,0.01181095451116604,1.927715003133205
6,330,0.6500000000000001,0.006221536360279004,2.20610235640233
6,330,0.7000000000000002,0.0023993632431716975,2.61990399856693
6,330,0.7500000000000002,0.0025245205546654526,2.597821088925143
6,330,0.8000000000000003,0.002794432721629207,2.5537063419353245
6,330,0.8500000000000003,0.007257620923172675,2.1392057194192478
6,330,0.9000000000000004,0.0018238139882074682,2.739019457682231
6,330,0.9500000000000004,0.0034096663072874698,2.4672881218857823
6,330,1.0000000000000004,3.827414467773629,-0.5829054941870218
6,350,0.5,0.08257825742406598,1.083134285896983
6,350,0.55,0.04145952883778064,1.3823756377056085
6,350,0.6000000000000001,0.013192672145821571,1.879667230181529
6,350,0.6500000000000001,0.008701378185666245,2.0604119553093105
6,350,0.7000000000000002,0.0019840625393446943,2.7024446426333335
6,350,0.7500000000000002,0.0028347399236177215,2.5474867797759737
6,350,0.8000000000000003,0.007180141140716437,2.1438670187059086
6,350,0.8500000000000003,0.0024384914383617767,2.612878764894545
6,350,0.9000000000000004,0.00395166062162191,2.403220360766043
6,350,0.9500000000000004,0.0017241813152511854,2.763417065615395
6,350,1.0000000000000004,6.010361226703218,-0.778900574174049
6,370,0.5,0.0826727196849943,1.082637775148843
6,370,0.55,0.0410912095886882,1.3862510743633227
6,370,0.6000000000000001,0.011980622443642909,1.9215206179386055
6,370,0.6500000000000001,0.005840378656510157,2.2335589948222174
6,370,0.7000000000000002,0.005701369101369381,2.2440208422621235
6,370,0.7500000000000002,0.004377739366733742,2.3587500981720977
6,370,0.8000000000000003,0.015700850044551972,1.8040768342363278
6,370,0.8500000000000003,0.009377187528752273,2.027927398710124
6,370,0.9000000000000004,0.009230869025195569,2.034757411099651
6,370,0.9500000000000004,0.00738634272176811,2.131570545220164
6,370,1.0000000000000004,4.016813915068547,-0.6038817128541958
6,390,0.5,0.08222531774581956,1.0849944395845663
6,390,0.55,0.04073468155049766,1.3900356745025275
6,390,0.6000000000000001,0.012452892594992836,1.9047297576340187
6,390,0.6500000000000001,0.005895534431766616,2.2294768198739168
6,390,0.7000000000000002,0.0010370522626047607,2.9841993566399587
6,390,0.7500000000000002,0.0042895501333169,2.367588252072307
6,390,0.8000000000000003,0.0017115524886026866,2.7666097777057894
6,390,0.8500000000000003,0.004735644994209866,2.324620861782279
6,390,0.9000000000000004,0.005173745160773692,2.2861949668052963
6,390,0.9500000000000004,0.009366709556700922,2.028412946181569
6,390,1.0000000000000004,3.225227320795391,-0.508560330037282
6,410,0.5,0.08240790447613688,1.0840311292528269
6,410,0.55,0.040732363183822805,1.3900603925675434
6,410,0.6000000000000001,0.01180057021790465,1.9280970065492828
6,410,0.6500000000000001,0.005846478707146519,2.2331056276784502
6,410,0.7000000000000002,0.001493957294494491,2.825661816864978
6,410,0.7500000000000002,0.0027783612467202927,2.5562112873034373
6,410,0.8000000000000003,0.007602188110894284,2.1190613882829523
6,410,0.8500000000000003,0.010023642091647253,1.9989744488372956
6,410,0.9000000000000004,0.004879916355304714,2.311587622001578
6,410,0.9500000000000004,0.003770785915657427,2.4235681237301296
6,410,1.0000000000000004,2.59141580665025,-0.4135371034702889
6,430,0.5,0.08246707513195599,1.0837194083297714
6,430,0.55,0.05023232733539273,1.2990166998913462
6,430,0.6000000000000001,0.011547570522643632,1.9375093767755958
6,430,0.6500000000000001,0.0059134781699039084,2.2281570020842043
6,430,0.7000000000000002,0.00284841766286337,2.5453963298604214
6,430,0.7500000000000002,0.0026353389806088624,2.579163514060811
6,430,0.8000000000000003,0.002390828770702339,2.6214515266035874
6,430,0.8500000000000003,0.0020781945727562957,2.682313793680437
6,430,0.9000000000000004,0.004971606279568546,2.3035032721022577
6,430,0.9500000000000004,0.0038416164879419806,2.415485993322332
6,430,1.0000000000000004,3.232212584126604,-0.5094999167922013
6,450,0.5,0.08252907222186412,1.0833930371297145
6,450,0.55,0.0417265240866518,1.3795877914891117
6,450,0.6000000000000001,0.01658089695970065,1.780391979569105
6,450,0.6500000000000001,0.00699748202868224,2.1550582082393146
6,450,0.7000000000000002,0.002183981468177871,2.660751051087372
6,450,0.7500000000000002,0.003217817718465586,2.492438561264561
6,450,0.8000000000000003,0.0038008195187067893,2.4201227523097293
6,450,0.8500000000000003,0.004663354048150112,2.331301611069013
6,450,0.9000000000000004,0.00398125022824427,2.399980525422559
6,450,0.9500000000000004,0.004926708889663995,2.307443098644041
6,450,1.0000000000000004,2.7880374006433346,-0.44529859538869515
6,470,0.5,0.08253465855597626,1.0833636410404772
6,470,0.55,0.04148898420459448,1.382067198088352
6,470,0.6000000000000001,0.013395645597821878,1.8730363509012318
6,470,0.6500000000000001,0.00719420446964713,2.143017223067752
6,470,0.7000000000000002,0.0028116416443585445,2.551040032797019
6,470,0.7500000000000002,0.007051020483153995,2.151748023699382
6,470,0.8000000000000003,0.006011202366164738,2.2210386513311153
6,470,0.8500000000000003,0.0006970731594345305,3.1567216393032154
6,470,0.9000000000000004,0.005243590682124202,2.280371216950074
6,470,0.9500000000000004,0.004715739645098052,2.3264501802136106
6,470,1.0000000000000004,2.852746448628791,-0.45526317339041344
6,490,0.5,0.08250401665858703,1.083524907568905
6,490,0.55,0.04121422716809745,1.3849528394519066
6,490,0.6000000000000001,0.01335192066808631,1.8744562567298515
6,490,0.6500000000000001,0.006378995998038868,2.195247670310769
6,490,0.7000000000000002,0.0035205317039312552,2.453391740315929
6,490,0.7500000000000002,0.002008423297146092,2.6971447495744734
6,490,0.8000000000000003,0.004966666901522985,2.30393496577112
6,490,0.8500000000000003,0.0021697864899281934,2.663582999242744
6,490,0.9000000000000004,0.008347912621050172,2.078422105413286
6,490,0.9500000000000004,0.00394150947769703,2.4043374248015734
6,490,1.0000000000000004,2.482058489325203,-0.39481201136572924
7,50,0.5,0.059966542604029185,1.2220909898695185
7,50,0.55,0.05068931587351391,1.2950835701765353
7,50,0.6000000000000001,0.04146407742017629,1.3823279932693364
7,50,0.6500000000000001,0.06026515384318857,1.2199337304464954
7,50,0.7000000000000002,0.01816854715047316,1.7406797997012908
7,50,0.7500000000000002,0.025209100461388665,1.5984426510163403
7,50,0.8000000000000003,0.021416739492262953,1.6692466459365247
7,50,0.8500000000000003,0.03525493662756705,1.4527800616513176
7,50,0.9000000000000004,0.016846728411343433,1.7734844254070408
7,50,0.9500000000000004,0.028393085340488414,1.5467874122101941
7,50,1.0000000000000004,0.011746792096140346,1.9300807176609127
7,70,0.5,0.059760148021810365,1.2235883354735173
7,70,0.55,0.03199551585968627,1.4949108833630216
7,70,0.6000000000000001,0.03934258232115377,1.4051371377816708
7,70,0.6500000000000001,0.004577789897202701,2.339344143636006
7,70,0.7000000000000002,0.005414852885727665,2.26641333807552
7,70,0.7500000000000002,0.03431515439652041,1.4645140427180574
7,70,0.8000000000000003,0.02944059308483609,1.5310534453237652
7,70,0.8500000000000003,0.007673232923650994,2.1150216184393065
7,70,0.9000000000000004,0.004360468103380696,2.360466886006002
7,70,0.9500000000000004,0.00808773487458651,2.0921730938650427
7,70,1.0000000000000004,0.017669760649522404,1.7527693333056689
7,90,0.5,0.05967550116427286,1.2242039250323216
7,90,0.55,0.027534571701521054,1.5601216745526887
7,90,0.6000000000000001,0.016903919736411546,1.7720125780780998
7,90,0.6500000000000001,0.0032565069342507277,2.487247992722934
7,90,0.7000000000000002,0.0036874876843702967,2.433269421486717
7,90,0.7500000000000002,0.003981914165176136,2.3999081059339575
7,90,0.8000000000000003,0.01591298062118611,1.7982484661048668
7,90,0.8500000000000003,0.003492747371004767,2.4568328255694354
7,90,0.9000000000000004,0.015893810825119026,1.7987719604455792
7,90,0.9500000000000004,0.027499106457517037,1.560681417692441
7,90,1.0000000000000004,0.021629438510533793,1.6649547544833276
7,110,0.5,0.05966791874362846,1.224259110369767
7,110,0.55,0.036828840093837474,1.4338119588203073
7,110,0.6000000000000001,0.041303840033031926,1.384009569950618
7,110,0.6500000000000001,0.005608208528185444,2.251175846511341
7,110,0.7000000000000002,0.003108393026056977,2.507464074087227
7,110,0.7500000000000002,0.009480171976246992,2.0231837842170353
7,110,0.8000000000000003,0.021499444616407737,1.6675727588353169
7,110,0.8500000000000003,0.00539182546234089,2.268264174701425
7,110,0.9000000000000004,0.004682747594630494,2.329499250548776
7,110,0.9500000000000004,0.0107802038000348,1.9673730287231312
7,110,1.0000000000000004,0.006705030683014599,2.173599230424845
7,130,0.5,0.05958340885299718,1.2248746537947541
7,130,0.55,0.023325307603839777,1.632172620260161
7,130,0.6000000000000001,0.012667486234382656,1.8973095589800504
7,130,0.6500000000000001,0.0036758117720163716,2.434646735715631
7,130,0.7000000000000002,0.007468897184599385,2.1267435189343455
7,130,0.7500000000000002,0.01088671411964988,1.9631031813131485
7,130,0.8000000000000003,0.009983166437763508,2.000731688337994
7,130,0.8500000000000003,0.001346373195202898,2.8708345432676383
7,130,0.9000000000000004,0.0035145375328018646,2.454131814361383
7,130,0.9500000000000004,0.0109568611299316,1.960313842675753
7,130,1.0000000000000004,0.013594670969213001,1.8666312991455807
7,150,0.5,0.0596692501331595,1.2242494199249199
7,150,0.55,0.02437350527961319,1.6130820081923096
7,150,0.6000000000000001,0.012768777546198451,1.8938506791150813
7,150,0.6500000000000001,0.00328123998956057,2.4839620041978496
7,150,0.7000000000000002,0.0017018480417439906,2.7690792207369257
7,150,0.7500000000000002,0.015572305773688077,1.8076470771782744
7,150,0.8000000000000003,0.007522333147161306,2.123647436565055
7,150,0.8500000000000003,0.0022377260319973186,2.6501930858483758
7,150,0.9000000000000004,0.0014426349794145982,2.8408435417268714
7,150,0.9500000000000004,0.004959023677348282,2.3046038181220467
7,150,1.0000000000000004,0.005282074000305185,2.277195518748353
7,170,0.5,0.05959805774085327,1.2247678933834958
7,170,0.55,0.023376438239800186,1.631221659582993
7,170,0.6000000000000001,0.013055098853487926,1.8842198353414747
7,170,0.6500000000000001,0.0037756669416943653,2.4230063225741314
7,170,0.7000000000000002,0.00298179239678733,2.5255225969890875
7,170,0.7500000000000002,0.011784070995038141,1.9287046496803246
7,170,0.8000000000000003,0.006176742636773246,2.2092404938149293
7,170,0.8500000000000003,0.004486339902646132,2.3481078256591132
7,170,0.9000000000000004,0.0030638390999729805,2.513734045772035
7,170,0.9500000000000004,0.007980373061562438,2.097976806043889
7,170,1.0000000000000004,0.03048970807609525,1.5158467337700046
7,190,0.5,0.05965164249498539,1.2243775936250227
7,190,0.55,0.023246167232463297,1.633648642215205
7,190,0.6000000000000001,0.014282233559393639,1.8452038691238413
7,190,0.6500000000000001,0.003386475063122672,2.4702521180461314
7,190,0.7000000000000002,0.0014495123475774295,2.8387780807836975
7,190,0.7500000000000002,0.00282880132376046,2.548397553435358
7,190,0.8000000000000003,0.0015902562148764475,2.7985328984829043
7,190,0.8500000000000003,0.003798388014804191,2.4204006730689676
7,190,0.9000000000000004,0.0021370092970476513,2.6701935884359727
7,190,0.9500000000000004,0.002650737556075048,2.5766332687175244
7,190,1.0000000000000004,0.30362967866712537,0.5176557800380767
7,210,0.5,0.05986594541360419,1.2228201546508266
7,210,0.55,0.02385892954682947,1.6223490452563663
7,210,0.6000000000000001,0.01271993852603486,1.8955149875766266
7,210,0.6500000000000001,0.0033145861947190543,2.479570682815067
7,210,0.7000000000000002,0.0017247272792988585,2.763279567523635
7,210,0.7500000000000002,0.005510738822937764,2.2587901715266603
7,210,0.8000000000000003,0.003787502369303144,2.4216470868130817
7,210,0.8500000000000003,0.002459841948271397,2.609092796635941
7,210,0.9000000000000004,0.0015741320214079561,2.802958846459465
7,210,0.9500000000000004,0.00796840427355449,2.09862864028215
7,210,1.0000000000000004,2.0603806156168405,-0.3139474553173345
7,230,0.5,0.05959551449785344,1.224786426537262
7,230,0.55,0.02345018874770343,1.6298536573516196
7,230,0.6000000000000001,0.012671471405007342,1.897172952127421
7,230,0.6500000000000001,0.0033832741847374154,2.470662805022164
7,230,0.7000000000000002,0.002961513680117297,2.528486256882321
7,230,0.7500000000000002,0.012270415597318523,1.9111407275284578
7,230,0.8000000000000003,0.0026391570305904204,2.5785347683665423
7,230,0.8500000000000003,0.0023048512337121435,2.6373571008439356
7,230,0.9000000000000004,0.0032963684018287166,2.481964257551228
7,230,0.9500000000000004,0.007644496081486228,2.116651137621559
7,230,1.0000000000000004,1.6762836394316392,-0.22434750630958483
7,250,0.5,0.0597304773752246,1.2238040142903068
7,250,0.55,0.02353918034924591,1.628208663667481
7,250,0.6000000000000001,0.013140517135054833,1.8813875431109874
7,250,0.6500000000000001,0.004240342756919636,2.3725990369397154
7,250,0.7000000000000002,0.0015686852075059681,2.8044641987708974
7,250,0.7500000000000002,0.002636878105959112,2.578909945721502
7,250,0.8000000000000003,0.006712380794843354,2.17312341385871
7,250,0.8500000000000003,0.004548729767107102,2.34210986315691
7,250,0.9000000000000004,0.013125806839764621,1.8818739911381843
7,250,0.9500000000000004,0.01656183924217087,1.780891435161586
7,250,1.0000000000000004,1.0459228053676932,-0.01949963248538397
7,270,0.5,0.05977659658743066,1.2234688153819746
7,270,0.55,0.023283007504539988,1.632960921863039
7,270,0.6000000000000001,0.01257105687203168,1.9006282088377757
7,270,0.6500000000000001,0.0036852642283939432,2.433531368369505
7,270,0.7000000000000002,0.0016921291962259959,2.771566481092519
7,270,0.7500000000000002,0.011054485282605804,1.9564614741732955
7,270,0.8000000000000003,0.006030186712197869,2.219669240625709
7,270,0.8500000000000003,0.0031697517298373084,2.498974752477564
7,270,0.9000000000000004,0.004506009576626396,2.346207889604736
7,270,0.9500000000000004,0.007906861046535698,2.1019958933326417
7,270,1.0000000000000004,1.1038429775395857,-0.04290729908323005
7,290,0.5,0.05989595721433968,1.2226024901107977
7,290,0.55,0.02368758484274074,1.625479217155688
7,290,0.6000000000000001,0.015286678991865726,1.815686854166751
7,290,0.6500000000000001,0.0048064367912726185,2.318176764655768
7,290,0.7000000000000002,0.0031222869129926157,2.505527191278656
7,290,0.7500000000000002,0.002626816550626992,2.5805702560423804
7,290,0.8000000000000003,0.011124467490310689,1.9537207688013858
7,290,0.8500000000000003,0.006045327069924264,2.2185801975623956
7,290,0.9000000000000004,0.005497774218663665,2.2598130996329506
7,290,0.9500000000000004,0.00527555722953365,2.2777316613515057
7,290,1.0000000000000004,1.9112749861131137,-0.2813231759927085
7,310,0.5,0.05978367684200385,1.2234173783049758
7,310,0.55,0.023539863080937112,1.6281960675489313
7,310,0.6000000000000001,0.012481209059910847,1.9037433423287549
7,310,0.6500000000000001,0.004468460210800156,2.349842104867435
7,310,0.7000000000000002,0.006133967632878551,2.2122585199902023
7,310,0.7500000000000002,0.005217741609336591,2.2825174316401373
7,310,0.8000000000000003,0.0046437473802369515,2.3331314139018544
7,310,0.8500000000000003,0.0019392426136662499,2.7123678540542544
7,310,0.9000000000000004,0.010663364914846232,1.9721057283908097
7,310,0.9500000000000004,0.011414734491264083,1.9425341858224492
7,310,1.0000000000000004,4.033089000460629,-0.6056378059358241
7,330,0.5,0.05971326753765693,1.2239291633727851
7,330,0.55,0.02311250192519685,1.6361530396574397
7,330,0.6000000000000001,0.013310624383245354,1.87580157188536
7,330,0.6500000000000001,0.004196259479996601,2.377137664604685
7,330,0.7000000000000002,0.002932739486250729,2.532726513462915
7,330,0.7500000000000002,0.00868434175898229,2.0612630938864784
7,330,0.8000000000000003,0.004204386812250971,2.376297334818353
7,330,0.8500000000000003,0.005660700086787498,2.2471298541427203
7,330,0.9000000000000004,0.0025833542107955017,2.5878160424340058
7,330,0.9500000000000004,0.011515226275439376,1.9387275236824513
7,330,1.0000000000000004,4.988273674961624,-0.6979502724458763
7,350,0.5,0.05979649249875502,1.2233242898094334
7,350,0.55,0.02334508608278496,1.6318045203106195
7,350,0.6000000000000001,0.012698978514117408,1.896231211604984
7,350,0.6500000000000001,0.0039058317152342262,2.4082864724459108
7,350,0.7000000000000002,0.0028477648165146294,2.5454958798903076
7,350,0.7500000000000002,0.0051099307430317875,2.291584985995024
7,350,0.8000000000000003,0.0009502516890577649,3.0221613497724094
7,350,0.8500000000000003,0.0019782030612330533,2.7037291304099162
7,350,0.9000000000000004,0.010529205402851849,1.9776044020507624
7,350,0.9500000000000004,0.0047130420346401585,2.3266986868410724
7,350,1.0000000000000004,7.6212162640548335,-0.8820242855937284
7,370,0.5,0.05963835852114236,1.224474318522541
7,370,0.55,0.023321406989271085,1.6322452519728952
7,370,0.6000000000000001,0.015792417480894216,1.8015513837187567
7,370,0.6500000000000001,0.0035458916771351694,2.450274535723545
7,370,0.7000000000000002,0.0025482346502963844,2.5937605831511448
7,370,0.7500000000000002,0.009468966897509918,2.0236974016921527
7,370,0.8000000000000003,0.002344621463343089,2.629927263674438
7,370,0.8500000000000003,0.0028631150051348898,2.5431612069583713
7,370,0.9000000000000004,0.012494625732127606,1.9032767483335402
7,370,0.9500000000000004,0.005123770971217772,2.290410291136429
7,370,1.0000000000000004,6.244618169924745,-0.795505888384393
7,390,0.5,0.059921197620875485,1.2224195151527173
7,390,0.55,0.024400856423740062,1.6125949304818767
7,390,0.6000000000000001,0.012786175637089836,1.8932593341822237
7,390,0.6500000000000001,0.0048088417947291665,2.317959510471695
7,390,0.7000000000000002,0.0021956012803326643,2.6584465246378954
7,390,0.7500000000000002,0.00665968338132388,2.1765464178285794
7,390,0.8000000000000003,0.0023749211483859185,2.6243508051504296
7,390,0.8500000000000003,0.0019002773368766,2.721183011107464
7,390,0.9000000000000004,0.0025000372234850556,2.602053524994439
7,390,0.9500000000000004,0.005597831324232964,2.2519801919824887
7,390,1.0000000000000004,6.205837519847631,-0.7928004007748413
7,410,0.5,0.05967864105499413,1.2241810747618747
7,410,0.55,0.023138213799307514,1.6356701703214274
7,410,0.6000000000000001,0.013912800391827159,1.8565854456865567
7,410,0.6500000000000001,0.003328886008496053,2.4777010761947165
7,410,0.7000000000000002,0.007243445606404479,2.1400547968026293
7,410,0.7500000000000002,0.0055531025830387855,2.255464303686414
7,410,0.8000000000000003,0.0014043121056670326,2.8525363603647222
7,410,0.8500000000000003,0.0008530873527930311,3.0690064965069968
7,410,0.9000000000000004,0.004123580246261451,2.384725549501617
7,410,0.9500000000000004,0.0036209729042531954,2.441174724997224
7,410,1.0000000000000004,6.118901380666649,-0.7866734536579285
7,430,0.5,0.059818836960541494,1.223162035078176
7,430,0.55,0.023351991352053868,1.6316760788523468
7,430,0.6000000000000001,0.012682845892196553,1.8967832845773742
7,430,0.6500000000000001,0.0049227408838154645,2.3077930233965986
7,430,0.7000000000000002,0.005800914715397736,2.2365035194495593
7,430,0.7500000000000002,0.01026042220902302,1.9888347679497165
7,430,0.8000000000000003,0.0011794327830960496,2.928326804894789
7,430,0.8500000000000003,0.006897486258293034,2.1613091560830577
7,430,0.9000000000000004,0.00984064929110044,2.006976245650045
7,430,0.9500000000000004,0.007916204055661994,2.1014830195305967
7,430,1.0000000000000004,6.213686303580791,-0.7933493242226677
7,450,0.5,0.05986496784272077,1.2228272464474026
7,450,0.55,0.023164805863375656,1.6351713351248875
7,450,0.6000000000000001,0.015371636309704964,1.813279899419552
7,450,0.6500000000000001,0.003293642021267648,2.4823236051166413
7,450,0.7000000000000002,0.00530287476524045,2.275488629228268
7,450,0.7500000000000002,0.001010486871448176,2.9954693245976145
7,450,0.8000000000000003,0.007958392064499633,2.0991746694552096
7,450,0.8500000000000003,0.0039749591930519435,2.4006673254536324
7,450,0.9000000000000004,0.00463137401608078,2.334290145250754
7,450,0.9500000000000004,0.006005528726419681,2.221448751315495
7,450,1.0000000000000004,6.644527211024774,-0.8224640843084046
7,470,0.5,0.05988848824023889,1.2226566496342541
7,470,0.55,0.02334856790937025,1.6317397518486785
7,470,0.6000000000000001,0.012704032238479537,1.896058412825039
7,470,0.6500000000000001,0.0035054902770349917,2.455251233126591
7,470,0.7000000000000002,0.004872501687314548,2.312248001817058
7,470,0.7500000000000002,0.004386441923905488,2.3578876162870315
7,470,0.8000000000000003,0.0013862531404688475,2.8581574569749773
7,470,0.8500000000000003,0.0020274908675301812,2.693041093314183
7,470,0.9000000000000004,0.001738623014342283,2.7597945758694142
7,470,0.9500000000000004,0.00300323519156992,2.5224106556793484
7,470,1.0000000000000004,6.2918821972900245,-0.7987805827456174
7,490,0.5,0.059800020840559034,1.2232986646581074
7,490,0.55,0.023400446847148006,1.6307758493677316
7,490,0.6000000000000001,0.012649431424855941,1.8979289950096727
7,490,0.6500000000000001,0.003294681158950717,2.4821866076582313
7,490,0.7000000000000002,0.0020487491913020153,2.6885112048494575
7,490,0.7500000000000002,0.00982731816551451,2.0075649831674256
7,490,0.8000000000000003,0.0036033588330819507,2.443292487400692
7,490,0.8500000000000003,0.003434111141910571,2.464185653398346
7,490,0.9000000000000004,0.0065774473825672645,2.1819426174425014
7,490,0.9500000000000004,0.0045959563398168595,2.3376241056292444
7,490,1.0000000000000004,5.838134649311746,-0.766274107229372
8,50,0.5,0.19313113629657983,0.7141477043060053
8,50,0.55,0.0665897928869403,1.1765923358838308
8,50,0.6000000000000001,0.05612284836054146,1.2508602956644521
8,50,0.6500000000000001,0.09514228447027885,1.0216264249055538
8,50,0.7000000000000002,0.05609040261652262,1.251111442616503
8,50,0.7500000000000002,0.09577117163095805,1.0187651995409739
8,50,0.8000000000000003,0.0714674780494466,1.1458915430497174
8,50,0.8500000000000003,0.0622763148167294,1.205677094596395
8,50,0.9000000000000004,0.08216986887405002,1.0852874060691162
8,50,0.9500000000000004,0.08035325511274045,1.094996525261972
8,50,1.0000000000000004,0.08895895491314208,1.0508103278092473
8,70,0.5,0.19407290833366048,0.7120350858500767
8,70,0.55,0.0617919627038702,1.209068010030235
8,70,0.6000000000000001,0.06465992957336243,1.1893647727513221
8,70,0.6500000000000001,0.033135034279095046,1.4797125757831864
8,70,0.7000000000000002,0.02340272480418984,1.6307335742765718
8,70,0.7500000000000002,0.011673055532824434,1.9328154483803175
8,70,0.8000000000000003,0.0028458781570165135,2.545783697669912
8,70,0.8500000000000003,0.006056640363571354,2.217768213484378
8,70,0.9000000000000004,0.012048704532616628,1.9190596455854554
8,70,0.9500000000000004,0.030342721991865176,1.5179454620126656
8,70,1.0000000000000004,0.03988369999191744,1.399204559198509
8,90,0.5,0.19419562176718086,0.7117605656936583
8,90,0.55,0.06717866438113322,1.1727686348746746
8,90,0.6000000000000001,0.06376805888520021,1.1953968028383204
8,90,0.6500000000000001,0.031733073566202946,1.4984878614578685
8,90,0.7000000000000002,0.004555827989327658,2.3414326815850495
8,90,0.7500000000000002,0.002557604463039389,2.5921666188885077
8,90,0.8000000000000003,0.013887202948537377,1.8573852176417731
8,90,0.8500000000000003,0.015329549616016274,1.8144706045815158
8,90,0.9000000000000004,0.00570937410418505,2.2434114991092438
8,90,0.9500000000000004,0.013541510947229813,1.8683328748359433
8,90,1.0000000000000004,0.016779825809471585,1.7752125518731081
8,110,0.5,0.19330653951531201,0.7137534536415233
8,110,0.55,0.0633322214795025,1.1983752781282337
8,110,0.6000000000000001,0.058387906819265034,1.2336770937354788
8,110,0.6500000000000001,0.030679703251293516,1.5131488454058797
8,110,0.7000000000000002,0.0021677398075918273,2.6639928470914445
8,110,0.7500000000000002,0.002937925674394841,2.531959195478537
8,110,0.8000000000000003,0.002495657723458952,2.602814977886289
8,110,0.8500000000000003,0.003419194158890859,2.4660762370973064
8,110,0.9000000000000004,0.006772972930981969,2.169220660101398
8,110,0.9500000000000004,0.007703405234902598,2.113317255630552
8,110,1.0000000000000004,0.015323234355003594,1.8146495562259068
8,130,0.5,0.19398046024881968,0.7122420145723559
8,130,0.55,0.06363760269915875,1.196286189084176
8,130,0.6000000000000001,0.060142522163413814,1.2208183630880958
8,130,0.6500000000000001,0.03147236460412332,1.5020706261384642
8,130,0.7000000000000002,0.0038719794447368084,2.4120669569062767
8,130,0.7500000000000002,0.0034858796802502093,2.4576876072160427
8,130,0.8000000000000003,0.001675328831045693,2.775899937586845
8,130,0.8500000000000003,0.002109689824727652,2.6757813917692914
8,130,0.9000000000000004,0.00462247786862788,2.3351251594669606
8,130,0.9500000000000004,0.004091372043278324,2.3881310267357447
8,130,1.0000000000000004,0.017694356434285036,1.7521652285687956
8,150,0.5,0.1929354159507244,0.7145880443095014
8,150,0.55,0.06345702874324413,1.1975202667868705
8,150,0.6000000000000001,0.06069798126261173,1.2168257527647321
8,150,0.6500000000000001,0.032161803736511334,1.4926596026211358
8,150,0.7000000000000002,0.01448886970052923,1.8389654932016912
8,150,0.7500000000000002,0.013547052313062196,1.8681551921280304
8,150,0.8000000000000003,0.003569650318473385,2.447374325119038
8,150,0.8500000000000003,0.0010232002162510617,2.990039376742232
8,150,0.9000000000000004,0.0036316973881399305,2.4398903463118127
8,150,0.9500000000000004,0.007030034986096741,2.153042513638647
8,150,1.0000000000000004,0.17945436710709395,0.7460459684400468
8,170,0.5,0.19429689677573614,0.7115341357045736
8,170,0.55,0.06439858662336549,1.1911236641372227
8,170,0.6000000000000001,0.06127786424054106,1.2126963798753179
8,170,0.6500000000000001,0.032296982903257644,1.49083804638925
8,170,0.7000000000000002,0.0046893525174737695,2.3288871183724638
8,170,0.7500000000000002,0.009673509897561529,2.0144159196534175
8,170,0.8000000000000003,0.0011409841577848588,2.942720385585625
8,170,0.8500000000000003,0.004397764749596248,2.3567680061450353
8,170,0.9000000000000004,0.004549466091108253,2.3420395675826504
8,170,0.9500000000000004,0.010924867089017501,1.9615838379142825
8,170,1.0000000000000004,1.1211633220969246,-0.04966888174659439
8,190,0.5,0.19441113193295015,0.7112788711039915
8,190,0.55,0.06512667534631869,1.1862410915726043
8,190,0.6000000000000001,0.06057750980451578,1.2176885834360756
8,190,0.6500000000000001,0.03140358705506388,1.5030207420781994
8,190,0.7000000000000002,0.00905115815349496,2.0432958464864037
8,190,0.7500000000000002,0.007470960050876793,2.1266235858676827
8,190,0.8000000000000003,0.004073018214495577,2.390083647749202
8,190,0.8500000000000003,0.0010864752788828614,2.963980150951282
8,190,0.9000000000000004,0.006244184486690404,2.2045242740324253
8,190,0.9500000000000004,0.012192693012000336,1.9139003607408487
8,190,1.0000000000000004,1.847730760885181,-0.26663868897254583
8,210,0.5,0.19420203359177074,0.7117462266779606
8,210,0.55,0.06462846807817647,1.1895761382608279
8,210,0.6000000000000001,0.06017457338226748,1.220586980045602
8,210,0.6500000000000001,0.03164956232847452,1.4996322913225395
8,210,0.7000000000000002,0.005385417189794936,2.2687806477591574
8,210,0.7500000000000002,0.003902191656802569,2.4086914039707987
8,210,0.8000000000000003,0.0017205937531100327,2.76432165820781
8,210,0.8500000000000003,0.0013669415525303858,2.8642500545296152
8,210,0.9000000000000004,0.002209610540140116,2.6556842671172847
8,210,0.9500000000000004,0.01927198847588681,1.7150734727056587
8,210,1.0000000000000004,2.9677828735177516,-0.47243212427462256
8,230,0.5,0.19419831017469463,0.7117545534444838
8,230,0.55,0.0652529288666459,1.1853999903180252
8,230,0.6000000000000001,0.059337083971677515,1.2266738002188233
8,230,0.6500000000000001,0.03243181840916487,1.489028700327141
8,230,0.7000000000000002,0.004371674892344677,2.3593521426305277
8,230,0.7500000000000002,0.0015597730867174474,2.80693857751373
8,230,0.8000000000000003,0.0021148297226694264,2.674724594474317
8,230,0.8500000000000003,0.003632566979791482,2.4397863691329946
8,230,0.9000000000000004,0.0008956339267065694,3.0478694636611374
8,230,0.9500000000000004,0.01903485998021784,1.7204503134932918
8,230,1.0000000000000004,1.7701898194446157,-0.2480198387444403
8,250,0.5,0.19424214085166347,0.7116565439752015
8,250,0.55,0.06470105414289638,1.189088643524289
8,250,0.6000000000000001,0.060588324643816284,1.2176110562178668
8,250,0.6500000000000001,0.031733025739647744,1.4984885160060206
8,250,0.7000000000000002,0.004310786583154361,2.3654434775062825
8,250,0.7500000000000002,0.0047752345896135895,2.321005288274552
8,250,0.8000000000000003,0.0008532208109081212,3.0689385602170582
8,250,0.8500000000000003,0.0008712898903754935,3.059837325079444
8,250,0.9000000000000004,0.0017326986278584518,2.761276968526654
8,250,0.9500000000000004,0.02119056396668521,1.6738574848012358
8,250,1.0000000000000004,1.0526104280843736,-0.02226766820554785
8,270,0.5,0.19419087881055844,0.7117711728588717
8,270,0.55,0.06453027868675758,1.1902364593023025
8,270,0.6000000000000001,0.06129282009633653,1.2125903962021176
8,270,0.6500000000000001,0.032196527085514945,1.4921909714389376
8,270,0.7000000000000002,0.0020579570606450953,2.6865636910504755
8,270,0.7500000000000002,0.013015106588380922,1.8855522708466304
8,270,0.8000000000000003,0.0018924399485868019,2.722977892758493
8,270,0.8500000000000003,0.0010808921040132789,2.9662176556954574
8,270,0.9000000000000004,0.0034771723052457394,2.458773788073333
8,270,0.9500000000000004,0.022852577863118433,1.6410648026584598
8,270,1.0000000000000004,1.3971835310639604,-0.14525345786297675
8,290,0.5,0.19418558934761068,0.7117830025383652
8,290,0.55,0.06497743915242236,1.1872374087787794
8,290,0.6000000000000001,0.060278526678480174,1.219837371208529
8,290,0.6500000000000001,0.031185040376041268,1.5060536893207035
8,290,0.7000000000000002,0.028845203713603457,1.539926389575263
8,290,0.7500000000000002,0.010436641507975106,1.9814392340169042
8,290,0.8000000000000003,0.0029409029586276994,2.531519305730205
8,290,0.8500000000000003,0.002164118149637161,2.664719032689888
8,290,0.9000000000000004,0.004179346258644682,2.378891646087982
8,290,0.9500000000000004,0.02566403518121323,1.590675058048506
8,290,1.0000000000000004,5.049845781168853,-0.7032781152651824
8,310,0.5,0.19419444899071578,0.7117631884710445
8,310,0.55,0.06375378503010388,1.1954940262839575
8,310,0.6000000000000001,0.06142380665187648,1.2116632722844212
8,310,0.6500000000000001,0.034104752485456476,1.4671850980047143
8,310,0.7000000000000002,0.008919216111020903,2.049673313069817
8,310,0.7500000000000002,0.014278777510202609,1.8453089734632164
8,310,0.8000000000000003,0.0022624745918135925,2.6454162893369526
8,310,0.8500000000000003,0.001971208187321758,2.70526750568994
8,310,0.9000000000000004,0.008144880877243545,2.0891152630723675
8,310,0.9500000000000004,0.022970509284498203,1.6388293758543706
8,310,1.0000000000000004,3.9322367747864155,-0.594639660453903
8,330,0.5,0.19417501622718805,0.711806649879477
8,330,0.55,0.06456826732099469,1.1899808676599393
8,330,0.6000000000000001,0.059446438647799874,1.2258741582351513
8,330,0.6500000000000001,0.031322856216370175,1.5041386430875479
8,330,0.7000000000000002,0.012481395225745298,1.9037368645755768
8,330,0.7500000000000002,0.012683732267464738,1.8967529337838536
8,330,0.8000000000000003,0.0023373901895749555,2.631268783100096
8,330,0.8500000000000003,0.002201259629086354,2.6573287312632026
8,330,0.9000000000000004,0.0040115495800909,2.3966878358367008
8,330,0.9500000000000004,0.026554090494565166,1.5758685690313625
8,330,1.0000000000000004,5.552852794959553,-0.74451616056348
8,350,0.5,0.19428829259629368,0.711553368283457
8,350,0.55,0.06492213434763484,1.1876072109628208
8,350,0.6000000000000001,0.060367415344733895,1.2191974182420964
8,350,0.6500000000000001,0.030709947388885994,1.5127209275730844
8,350,0.7000000000000002,0.013687131326842818,1.8636875657061551
8,350,0.7500000000000002,0.0038193132544317426,2.4180147199739213
8,350,0.8000000000000003,0.0031377545771410623,2.503381028232072
8,350,0.8500000000000003,0.001045344242108408,2.980740668568136
8,350,0.9000000000000004,0.005286916105980311,2.276797581026493
8,350,0.9500000000000004,0.025165680865663606,1.5991913151297263
8,350,1.0000000000000004,6.371752487134246,-0.8042588971417147
8,370,0.5,0.19414714653000095,0.7118689880969792
8,370,0.55,0.06638256522913831,1.177945969111298
8,370,0.6000000000000001,0.06014471432594127,1.2208025335767194
8,370,0.6500000000000001,0.03330896724852196,1.4774388324910874
8,370,0.7000000000000002,0.002044495011721131,2.689413944725507
8,370,0.7500000000000002,0.00596825312562755,2.224152765841681
8,370,0.8000000000000003,0.002824924229310848,2.548993196422773
8,370,0.8500000000000003,0.00315790854199831,2.500600451997334
8,370,0.9000000000000004,0.005060654559894476,2.295793306605817
8,370,0.9500000000000004,0.0271287457716668,1.5665702842714107
8,370,1.0000000000000004,4.407623608112861,-0.6442045005671824
8,390,0.5,0.19418285678115071,0.711789113943897
8,390,0.55,0.0638413170618677,1.1948981619643249
8,390,0.6000000000000001,0.059121771290041925,1.2282525629426049
8,390,0.6500000000000001,0.030757461121076992,1.5120495162897625
8,390,0.7000000000000002,0.019163768556487056,1.7175190828174147
8,390,0.7500000000000002,0.004627692351987048,2.334635520566328
8,390,0.8000000000000003,0.0012340243634508985,2.908676265904208
8,390,0.8500000000000003,0.0008305548675783293,3.0806316721837983
8,390,0.9000000000000004,0.0014110475080518804,2.8504583638945253
8,390,0.9500000000000004,0.023950151575793537,1.620691733676457
8,390,1.0000000000000004,4.774852053357004,-0.6789599197090688
8,410,0.5,0.1943854016328505,0.7113363537531541
8,410,0.55,0.06401643555112485,1.1937085111286838
8,410,0.6000000000000001,0.05866950694035843,1.2315875615873393
8,410,0.6500000000000001,0.03342398979780412,1.475941709925939
8,410,0.7000000000000002,0.010354773958689369,1.9848593771727858
8,410,0.7500000000000002,0.0059572967586755425,2.2249507652788387
8,410,0.8000000000000003,0.0019658916724512934,2.7064404169987046
8,410,0.8500000000000003,0.004186511667944064,2.378147694061167
8,410,0.9000000000000004,0.0063498915660673075,2.197233690875064
8,410,0.9500000000000004,0.021144540968868034,1.674801738601807
8,410,1.0000000000000004,4.565498392378365,-0.659488194191236
8,430,0.5,0.19443821486920887,0.7112183748224026
8,430,0.55,0.06461674639052009,1.1896549135455088
8,430,0.6000000000000001,0.05943491978547591,1.2259583190897494
8,430,0.6500000000000001,0.03326595616984744,1.4779999890277769
8,430,0.7000000000000002,0.01330944416520046,1.8758400813417684
8,430,0.7500000000000002,0.0063176481692280816,2.199444563682121
8,430,0.8000000000000003,0.0028348639299040574,2.547467781889251
8,430,0.8500000000000003,0.0018705739754124777,2.7280251121232673
8,430,0.9000000000000004,0.005348471033581246,2.2717703519192414
8,430,0.9500000000000004,0.023651033030823082,1.6261498853791037
8,430,1.0000000000000004,5.102969196501561,-0.7078229467704498
8,450,0.5,0.19416154702192642,0.711836776332027
8,450,0.55,0.06552700392953734,1.1835796886990653
8,450,0.6000000000000001,0.059920871154043334,1.2224218813125338
8,450,0.6500000000000001,0.033371704958388176,1.4766216046995777
8,450,0.7000000000000002,0.003670749049073268,2.435245305043292
8,450,0.7500000000000002,0.014663407381666554,1.8337650996056334
8,450,0.8000000000000003,0.003511935077168515,2.454453521207871
8,450,0.8500000000000003,0.0020893955336111123,2.6799793379974606
8,450,0.9000000000000004,0.003867064242131653,2.4126186130907477
8,450,0.9500000000000004,0.026573119714813704,1.5755574559249257
8,450,1.0000000000000004,6.102605088693588,-0.7855152668351125
8,470,0.5,0.19440413037047669,0.7112945121563989
8,470,0.55,0.06467365352248834,1.1892726043406896
8,470,0.6000000000000001,0.05961007862662542,1.224680305328935
8,470,0.6500000000000001,0.03279995913608891,1.48412669735485
8,470,0.7000000000000002,0.004659932909998863,2.331620335890907
8,470,0.7500000000000002,0.0038694542747507456,2.4123502810215367
8,470,0.8000000000000003,0.0010984460056761344,2.9592212860472764
8,470,0.8500000000000003,0.005994988019178705,2.2222116804900325
8,470,0.9000000000000004,0.003423017487246551,2.465590882166452
8,470,0.9500000000000004,0.026167703443377766,1.5822343906820049
8,470,1.0000000000000004,5.502667563408464,-0.7405732762604886
8,490,0.5,0.194511478666023,0.7110547646507797
8,490,0.55,0.06332602040373009,1.198417803477582
8,490,0.6000000000000001,0.059511059638809205,1.2254023167291466
8,490,0.6500000000000001,0.031135344351936513,1.5067463266884025
8,490,0.7000000000000002,0.0033608967066182244,2.4735448348780595
8,490,0.7500000000000002,0.007755936682516427,2.110365745047944
8,490,0.8000000000000003,0.005050639507333794,2.2966536284313945
8,490,0.8500000000000003,0.0037124290760197536,2.430341834560248
8,490,0.9000000000000004,0.0010367425063198378,2.9843290950772365
8,490,0.9500000000000004,0.026469604072950306,1.5772525547401668
8,490,1.0000000000000004,4.95169123834396,-0.6947535565160923
9,50,0.5,1.383295729603668,-0.14091503622308274
9,50,0.55,1.0233936013753118,-0.010042697279364894
9,50,0.6000000000000001,1.2207120971701009,-0.08661324842171422
9,50,0.6500000000000001,1.400023236683858,-0.14613524387811672
9,50,0.7000000000000002,1.2481093814542898,-0.09625264759031484
9,50,0.7500000000000002,1.263555448184038,-0.1015943046746006
9,50,0.8000000000000003,0.659214045283741,0.18097354808848365
9,50,0.8500000000000003,0.6570818028003357,0.1823805599786084
9,50,0.9000000000000004,0.4892013462213858,0.3105123565095976
9,50,0.9500000000000004,0.8413776487272558,0.07500902923766908
9,50,1.0000000000000004,0.3880279226144587,0.41113702131030083
9,70,0.5,1.3862496923299696,-0.14184146276810106
9,70,0.55,1.0464415432137764,-0.019714972599429274
9,70,0.6000000000000001,0.7960032907251613,0.09908513685928456
9,70,0.6500000000000001,0.11261889105689979,0.9483887534134111
9,70,0.7000000000000002,0.02355939011699058,1.6278359563405347
9,70,0.7500000000000002,0.02026653017345817,1.6932206003702934
9,70,0.8000000000000003,0.020919079088406765,1.679457438142549
9,70,0.8500000000000003,0.0219966945263746,1.657642576305573
9,70,0.9000000000000004,0.021553839260180098,1.666475360259511
9,70,0.9500000000000004,0.014408702280066013,1.8413751321621115
9,70,1.0000000000000004,0.05048983840851416,1.2967960192510957
9,90,0.5,1.3845848745501137,-0.14131958299165195
9,90,0.55,0.9999329651010042,2.9113862562157544e-05
9,90,0.6000000000000001,0.8004762994519173,0.09665152217019926
9,90,0.6500000000000001,0.08797847502405348,1.0556235701424983
9,90,0.7000000000000002,0.04856811932745928,1.3136487131116878
9,90,0.7500000000000002,0.006188243310139686,2.208432618991143
9,90,0.8000000000000003,0.006194804639532191,2.2079723850604704
9,90,0.8500000000000003,0.012164357672222993,1.9149108186504744
9,90,0.9000000000000004,0.008827620317680654,2.054156354427716
9,90,0.9500000000000004,0.007755865864757204,2.1103697105138473
9,90,1.0000000000000004,0.018518506360340577,1.73239404495546
9,110,0.5,1.391915062825411,-0.14361273464833063
9,110,0.55,1.0158297822766982,-0.006820941401440811
9,110,0.6000000000000001,0.8068175061759062,0.09322468711629717
9,110,0.6500000000000001,0.1126424880159019,0.9482977655204666
9,110,0.7000000000000002,0.044518038341677835,1.351463980818786
9,110,0.7500000000000002,0.002878564748663574,2.5408239973462305
9,110,0.8000000000000003,0.004295516658735176,2.366984592358235
9,110,0.8500000000000003,0.001985567982566682,2.7021152388201255
9,110,0.9000000000000004,0.0026913285365235116,2.5700332836966027
9,110,0.9500000000000004,0.005480878139866015,2.2611498537884254
9,110,1.0000000000000004,0.0109016933717966,1.962506037388994
9,130,0.5,1.3929388445554194,-0.1439320496219941
9,130,0.55,1.015472204990053,-0.006668040606756971
9,130,0.6000000000000001,0.807204355273625,0.09301650352758818
9,130,0.6500000000000001,0.11384105028391411,0.9437011061563423
9,130,0.7000000000000002,0.044592504747334526,1.3507381327772208
9,130,0.7500000000000002,0.0024021826885710315,2.6193939671157693
9,130,0.8000000000000003,0.004617688187746634,2.335575396432491
9,130,0.8500000000000003,0.0015780777124207571,2.8018716137726787
9,130,0.9000000000000004,0.004149743507234382,2.381978745898813
9,130,0.9500000000000004,0.003612345328218386,2.4422107392635852
9,130,1.0000000000000004,0.06641180738565583,1.1777547003523932
9,150,0.5,1.390667533863742,-0.14322331585370937
9,150,0.55,1.014379487323253,-0.006200458368499852
9,150,0.6000000000000001,0.8091098608266178,0.09199250593844492
9,150,0.6500000000000001,0.11201493956080227,0.9507240511143541
9,150,0.7000000000000002,0.045351010909271294,1.3434130277345364
9,150,0.7500000000000002,0.006312129774605784,2.1998240808037366
9,150,0.8000000000000003,0.005564846509884322,2.254546809914999
9,150,0.8500000000000003,0.0032807352245651086,2.484028818425416
9,150,0.9000000000000004,0.0007794587532056359,3.108206861525993
9,150,0.9500000000000004,0.009757740450678471,2.010650738010723
9,150,1.0000000000000004,0.6755777908645818,0.17032463598601927
9,170,0.5,1.3905126223411952,-0.14317493551463298
9,170,0.55,1.0119929473793021,-0.005177485898123385
9,170,0.6000000000000001,0.8092553179930733,0.09191443796498414
9,170,0.6500000000000001,0.1122306161413069,0.9498886528173625
9,170,0.7000000000000002,0.045690529391720025,1.3401738099773255
9,170,0.7500000000000002,0.003668597481716686,2.435499936393169
9,170,0.8000000000000003,0.004270024906706371,2.369569591763362
9,170,0.8500000000000003,0.002228717160614993,2.651945042950081
9,170,0.9000000000000004,0.0012361113514169004,2.9079424053574825
9,170,0.9500000000000004,0.023192010677395507,1.634661597707695
9,170,1.0000000000000004,1.1870349797877495,-0.07446351702111358
9,190,0.5,1.3897985631399157,-0.14295185834305182
9,190,0.55,1.0127724077562537,-0.005511860798835679
9,190,0.6000000000000001,0.8079655936689207,0.09260713278714691
9,190,0.6500000000000001,0.11190405960609778,0.9511541580422778
9,190,0.7000000000000002,0.044622236549808514,1.350448665856356
9,190,0.7500000000000002,0.0024815624459731795,2.6052747917540473
9,190,0.8000000000000003,0.006553285136121333,2.183540935301906
9,190,0.8500000000000003,0.0022834660917773713,2.641405433044638
9,190,0.9000000000000004,0.0015875610000913377,2.7992695784806507
9,190,0.9500000000000004,0.024564543586745542,1.6096913007170008
9,190,1.0000000000000004,0.9644791213733412,0.015707169337350464
9,210,0.5,1.3893724736349617,-0.1428186903445374
9,210,0.55,1.0148149430091544,-0.006386853522730989
9,210,0.6000000000000001,0.8090381994899325,0.0920309722863297
9,210,0.6500000000000001,0.11299214986741994,0.946951728089045
9,210,0.7000000000000002,0.044250693800321816,1.3540799156714853
9,210,0.7500000000000002,0.002541232805789688,2.5949555468195897
9,210,0.8000000000000003,0.004488993045445958,2.3478510674267685
9,210,0.8500000000000003,0.0019896445805407605,2.7012244967037686
9,210,0.9000000000000004,0.005436619379129764,2.2646710711421063
9,210,0.9500000000000004,0.017965861534954292,1.7455519518016507
9,210,1.0000000000000004,1.5017491308598028,-0.17659738927069907
9,230,0.5,1.3901343647012938,-0.14305677941101702
9,230,0.55,1.0123665280545018,-0.005337777614684179
9,230,0.6000000000000001,0.8090250957985,0.09203800644982427
9,230,0.6500000000000001,0.11216344634761401,0.9501486549876439
9,230,0.7000000000000002,0.04505366672465515,1.3462698578817713
9,230,0.7500000000000002,0.004791759209625116,2.3195050137736977
9,230,0.8000000000000003,0.004176940872735807,2.379141672406968
9,230,0.8500000000000003,0.007505638478699428,2.1246123579201535
9,230,0.9000000000000004,0.0018241691626466286,2.738934890241457
9,230,0.9500000000000004,0.01676667649396414,1.7755530151146408
9,230,1.0000000000000004,1.5387516183415433,-0.1871685226974117
9,250,0.5,1.3899708851477337,-0.143005703454018
9,250,0.55,1.0130862613162486,-0.0056464258328164435
9,250,0.6000000000000001,0.8084406166000252,0.09235187536189766
9,250,0.6500000000000001,0.11258464751639043,0.9485208275441541
9,250,0.7000000000000002,0.045849765396238036,1.3386628821832713
9,250,0.7500000000000002,0.0026777015955071954,2.5722378226359677
9,250,0.8000000000000003,0.00491673263209371,2.3083234076470847
9,250,0.8500000000000003,0.0030847282191194827,2.5107830935873703
9,250,0.9000000000000004,0.005090299084024957,2.293256699642478
9,250,0.9500000000000004,0.019166859870216275,1.7174490322832885
9,250,1.0000000000000004,1.9151233076289247,-0.2821967418026994
9,270,0.5,1.3901037642871041,-0.14304721937305587
9,270,0.55,1.013449078847207,-0.005801932277923723
9,270,0.6000000000000001,0.8082421684027399,0.09245849486481687
9,270,0.6500000000000001,0.1118303252790255,0.9514404118744736
9,270,0.7000000000000002,0.04453291974649248,1.3513188299480288
9,270,0.7500000000000002,0.004277097611456883,2.3688508382086186
9,270,0.8000000000000003,0.00422588139954463,2.374082695699725
9,270,0.8500000000000003,0.0022990045447359767,2.63846017020449
9,270,0.9000000000000004,0.004477112541844023,2.349001988554341
9,270,0.9500000000000004,0.01855832411992723,1.7314612446219795
9,270,1.0000000000000004,1.24112869081633,-0.09381681519231758
9,290,0.5,1.3892376999283225,-0.14277656030578503
9,290,0.55,1.014159843134546,-0.006106410145645009
9,290,0.6000000000000001,0.8088957223971922,0.09210746121396465
9,290,0.6500000000000001,0.11177487043930785,0.9516558248598526
9,290,0.7000000000000002,0.046146197532375255,1.335864079226213
9,290,0.7500000000000002,0.003930463026492018,2.4055562847377177
9,290,0.8000000000000003,0.0044085932730839016,2.3556999663592575
9,290,0.8500000000000003,0.002462277260184324,2.6086630457229676
9,290,0.9000000000000004,0.003073322190112825,2.5123919083237176
9,290,0.9500000000000004,0.018756334079812705,1.7268520403964516
9,290,1.0000000000000004,2.4666626911557765,-0.39210976506111095
9,310,0.5,1.3892630473500183,-0.14278448418011477
9,310,0.55,1.0139386656889857,-0.006011684821316643
9,310,0.6000000000000001,0.8084787362145889,0.09233139797911226
9,310,0.6500000000000001,0.11360381838156532,0.9446070711410705
9,310,0.7000000000000002,0.044555776856043755,1.3510959797516122
9,310,0.7500000000000002,0.002030846005779945,2.6923230068638206
9,310,0.8000000000000003,0.004439936289412882,2.3526232617220786
9,310,0.8500000000000003,0.0022619179844840303,2.6455231463300004
9,310,0.9000000000000004,0.0022675090209354314,2.6444509764907176
9,310,0.9500000000000004,0.01814963729111141,1.7411320496384932
9,310,1.0000000000000004,3.176441230212801,-0.5019408245287037
9,330,0.5,1.391619361721314,-0.14352046249451592
9,330,0.55,1.01432625001558,-0.006177664851891205
9,330,0.6000000000000001,0.8098449712828605,0.09159811020813252
9,330,0.6500000000000001,0.11224540619107132,0.9498314241036467
9,330,0.7000000000000002,0.04469041948069142,1.3497855688729916
9,330,0.7500000000000002,0.006425432927770437,2.1920976054585273
9,330,0.8000000000000003,0.004399567862790058,2.3565899789734397
9,330,0.8500000000000003,0.002676289995329913,2.572466829413977
9,330,0.9000000000000004,0.007676606216212589,2.1148307366514802
9,330,0.9500000000000004,0.018906651256398014,1.7233853865254722
9,330,1.0000000000000004,3.6719199149571886,-0.5648932006143201
9,350,0.5,1.3906924395540594,-0.14323109363434655
9,350,0.55,1.0140648106258874,-0.006065712391512557
9,350,0.6000000000000001,0.8074829389211537,0.09286664498531108
9,350,0.6500000000000001,0.11289868270393147,0.9473111253713223
9,350,0.7000000000000002,0.04368073947334512,1.3597100180488568
9,350,0.7500000000000002,0.004056841189230661,2.3918119930328565
9,350,0.8000000000000003,0.00487792959093453,2.3117644726752804
9,350,0.8500000000000003,0.004626511467691335,2.3347463570134543
9,350,0.9000000000000004,0.007868940303078553,2.1040837494087428
9,350,0.9500000000000004,0.018303157035190858,1.7374739941652222
9,350,1.0000000000000004,3.3944483925126825,-0.5307692102655747
9,370,0.5,1.390719312218959,-0.14323948552387733
9,370,0.55,1.0144049323640831,-0.00621135222268926
9,370,0.6000000000000001,0.8089916944879714,0.09205593704849305
9,370,0.6500000000000001,0.1125819090781289,0.9485313911788613
9,370,0.7000000000000002,0.04606324249565004,1.3366454943265396
9,370,0.7500000000000002,0.003099573335762874,2.5086980838033375
9,370,0.8000000000000003,0.0041004513899554,2.387168332212875
9,370,0.8500000000000003,0.0020127624293041794,2.6962074828018765
9,370,0.9000000000000004,0.004044384658736638,2.393147545657141
9,370,0.9500000000000004,0.01983539020205303,1.7025592516591217
9,370,1.0000000000000004,2.590976251327626,-0.4134634322970434
9,390,0.5,1.3902597509296408,-0.14309594979107826
9,390,0.55,1.0143556883662252,-0.00619026900930055
9,390,0.6000000000000001,0.8064202296184019,0.09343858617949562
9,390,0.6500000000000001,0.112656850539586,0.9482423941657999
9,390,0.7000000000000002,0.04483845943950839,1.3483493173173442
9,390,0.7500000000000002,0.003356573175703245,2.474103880444586
9,390,0.8000000000000003,0.004975340518745488,2.303177190224527
9,390,0.8500000000000003,0.0019637543662335212,2.7069128363356665
9,390,0.9000000000000004,0.006009097303698683,2.2211907635159234
9,390,0.9500000000000004,0.019024904562063703,1.720677513178838
9,390,1.0000000000000004,2.6166970457882957,-0.41775344409245707
9,410,0.5,1.3904140044274245,-0.14314413339610663
9,410,0.55,1.0157728216350392,-0.0067965885163667325
9,410,0.6000000000000001,0.8080987285371837,0.09253557655269284
9,410,0.6500000000000001,0.11185145759942187,0.9513583519941636
9,410,0.7000000000000002,0.04468048613245252,1.3498821103215795
9,410,0.7500000000000002,0.00729924470014015,2.1367220768017403
9,410,0.8000000000000003,0.004821406196487385,2.3168262782946876
9,410,0.8500000000000003,0.001686322033573953,2.773059485435381
9,410,0.9000000000000004,0.003082731074499046,2.5110643597870297
9,410,0.9500000000000004,0.018754347290867418,1.726898046037774
9,410,1.0000000000000004,2.6800811145562724,-0.42814793845830057
9,430,0.5,1.3891852341965223,-0.14276015849918267
9,430,0.55,1.0143251582164474,-0.006177197386325919
9,430,0.6000000000000001,0.8098925538447181,0.0915725939207897
9,430,0.6500000000000001,0.11250757304780103,0.9488182435777096
9,430,0.7000000000000002,0.04466135041098768,1.3500681494425115
9,430,0.7500000000000002,0.005352229085726548,2.2714653062010526
9,430,0.8000000000000003,0.00468309286674815,2.329467229978676
9,430,0.8500000000000003,0.0017727518714635117,2.7513520474760047
9,430,0.9000000000000004,0.002850689401240774,2.545050098956951
9,430,0.9500000000000004,0.017743731934214847,1.750955032306879
9,430,1.0000000000000004,3.8404177752141386,-0.5843784711386482
9,450,0.5,1.3903141369953322,-0.143112938779091
9,450,0.55,1.013651272927845,-0.005888570094062354
9,450,0.6000000000000001,0.8097426825855825,0.09165296789581849
9,450,0.6500000000000001,0.11195047618091362,0.9509740548111381
9,450,0.7000000000000002,0.04442279731981297,1.3523940972439163
9,450,0.7500000000000002,0.0021244270073555293,2.6727581861312086
9,450,0.8000000000000003,0.004672333699210205,2.3304661473703487
9,450,0.8500000000000003,0.0024528219427080175,2.610333977315864
9,450,0.9000000000000004,0.005286684403942405,2.2768166146407154
9,450,0.9500000000000004,0.018508416693504993,1.7326307314731606
9,450,1.0000000000000004,3.6044187378372583,-0.5568352387355164
9,470,0.5,1.3893222450058926,-0.14280298943554995
9,470,0.55,1.0139829516919214,-0.006030653174470675
9,470,0.6000000000000001,0.808813112917751,0.09215181634181235
9,470,0.6500000000000001,0.11126072505512864,0.9536581142099003
9,470,0.7000000000000002,0.043926748633475676,1.357270941118868
9,470,0.7500000000000002,0.0026128331437487514,2.582888323553558
9,470,0.8000000000000003,0.005270080608725129,2.2781827419683296
9,470,0.8500000000000003,0.002734058888866771,2.5631921354029985
9,470,0.9000000000000004,0.0025733120388597213,2.589507548209308
9,470,0.9500000000000004,0.018192408156407828,1.740109808918038
9,470,1.0000000000000004,3.4037334266458297,-0.5319555396998281
9,490,0.5,1.3905251416891393,-0.14317884562603062
9,490,0.55,1.0139559541368697,-0.006019089819035412
9,490,0.6000000000000001,0.8093718549347766,0.09185190182120308
9,490,0.6500000000000001,0.11247724515427608,0.9489353291392214
9,490,0.7000000000000002,0.04589687908720708,1.338216844773975
9,490,0.7500000000000002,0.0018912727260700594,2.7232458403316
9,490,0.8000000000000003,0.004512356399108859,2.345596605821346
9,490,0.8500000000000003,0.002052804210939647,2.68765247009523
9,490,0.9000000000000004,0.002207073340545786,2.656183235091575
9,490,0.9500000000000004,0.018549936748518858,1.7316575669015535
9,490,1.0000000000000004,3.8197457183351267,-0.5820344527547439
10,50,0.5,5.558189367231314,-0.744933339084502
10,50,0.55,7.9515196679333,-0.9004501375026119
10,50,0.6000000000000001,0.5484175484135311,0.26088865698750463
10,50,0.6500000000000001,8.85249516229411,-0.9470656980972431
10,50,0.7000000000000002,9.26064395553116,-0.9666411871797742
10,50,0.7500000000000002,5.8662227419411925,-0.7683585492274497
10,50,0.8000000000000003,4.889459548801842,-0.6892608574989567
10,50,0.8500000000000003,4.449370681887513,-0.6482985887986582
10,50,0.9000000000000004,1.7323880065606445,-0.23864516841813654
10,50,0.9500000000000004,3.388593699993742,-0.5300194990737609
10,50,1.0000000000000004,1.8793968942555523,-0.2740185048387988
10,70,0.5,5.442669043818056,-0.7358119266717493
10,70,0.55,9.69405410534955,-0.9865054393179533
10,70,0.6000000000000001,1.0761621170593796,-0.031877699992910256
10,70,0.6500000000000001,0.5687989640355702,0.2450412032664143
10,70,0.7000000000000002,0.3723898250398422,0.42900219393510874
10,70,0.7500000000000002,0.21190717561289085,0.6738543369356447
10,70,0.8000000000000003,0.06342439509973373,1.1977436661022978
10,70,0.8500000000000003,0.06710499444596736,1.173245155246759
10,70,0.9000000000000004,0.11192112470823812,0.9510879342191658
10,70,0.9500000000000004,0.05763332501438302,1.2393263241329777
10,70,1.0000000000000004,0.038818662444295535,1.4109594329628374
10,90,0.5,5.395067441282684,-0.7319968779705245
10,90,0.55,9.771180580697832,-0.989947039533222
10,90,0.6000000000000001,0.9143568561889172,0.038884274258803635
10,90,0.6500000000000001,0.7856989271444981,0.10474383987475981
10,90,0.7000000000000002,0.32996843729216263,0.48152760001730627
10,90,0.7500000000000002,0.06075730047465516,1.2164015306454266
10,90,0.8000000000000003,0.011165127781105937,1.9521363022108469
10,90,0.8500000000000003,0.0106181381552372,1.9739516282445488
10,90,0.9000000000000004,0.01838091806627388,1.7356328008302422
10,90,0.9500000000000004,0.024939775797036327,1.6031074550494415
10,90,1.0000000000000004,0.016987990228064125,1.7698579974988204
10,110,0.5,5.648819878383892,-0.7519577267860509
10,110,0.55,9.076122762097263,-0.9579003614461358
10,110,0.6000000000000001,0.7223816058274349,0.14123332109619746
10,110,0.6500000000000001,0.823961290994375,0.08409319061164942
10,110,0.7000000000000002,0.3181254724383257,0.49740155536134906
10,110,0.7500000000000002,0.021646114408247073,1.6646200504655781
10,110,0.8000000000000003,0.008960208606170781,2.0476818792380707
10,110,0.8500000000000003,0.0035781544648748596,2.446340915363161
10,110,0.9000000000000004,0.002999457116112713,2.5229573428843017
10,110,0.9500000000000004,0.0030878135162745388,2.5103489360884006
10,110,1.0000000000000004,0.007348669098655,2.1337913079154474
10,130,0.5,5.644500572600029,-0.7516255214320644
10,130,0.55,9.088171580311846,-0.958476517715449
10,130,0.6000000000000001,0.7232526240524685,0.1407099820015281
10,130,0.6500000000000001,0.8241963370315292,0.08396931993825567
10,130,0.7000000000000002,0.3181309275865963,0.4973941082353418
10,130,0.7500000000000002,0.022307459184843195,1.651549892954253
10,130,0.8000000000000003,0.013418296886830244,1.8723026033614967
10,130,0.8500000000000003,0.0029044013490976267,2.5369433701845296
10,130,0.9000000000000004,0.0023927666348811595,2.621099655805904
10,130,0.9500000000000004,0.016478389058313423,1.7830852475710581
10,130,1.0000000000000004,1.0388417142968578,-0.016549380238368844
10,150,0.5,5.632747782167663,-0.7507203052447325
10,150,0.55,9.078914957724905,-0.9580339480772135
10,150,0.6000000000000001,0.7131960772533328,0.14679105421221392
10,150,0.6500000000000001,0.8228857770639791,0.08466044405083768
10,150,0.7000000000000002,0.31740807500176316,0.4983820287969935
10,150,0.7500000000000002,0.022058083352643924,1.656432226507478
10,150,0.8000000000000003,0.01072376014012551,1.9696529085072205
10,150,0.8500000000000003,0.002753583217061921,2.560101794009401
10,150,0.9000000000000004,0.001975475144006029,2.7043284303656963
10,150,0.9500000000000004,0.006892049865063375,2.1616515890238466
10,150,1.0000000000000004,2.0511055458561005,-0.3119880088829961
10,170,0.5,5.694685621512128,-0.7554697535931472
10,170,0.55,9.071841534655427,-0.9576954554348773
10,170,0.6000000000000001,0.7150357829897488,0.14567222398054247
10,170,0.6500000000000001,0.8247818251653503,0.083660917701946
10,170,0.7000000000000002,0.31821218485202457,0.4972831945427377
10,170,0.7500000000000002,0.022046246384876112,1.6566653432984166
10,170,0.8000000000000003,0.010508589069562372,1.978455590388264
10,170,0.8500000000000003,0.0027823118773604525,2.555594190294695
10,170,0.9000000000000004,0.0019351039542721774,2.7132956996093553
10,170,0.9500000000000004,0.007807636088637692,2.107480437193273
10,170,1.0000000000000004,1.63072556770446,-0.21238088043958372
10,190,0.5,5.680097679020871,-0.7543558042136606
10,190,0.55,9.096738644778066,-0.9588857173268841
10,190,0.6000000000000001,0.7166133383952831,0.14471511252832622
10,190,0.6500000000000001,0.8209753172313983,0.08566989982494826
10,190,0.7000000000000002,0.31862392918498356,0.49672161107492163
10,190,0.7500000000000002,0.022150077677830303,1.6546247464163557
10,190,0.8000000000000003,0.011302112425728036,1.9468403769504843
10,190,0.8500000000000003,0.00309273132739632,2.5096578065074353
10,190,0.9000000000000004,0.003045823759545787,2.5162952298480175
10,190,0.9500000000000004,0.009997802411203457,2.000095450557221
10,190,1.0000000000000004,1.8509249296376145,-0.2673888048656629
10,210,0.5,5.643504930489775,-0.7515489088054251
10,210,0.55,9.089776604045316,-0.958553209864146
10,210,0.6000000000000001,0.7186316644461997,0.1434936507672055
10,210,0.6500000000000001,0.8227573614654696,0.08472822324868494
10,210,0.7000000000000002,0.31819379337337306,0.4973082958710342
10,210,0.7500000000000002,0.022230229901706058,1.6530560458693393
10,210,0.8000000000000003,0.01081904022498206,1.9658112645050716
10,210,0.8500000000000003,0.0029323431097996967,2.532785214803564
10,210,0.9000000000000004,0.0023016838316926294,2.6379543330005544
10,210,0.9500000000000004,0.020230365285779216,1.69399627540191
10,210,1.0000000000000004,1.4970555289374803,-0.1752379095373564
10,230,0.5,5.654419450073167,-0.752388021715486
10,230,0.55,9.084113799802699,-0.9582825661373922
10,230,0.6000000000000001,0.7156755993727846,0.14528378960232638
10,230,0.6500000000000001,0.8219734115089212,0.08514223041824116
10,230,0.7000000000000002,0.3186912274915873,0.4966298910428405
10,230,0.7500000000000002,0.021931507248609188,1.6589315202942105
10,230,0.8000000000000003,0.010420093072959758,1.9821284018721648
10,230,0.8500000000000003,0.0033731113363837067,2.4719693238036595
10,230,0.9000000000000004,0.0027212890067120537,2.565225332768161
10,230,0.9500000000000004,0.02080596619309948,1.6818121115178317
10,230,1.0000000000000004,2.129513079497479,-0.3282803118604071
10,250,0.5,5.619314824244468,-0.7496833642895955
10,250,0.55,9.090128633905561,-0.9585700289425503
10,250,0.6000000000000001,0.717663558300261,0.14407910592167622
10,250,0.6500000000000001,0.8226953485117854,0.08476095817134913
10,250,0.7000000000000002,0.3156257535133897,0.5008275677172506
10,250,0.7500000000000002,0.022263898226575863,1.6523987919299212
10,250,0.8000000000000003,0.010349655319478799,1.9850741135250347
10,250,0.8500000000000003,0.0030019356828393557,2.5225986168519716
10,250,0.9000000000000004,0.003017773155075462,2.520313409093777
10,250,0.9500000000000004,0.021498404049013153,1.6675937790812887
10,250,1.0000000000000004,1.8674414574357328,-0.27124699597009544
10,270,0.5,5.591992204001109,-0.7475665572723783
10,270,0.55,9.07969346538294,-0.9580711867876183
10,270,0.6000000000000001,0.7177533961696609,0.14402474388996717
10,270,0.6500000000000001,0.8246063665471994,0.08375331645966184
10,270,0.7000000000000002,0.3167313887841371,0.4993088949474991
10,270,0.7500000000000002,0.02269658990896034,1.6440393892814282
10,270,0.8000000000000003,0.01178630139076272,1.9286224576349313
10,270,0.8500000000000003,0.00369554639383365,2.4323213412248506
10,270,0.9000000000000004,0.0029903096870515554,2.5242838322732433
10,270,0.9500000000000004,0.022171631542862922,1.6542023473008949
10,270,1.0000000000000004,1.038449658391431,-0.016385447801557422
10,290,0.5,5.713482391456641,-0.7569008932542141
10,290,0.55,9.07179874080216,-0.9576934067683418
10,290,0.6000000000000001,0.718258715454163,0.14371909551257483
10,290,0.6500000000000001,0.8232139541276318,0.08448727654826274
10,290,0.7000000000000002,0.3180516595126734,0.49750233404337885
10,290,0.7500000000000002,0.02208521021312993,1.655898462651102
10,290,0.8000000000000003,0.011212950044513989,1.9502801126946392
10,290,0.8500000000000003,0.003289033748959153,2.4829316701745263
10,290,0.9000000000000004,0.003071249201049108,2.5126849434886664
10,290,0.9500000000000004,0.022136599860986112,1.654889085129013
10,290,1.0000000000000004,2.1053689910845494,-0.32332822214229867
10,310,0.5,5.629326650074681,-0.7504564499764185
10,310,0.55,9.084312340481048,-0.9582920578919755
10,310,0.6000000000000001,0.7145042599198618,0.14599517757395675
10,310,0.6500000000000001,0.8218678747868181,0.08519799494550133
10,310,0.7000000000000002,0.3180052892651567,0.49756565649491524
10,310,0.7500000000000002,0.02138387748019396,1.6699135425524976
10,310,0.8000000000000003,0.010855280781184489,1.9643589386635485
10,310,0.8500000000000003,0.0030337926692382495,2.5180141024162834
10,310,0.9000000000000004,0.0030199274609315563,2.5200034887301017
10,310,0.9500000000000004,0.022554931354661294,1.6467584903280608
10,310,1.0000000000000004,2.5850379040067186,-0.4124669154687517
10,330,0.5,5.600605165621568,-0.748234956629458
10,330,0.55,9.078286021159792,-0.9580038615368792
10,330,0.6000000000000001,0.7174524781469577,0.14420685997661228
10,330,0.6500000000000001,0.8225067980175319,0.08486050391987089
10,330,0.7000000000000002,0.3189909838439892,0.4962215919338544
10,330,0.7500000000000002,0.022664577534752334,1.6446523717315151
10,330,0.8000000000000003,0.010689269200811292,1.9710519854277144
10,330,0.8500000000000003,0.0028789105929469846,2.5407718223024305
10,330,0.9000000000000004,0.003025248310225519,2.519238972966912
10,330,0.9500000000000004,0.022266564303164902,1.652346788771339
10,330,1.0000000000000004,7.171843775974518,-0.8556308207714671
10,350,0.5,5.5850989251398016,-0.7470308698888437
10,350,0.55,9.093044873733831,-0.9587093343147012
10,350,0.6000000000000001,0.7146240796762185,0.14592235408051826
10,350,0.6500000000000001,0.8218250359807412,0.08522063257686527
10,350,0.7000000000000002,0.3173433433549975,0.49847060708537316
10,350,0.7500000000000002,0.022432900364627157,1.6491145725640892
10,350,0.8000000000000003,0.01062912132194682,1.9735026358344183
10,350,0.8500000000000003,0.0030867530364242983,2.510498115969361
10,350,0.9000000000000004,0.0029724484947934,2.5268856618970954
10,350,0.9500000000000004,0.021718259637264502,1.6631749792772708
10,350,1.0000000000000004,3.261110291797155,-0.5133654870331611
10,370,0.5,5.640567764753,-0.7513228211267694
10,370,0.55,9.057475503190572,-0.9570071681171683
10,370,0.6000000000000001,0.7149518522684468,0.1457232043502558
10,370,0.6500000000000001,0.8228518498884733,0.08467835016766888
10,370,0.7000000000000002,0.31787199515616726,0.49774773218238033
10,370,0.7500000000000002,0.021891248693278267,1.6597294652418706
10,370,0.8000000000000003,0.010582847652976545,1.9753974557819607
10,370,0.8500000000000003,0.0032394237371504773,2.4895322398040327
10,370,0.9000000000000004,0.003179188304511355,2.497683747898932
10,370,0.9500000000000004,0.021706107864527143,1.663418043173721
10,370,1.0000000000000004,2.962111465756102,-0.4716013972142099
10,390,0.5,5.570057842740798,-0.7458597051652391
10,390,0.55,9.086432657690253,-0.958393412246804
10,390,0.6000000000000001,0.7172685808865618,0.14431819251106082
10,390,0.6500000000000001,0.8251462733115968,0.08346905743655013
10,390,0.7000000000000002,0.31714859781985494,0.49873720436882174
10,390,0.7500000000000002,0.022584346510267923,1.6461924714559468
10,390,0.8000000000000003,0.010353446186914332,1.9849150694487865
10,390,0.8500000000000003,0.0034292149674823857,2.4648052893775843
10,390,0.9000000000000004,0.002483301599669364,2.6049705317068903
10,390,0.9500000000000004,0.022551368577665067,1.6468270969038719
10,390,1.0000000000000004,3.728515521671494,-0.5715359553822151
10,410,0.5,5.658769836827285,-0.7527220299260219
10,410,0.55,9.093987225969332,-0.9587543398300608
10,410,0.6000000000000001,0.7168336078028935,0.14458164154181505
10,410,0.6500000000000001,0.822865181207274,0.08467131406354843
10,410,0.7000000000000002,0.31735672615598975,0.4984522926817567
10,410,0.7500000000000002,0.02248961360730978,1.6480180060874783
10,410,0.8000000000000003,0.010393550828900375,1.9832360557203073
10,410,0.8500000000000003,0.002921712458972342,2.5343625274935615
10,410,0.9000000000000004,0.002913199599959961,2.5356297583550025
10,410,0.9500000000000004,0.021973916635974748,1.6580925274312646
10,410,1.0000000000000004,3.0277582683476383,-0.48112119879585497
10,430,0.5,5.6517926500891,-0.7521862203078061
10,430,0.55,9.084377123241874,-0.9582951549558121
10,430,0.6000000000000001,0.7139023303315035,0.14636120040803802
10,430,0.6500000000000001,0.8230942973771195,0.08455040721229722
10,430,0.7000000000000002,0.31864669347994845,0.4966905837300535
10,430,0.7500000000000002,0.02287039660937791,1.6407263039647082
10,430,0.8000000000000003,0.011052661634415435,1.9565331252416833
10,430,0.8500000000000003,0.003213576037594557,2.4930114196318915
10,430,0.9000000000000004,0.0030573655927659156,2.514652626230564
10,430,0.9500000000000004,0.0223436132930955,1.650846593693019
10,430,1.0000000000000004,4.442377253190501,-0.6476154367027737
10,450,0.5,5.696831014733325,-0.7556333371576973
10,450,0.55,9.088946161993414,-0.9585135309047853
10,450,0.6000000000000001,0.7140764444075617,0.14625529297556614
10,450,0.6500000000000001,0.8221009715956114,0.08507483852595076
10,450,0.7000000000000002,0.3173651669196803,0.4984407418682931
10,450,0.7500000000000002,0.021636545159878295,1.6648120844982233
10,450,0.8000000000000003,0.010359790168595938,1.984649040878796
10,450,0.8500000000000003,0.0028801356964237718,2.5405870501505774
10,450,0.9000000000000004,0.0031937954845803673,2.495692897453
10,450,0.9500000000000004,0.02175777591540747,1.6623855003815684
10,450,1.0000000000000004,4.599538619683861,-0.662714269730522
10,470,0.5,5.61663798422368,-0.7494764326849906
10,470,0.55,9.090457978058327,-0.9585857635666591
10,470,0.6000000000000001,0.7167264056088207,0.14464659497380944
10,470,0.6500000000000001,0.8229067171337836,0.08464939264940123
10,470,0.7000000000000002,0.3177018513524011,0.4979802543897579
10,470,0.7500000000000002,0.022809177992472528,1.6418903657433397
10,470,0.8000000000000003,0.010740948554750652,1.9689573635244244
10,470,0.8500000000000003,0.0030674094168557826,2.5132282534878527
10,470,0.9000000000000004,0.002434541073366011,2.6135828940341934
10,470,0.9500000000000004,0.02233412899452482,1.6510309798497467
10,470,1.0000000000000004,5.24453379452803,-0.719706888246868
10,490,0.5,5.680920724066395,-0.7544187288405861
10,490,0.55,9.080663049501322,-0.9581175608808151
10,490,0.6000000000000001,0.7152747527975092,0.14552710406815872
10,490,0.6500000000000001,0.8220616409504542,0.08509561637606651
10,490,0.7000000000000002,0.3189661486013886,0.4962554055187336
10,490,0.7500000000000002,0.02225283286038598,1.6526146940169855
10,490,0.8000000000000003,0.011171037056358612,1.9519065075515725
10,490,0.8500000000000003,0.0030628585387714223,2.5138730610614295
10,490,0.9000000000000004,0.0027075343263109905,2.5674260286516923
10,490,0.9500000000000004,0.022261719956090813,1.6524412848089027
10,490,1.0000000000000004,4.29450141794169,-0.6329127504709577
11,50,0.5,43.082870151550985,-1.6343046279931608
11,50,0.55,9.491318380795413,-0.9773265417989336
11,50,0.6000000000000001,14.463870244629337,-1.1602845170932459
11,50,0.6500000000000001,7.694051494632221,-0.8861550886201056
11,50,0.7000000000000002,15.16949099229105,-1.180971008410462
11,50,0.7500000000000002,9.299529845504662,-0.9684609925685197
11,50,0.8000000000000003,7.608921253351852,-0.8813230895005084
11,50,0.8500000000000003,5.179343124568352,-0.7142746834006783
11,50,0.9000000000000004,11.18885734389696,-1.0487857367000215
11,50,0.9500000000000004,3.859183100761384,-0.586495384366641
11,50,1.0000000000000004,6.907440989748437,-0.8393171834276951
11,70,0.5,43.5531592069169,-1.6390196628194296
11,70,0.55,7.005220939645288,-0.845421837174345
11,70,0.6000000000000001,5.141347760295722,-0.7110769804998878
11,70,0.6500000000000001,4.172039817613221,-0.6203484446459565
11,70,0.7000000000000002,3.087731344331998,-0.4896395064467862
11,70,0.7500000000000002,0.5727400045501461,0.24204248137312573
11,70,0.8000000000000003,0.35621362154663816,0.4482894772101429
11,70,0.8500000000000003,0.3143815571990538,0.502542939228094
11,70,0.9000000000000004,0.4738078940064699,0.3243977078705552
11,70,0.9500000000000004,0.4225405248695938,0.3741316325527665
11,70,1.0000000000000004,0.5134993570186666,0.2894600958708313
11,90,0.5,42.740148730578035,-1.6308360291232529
11,90,0.55,5.446503356470173,-0.7361177756076125
11,90,0.6000000000000001,5.286902895522664,-0.7232013337972131
11,90,0.6500000000000001,5.6756129340043815,-0.7540127697385777
11,90,0.7000000000000002,1.1438033157038965,-0.05835135116310911
11,90,0.7500000000000002,0.6290353426565077,0.2013249528226323
11,90,0.8000000000000003,0.11541448984629377,0.9377396637517758
11,90,0.8500000000000003,0.03750378457396975,1.4259249046280589
11,90,0.9000000000000004,0.015288230660979068,1.8156427734913283
11,90,0.9500000000000004,0.008360807272691617,2.0777517874952998
11,90,1.0000000000000004,0.028158675122910013,1.5503877827808223
11,110,0.5,42.74018696158138,-1.6308364175988865
11,110,0.55,5.446605269674097,-0.7361259019090417
11,110,0.6000000000000001,5.288852662062787,-0.723361468523164
11,110,0.6500000000000001,5.673380570695432,-0.7538419170407094
11,110,0.7000000000000002,1.1045039027608514,-0.04316725478826623
11,110,0.7500000000000002,0.2445104235900098,0.6117026219754144
11,110,0.8000000000000003,0.06665344933526118,1.176177370803643
11,110,0.8500000000000003,0.007173922903984038,2.144243294868614
11,110,0.9000000000000004,0.0028744102990875056,2.5414512397120976
11,110,0.9500000000000004,0.005051715843987443,2.2965610862360624
11,110,1.0000000000000004,0.07062647533977048,1.1510324669568734
11,130,0.5,42.81461614900684,-1.6315920547430518
11,130,0.55,5.4357624530669835,-0.735260469477607
11,130,0.6000000000000001,5.295940602151073,-0.7239431055285682
11,130,0.6500000000000001,5.67966524059729,-0.7543227391536688
11,130,0.7000000000000002,1.1031375735865112,-0.042629677194256935
11,130,0.7500000000000002,0.22933283368259938,0.639533762686737
11,130,0.8000000000000003,0.03670760542140776,1.435243945275049
11,130,0.8500000000000003,0.01353888931930387,1.8684169621119209
11,130,0.9000000000000004,0.005873842813580654,2.231077679554442
11,130,0.9500000000000004,0.016202389516137325,1.790420931312583
11,130,1.0000000000000004,1.4560874492205846,-0.16318745847527888
11,150,0.5,42.85664484493295,-1.6320181680504744
11,150,0.55,5.44609603751732,-0.736085295504878
11,150,0.6000000000000001,5.297706829530617,-0.7240879211488306
11,150,0.6500000000000001,5.675759561162808,-0.7540239894154638
11,150,0.7000000000000002,1.1040101704083625,-0.04297307423727923
11,150,0.7500000000000002,0.22926090769239202,0.6396699924608937
11,150,0.8000000000000003,0.036165491722014664,1.4417056256669392
11,150,0.8500000000000003,0.012595223531237643,1.8997941205420812
11,150,0.9000000000000004,0.008900111473634007,2.0506045537954307
11,150,0.9500000000000004,0.02859213690354982,1.5437533853646657
11,150,1.0000000000000004,1.948293953494821,-0.2896544827015133
11,170,0.5,42.70967934186778,-1.6305263108185315
11,170,0.55,5.417390859425893,-0.7337901706376253
11,170,0.6000000000000001,5.298850151273533,-0.7241816380659037
11,170,0.6500000000000001,5.675033948685046,-0.7539684638708843
11,170,0.7000000000000002,1.1038918961992286,-0.04292654514778353
11,170,0.7500000000000002,0.22911974025827622,0.6399374917101457
11,170,0.8000000000000003,0.03619639183276356,1.441334719113796
11,170,0.8500000000000003,0.013569227544708904,1.867444874714544
11,170,0.9000000000000004,0.011973802784281395,1.9217678992222098
11,170,0.9500000000000004,0.06121785921809346,1.2131218617041375
11,170,1.0000000000000004,1.6363916982841913,-0.21388726757620694
11,190,0.5,42.73204950048289,-1.6307537228056124
11,190,0.55,5.407643164480112,-0.7330080259790307
11,190,0.6000000000000001,5.292370479417709,-0.7236502382998611
11,190,0.6500000000000001,5.681054789040699,-0.754428977705934
11,190,0.7000000000000002,1.1042421035633918,-0.04306430230117147
11,190,0.7500000000000002,0.22951776535344362,0.6391836931490958
11,190,0.8000000000000003,0.03661036599012386,1.4363959294987823
11,190,0.8500000000000003,0.012976502264509835,1.886842353138809
11,190,0.9000000000000004,0.013408320123824802,1.8726256298033739
11,190,0.9500000000000004,0.105771048563889,0.9756331902363589
11,190,1.0000000000000004,2.5675193869368895,-0.40951373157133114
11,210,0.5,42.72556892331954,-1.6306878543913295
11,210,0.55,5.408033835048125,-0.7330394000801639
11,210,0.6000000000000001,5.291298414937642,-0.7235622552584078
11,210,0.6500000000000001,5.679022462123384,-0.7542735864430903
11,210,0.7000000000000002,1.1021383343122362,-0.0422361081800002
11,210,0.7500000000000002,0.22687160466032277,0.6442198571826558
11,210,0.8000000000000003,0.036477967046577776,1.4379693733330743
11,210,0.8500000000000003,0.013442621091273936,1.8715160427039053
11,210,0.9000000000000004,0.013662357411417693,1.8644743575771079
11,210,0.9500000000000004,0.15965691113348301,0.7968122772362083
11,210,1.0000000000000004,3.239072244826744,-0.5104206346973321
11,230,0.5,42.81303578208407,-1.6315760238320425
11,230,0.55,5.4727273499191975,-0.7382038122252522
11,230,0.6000000000000001,5.289870241422238,-0.7234450190814126
11,230,0.6500000000000001,5.677684138563757,-0.7541712281520692
11,230,0.7000000000000002,1.10304673948649,-0.04259391522441933
11,230,0.7500000000000002,0.22909316076818936,0.6399878758257549
11,230,0.8000000000000003,0.03651669665153637,1.43750851621158
11,230,0.8500000000000003,0.01349379607129794,1.869865857525858
11,230,0.9000000000000004,0.013382072837029448,1.8734766106369884
11,230,0.9500000000000004,0.16711070125643465,0.7769957383303662
11,230,1.0000000000000004,2.8579814418952294,-0.4560594044029347
11,250,0.5,42.79727848739112,-1.6314161527634559
11,250,0.55,5.4209349954107875,-0.7340741995138247
11,250,0.6000000000000001,5.29490488784148,-0.72385816329967
11,250,0.6500000000000001,5.677797923853017,-0.7541799316704187
11,250,0.7000000000000002,1.1049250551178833,-0.04333282168396796
11,250,0.7500000000000002,0.22905917657930328,0.6400523048137972
11,250,0.8000000000000003,0.03653585554199362,1.437280718541385
11,250,0.8500000000000003,0.01325475447886273,1.8776283124018538
11,250,0.9000000000000004,0.014050525732868404,1.852307425323881
11,250,0.9500000000000004,0.17595314779452628,0.7546029592489973
11,250,1.0000000000000004,2.7395125086825405,-0.4376732877747077
11,270,0.5,42.77119797003786,-1.6311514144955477
11,270,0.55,5.439427328815174,-0.7355531789211156
11,270,0.6000000000000001,5.300945027989757,-0.724353300516844
11,270,0.6500000000000001,5.677856502908876,-0.7541844123563851
11,270,0.7000000000000002,1.104459426236997,-0.04314976612411939
11,270,0.7500000000000002,0.2293352469502378,0.6395291926333019
11,270,0.8000000000000003,0.036424980196862314,1.438600675670416
11,270,0.8500000000000003,0.01311070507072627,1.8823739520862734
11,270,0.9000000000000004,0.013438047259129898,1.8716638359101294
11,270,0.9500000000000004,0.1888795925141355,0.7238149628684087
11,270,1.0000000000000004,3.4943477112947603,-0.5433661180433478
11,290,0.5,42.764221755849846,-1.631080572934406
11,290,0.55,5.448256553539549,-0.7362575499258683
11,290,0.6000000000000001,5.29718484684984,-0.7240451280358817
11,290,0.6500000000000001,5.680150593002057,-0.7543598499439113
11,290,0.7000000000000002,1.1092234358590736,-0.04501903684952367
11,290,0.7500000000000002,0.22626094761734672,0.6453903983115811
11,290,0.8000000000000003,0.03669617075474986,1.4353792520107729
11,290,0.8500000000000003,0.013635211830333015,1.8653381106721045
11,290,0.9000000000000004,0.014386822869346774,1.8420351033987505
11,290,0.9500000000000004,0.19209294938655594,0.7164885752669216
11,290,1.0000000000000004,2.5732352294810794,-0.41047948857960465
11,310,0.5,42.707333075292915,-1.630502452090675
11,310,0.55,5.426973969832469,-0.7345577385160464
11,310,0.6000000000000001,5.287687587954839,-0.7232657878475979
11,310,0.6500000000000001,5.675809004481143,-0.7540277726741731
11,310,0.7000000000000002,1.1001944656087737,-0.0414694559549436
11,310,0.7500000000000002,0.2289761826898701,0.6402096891199541
11,310,0.8000000000000003,0.03635171631070868,1.4394750795319464
11,310,0.8500000000000003,0.013229030724592939,1.878471974888965
11,310,0.9000000000000004,0.013771253224719882,1.8610265358640166
11,310,0.9500000000000004,0.1921275505315293,0.7164103541081167
11,310,1.0000000000000004,6.1357860802419415,-0.7878702098408602
11,330,0.5,42.721701555109284,-1.6306485418032282
11,330,0.55,5.458765149881239,-0.7370944102420951
11,330,0.6000000000000001,5.282595778929224,-0.7228473800042091
11,330,0.6500000000000001,5.677768740643616,-0.7541776994424407
11,330,0.7000000000000002,1.0998756215182397,-0.04134357611967287
11,330,0.7500000000000002,0.22653501583424368,0.6448646589569644
11,330,0.8000000000000003,0.03631136998323953,1.4399573653824196
11,330,0.8500000000000003,0.012992658494480487,1.886301976613362
11,330,0.9000000000000004,0.013347192857175566,1.874610064249306
11,330,0.9500000000000004,0.19415645954996877,0.7118481559794334
11,330,1.0000000000000004,7.86611139090346,-0.8957600921007021
11,350,0.5,42.68343530444476,-1.6302593656194546
11,350,0.55,5.439464110503398,-0.7355561156328788
11,350,0.6000000000000001,5.290460745428004,-0.7234934963231606
11,350,0.6500000000000001,5.678769253124094,-0.7542542222437926
11,350,0.7000000000000002,1.102182704218887,-0.04225359166383651
11,350,0.7500000000000002,0.2290331281391108,0.6401016952695348
11,350,0.8000000000000003,0.03638898024005349,1.4390301148540814
11,350,0.8500000000000003,0.013431639898384855,1.8718709601279566
11,350,0.9000000000000004,0.01433777728479916,1.843518169990852
11,350,0.9500000000000004,0.194659208730718,0.7107250463186047
11,350,1.0000000000000004,8.909353433826356,-0.9498461877282091
11,370,0.5,42.753596525552055,-1.6309726543975733
11,370,0.55,5.442432928564078,-0.7357930855892915
11,370,0.6000000000000001,5.287631619023174,-0.7232611909181428
11,370,0.6500000000000001,5.674756727739556,-0.7539472484087933
11,370,0.7000000000000002,1.1041165243630335,-0.04301490964082498
11,370,0.7500000000000002,0.22948884495995925,0.6392384198874005
11,370,0.8000000000000003,0.03616658692251132,1.4416924741153394
11,370,0.8500000000000003,0.013424120430868481,1.872114160342325
11,370,0.9000000000000004,0.013859217459012566,1.8582612908517149
11,370,0.9500000000000004,0.1944235296195929,0.7112511768296301
11,370,1.0000000000000004,4.804652501310589,-0.6816619825933863
11,390,0.5,42.865062210440946,-1.6321034583586032
11,390,0.55,5.44871719567509,-0.7362942673379353
11,390,0.6000000000000001,5.293329923705564,-0.7237289636265154
11,390,0.6500000000000001,5.67567595109598,-0.7540175917416865
11,390,0.7000000000000002,1.104661373688077,-0.04322916844914002
11,390,0.7500000000000002,0.22974020395476769,0.6387629977180862
11,390,0.8000000000000003,0.03654336056322518,1.4371915170011222
11,390,0.8500000000000003,0.013382903201225626,1.873449663286991
11,390,0.9000000000000004,0.014005926910428484,1.8536881443367648
11,390,0.9500000000000004,0.19465319857203886,0.7107384554918083
11,390,1.0000000000000004,4.2735591548055405,-0.6307897198612792
11,410,0.5,42.84765600274084,-1.6319270686648326
11,410,0.55,5.440012885999767,-0.735599928431997
11,410,0.6000000000000001,5.292991252002533,-0.7237011762111494
11,410,0.6500000000000001,5.677487270784684,-0.7541561691825402
11,410,0.7000000000000002,1.1055437700235111,-0.043575941580839155
11,410,0.7500000000000002,0.22973504250939608,0.638772754880244
11,410,0.8000000000000003,0.0362028730423179,1.441256962701272
11,410,0.8500000000000003,0.013675225554335237,1.864065501835824
11,410,0.9000000000000004,0.013720685055924955,1.8626242043303907
11,410,0.9500000000000004,0.1947289648227527,0.7105694448482394
11,410,1.0000000000000004,5.05864630451848,-0.704034315035009
11,430,0.5,42.67077510254275,-1.630130531767207
11,430,0.55,5.4165439539787394,-0.7337222716942632
11,430,0.6000000000000001,5.285639327969825,-0.7230975251943771
11,430,0.6500000000000001,5.677316981649791,-0.7541431428669871
11,430,0.7000000000000002,1.10643954031177,-0.04392768755712403
11,430,0.7500000000000002,0.22883530972664615,0.6404769622379161
11,430,0.8000000000000003,0.03602681051853984,1.4433741846027088
11,430,0.8500000000000003,0.013132519886778759,1.881651932865479
11,430,0.9000000000000004,0.014407179750910857,1.8414210253268966
11,430,0.9500000000000004,0.19467206398070322,0.7106963665565336
11,430,1.0000000000000004,8.301521619463923,-0.9191577032640077
11,450,0.5,42.759018057318364,-1.6310277232630082
11,450,0.55,5.410981408826053,-0.7332760417762099
11,450,0.6000000000000001,5.295796952183571,-0.7239313253295413
11,450,0.6500000000000001,5.677053501923149,-0.7541229871407741
11,450,0.7000000000000002,1.1043425126798285,-0.04310379105329858
11,450,0.7500000000000002,0.22691307970179225,0.6441404698330261
11,450,0.8000000000000003,0.03653025042810895,1.4373473505317724
11,450,0.8500000000000003,0.013037169397855658,1.8848166914518896
11,450,0.9000000000000004,0.01402721806823458,1.853028451381622
11,450,0.9500000000000004,0.19466410284522032,0.7107141274403403
11,450,1.0000000000000004,5.809232751778003,-0.7641187771971496
11,470,0.5,42.760215786919964,-1.6310398881838906
11,470,0.55,5.408052846782788,-0.7330409268230051
11,470,0.6000000000000001,5.301827860851211,-0.7244256230017407
11,470,0.6500000000000001,5.676584956436552,-0.7540871419409799
11,470,0.7000000000000002,1.1033114309124663,-0.04269811773133987
11,470,0.7500000000000002,0.2281838279129949,0.6417151386076724
11,470,0.8000000000000003,0.03630514016738417,1.4400318821734435
11,470,0.8500000000000003,0.013652827976320003,1.8647773817878346
11,470,0.9000000000000004,0.013604000932240422,1.8663333469784469
11,470,0.9500000000000004,0.194798301020638,0.7104148352427189
11,470,1.0000000000000004,6.241203589176574,-0.7952683495755706
11,490,0.5,42.748867489397576,-1.630924613809916
11,490,0.55,5.452537161496763,-0.7365986341733396
11,490,0.6000000000000001,5.296745203914427,-0.7240090820170668
11,490,0.6500000000000001,5.676136412699341,-0.7540528241657557
11,490,0.7000000000000002,1.1028702160417543,-0.04252440838469285
11,490,0.7500000000000002,0.22903098565543958,0.6401057578835138
11,490,0.8000000000000003,0.03650480549110211,1.4376499612723945
11,490,0.8500000000000003,0.013235409393512207,1.878262620694823
11,490,0.9000000000000004,0.013429703267643428,1.871933583060901
11,490,0.9500000000000004,0.1946654070915035,0.7107112176842115
11,490,1.0000000000000004,4.872456567577623,-0.6877479765643245
12,50,0.5,85.81029793882036,-1.933539409872427
12,50,0.55,99.44774542136946,-1.9975949416871277
12,50,0.6000000000000001,49.86247771394531,-1.697773855209844
12,50,0.6500000000000001,22.01975462483437,-1.342812475140993
12,50,0.7000000000000002,22.45571830212506,-1.351326951612489
12,50,0.7500000000000002,32.79259237356625,-1.5157757505831277
12,50,0.8000000000000003,25.12061335963601,-1.4000302391835218
12,50,0.8500000000000003,10.109880883992266,-1.0047460387037985
12,50,0.9000000000000004,18.98463136280579,-1.2784021685733342
12,50,0.9500000000000004,94.19638616021632,-1.9740342414257597
12,50,1.0000000000000004,78.45871129359065,-1.8946411704430355
12,70,0.5,87.33097311959428,-1.9411682994819062
12,70,0.55,129.6022962679044,-2.112612696346652
12,70,0.6000000000000001,27.899762602564277,-1.4456005079031677
12,70,0.6500000000000001,17.875235145142867,-1.252251763567736
12,70,0.7000000000000002,10.140047150589902,-1.0060399744443984
12,70,0.7500000000000002,4.1640655994794455,-0.6195175626414596
12,70,0.8000000000000003,1.236572632876966,-0.09221963071045586
12,70,0.8500000000000003,1.1955053396082542,-0.07755152019016383
12,70,0.9000000000000004,1.1678609475774029,-0.06739113618831244
12,70,0.9500000000000004,1.0664848373891622,-0.0279546853034702
12,70,1.0000000000000004,0.7277954639995584,0.13799065549078446
12,90,0.5,81.77098146992627,-1.9125992104757827
12,90,0.55,133.0915415336765,-2.124150455309548
12,90,0.6000000000000001,30.801284270122597,-1.488568824935494
12,90,0.6500000000000001,17.509836537797145,-1.2432820917679657
12,90,0.7000000000000002,3.4691756901387367,-0.5402262944588588
12,90,0.7500000000000002,1.488283225152044,-0.17268558673135107
12,90,0.8000000000000003,0.048724285416890036,1.312254521461797
12,90,0.8500000000000003,0.05685538430212686,1.2452284005984953
12,90,0.9000000000000004,0.06542798389965385,1.1842364618618888
12,90,0.9500000000000004,0.03969946340795962,1.4012153632756024
12,90,1.0000000000000004,0.02569631869850016,1.5901290900322622
12,110,0.5,81.94301036779122,-1.9135119147319024
12,110,0.55,133.17451571842014,-2.1244211261724653
12,110,0.6000000000000001,30.803669125563662,-1.4886024498147163
12,110,0.6500000000000001,17.510102065010642,-1.243288677559273
12,110,0.7000000000000002,2.8069908901127656,-0.448241003165192
12,110,0.7500000000000002,1.4368840078820266,-0.15742171123097604
12,110,0.8000000000000003,0.08991804939858884,1.0461531228672927
12,110,0.8500000000000003,0.01998663051245074,1.6992604161466898
12,110,0.9000000000000004,0.008595546171279736,2.065726522509582
12,110,0.9500000000000004,0.040939072372858605,1.3878620021208243
12,110,1.0000000000000004,0.5444803768715937,0.264017767643658
12,130,0.5,81.9764850513832,-1.9136892929080904
12,130,0.55,133.63053986290117,-2.1259057229466154
12,130,0.6000000000000001,30.98070627340851,-1.4910913142349271
12,130,0.6500000000000001,17.516814031603253,-1.243455119279779
12,130,0.7000000000000002,2.8124796739895643,-0.4490893924505941
12,130,0.7500000000000002,1.4216360973499347,-0.15278844228800004
12,130,0.8000000000000003,0.05527605250919934,1.257462979285918
12,130,0.8500000000000003,0.01848533675555754,1.7331726332841002
12,130,0.9000000000000004,0.02541041883486053,1.5949881765013953
12,130,0.9500000000000004,0.14057895727049477,0.8520796823407033
12,130,1.0000000000000004,3.8934701210208944,-0.5903368462145115
12,150,0.5,82.57351475274905,-1.9168407707923174
12,150,0.55,133.2622025659725,-2.1247069870376465
12,150,0.6000000000000001,30.929488126791046,-1.4903727326268583
12,150,0.6500000000000001,17.510946424211397,-1.2433096192818955
12,150,0.7000000000000002,2.805984028119667,-0.4480851946612521
12,150,0.7500000000000002,1.4197043038844732,-0.15219789891549002
12,150,0.8000000000000003,0.05429277633382605,1.265257949546543
12,150,0.8500000000000003,0.06387147738747186,1.194693038221128
12,150,0.9000000000000004,0.04566009769582823,1.3404631636142086
12,150,0.9500000000000004,0.33994015030560293,0.46859753789889136
12,150,1.0000000000000004,2.857341625221544,-0.4559621679567324
12,170,0.5,82.8388454410615,-1.918234037323416
12,170,0.55,132.89278718311684,-2.1235014100504945
12,170,0.6000000000000001,30.92650014774367,-1.4903307750783807
12,170,0.6500000000000001,17.509341333302448,-1.2432698090935825
12,170,0.7000000000000002,2.8100789745665655,-0.4487185255052601
12,170,0.7500000000000002,1.420315136009734,-0.1523847152602897
12,170,0.8000000000000003,0.054824089663579594,1.2610285709111126
12,170,0.8500000000000003,0.07902035827378581,1.1022610055837618
12,170,0.9000000000000004,0.05462151221596154,1.2626362804328963
12,170,0.9500000000000004,0.34007418383921506,0.46842633555250324
12,170,1.0000000000000004,1.6103819685252934,-0.20692889910500986
12,190,0.5,83.29925781085917,-1.920641131897972
12,190,0.55,133.33403049158608,-2.1249410073922297
12,190,0.6000000000000001,30.84564674816289,-1.4891938806332863
12,190,0.6500000000000001,17.496733010867338,-1.2429569648116119
12,190,0.7000000000000002,2.8074664596454126,-0.44831457651749207
12,190,0.7500000000000002,1.4195045730032265,-0.15213679596498833
12,190,0.8000000000000003,0.05505978752227831,1.2591654688976488
12,190,0.8500000000000003,0.10533765710533517,0.9774163453438321
12,190,0.9000000000000004,0.04953730890399153,1.3050675899966804
12,190,0.9500000000000004,0.32920976669660723,0.48252728901406905
12,190,1.0000000000000004,3.6633896347698514,-0.5638831122848953
12,210,0.5,81.30674905938679,-1.9101265967330074
12,210,0.55,133.50124892265325,-2.1254853286045603
12,210,0.6000000000000001,30.91202921252299,-1.4901275151530864
12,210,0.6500000000000001,17.506999715769282,-1.243211724693875
12,210,0.7000000000000002,2.804406041415064,-0.447840894023363
12,210,0.7500000000000002,1.41942606191874,-0.1521127749971281
12,210,0.8000000000000003,0.0547805566508383,1.2613735589904338
12,210,0.8500000000000003,0.10525690201722714,0.9777494165401258
12,210,0.9000000000000004,0.0483524136074155,1.3155818423623717
12,210,0.9500000000000004,0.37907744200683746,0.42127205863196676
12,210,1.0000000000000004,4.313222633506656,-0.6348018754907285
12,230,0.5,82.45477490812326,-1.9162158104499678
12,230,0.55,133.21578137387905,-2.1245556764680047
12,230,0.6000000000000001,30.991663557553082,-1.4912448887425085
12,230,0.6500000000000001,17.502552244905253,-1.2431013826896566
12,230,0.7000000000000002,2.8106789779319574,-0.4488112454387299
12,230,0.7500000000000002,1.4199694324967762,-0.15227899548104065
12,230,0.8000000000000003,0.0548683116739196,1.2606784030621894
12,230,0.8500000000000003,0.10540978664027437,0.9771190657216196
12,230,0.9000000000000004,0.04613666100626597,1.3359538393560166
12,230,0.9500000000000004,0.3985592595415058,0.3995070966555636
12,230,1.0000000000000004,3.820455374384145,-0.582115131182781
12,250,0.5,82.30293885934901,-1.9154153432026781
12,250,0.55,133.6091994045239,-2.1258363616805127
12,250,0.6000000000000001,30.911322945820338,-1.490117592438739
12,250,0.6500000000000001,17.50879004729141,-1.2432561350074378
12,250,0.7000000000000002,2.8090561860509116,-0.44856042593986034
12,250,0.7500000000000002,1.4220620678204876,-0.15291855217692168
12,250,0.8000000000000003,0.05477646939169792,1.2614059635591905
12,250,0.8500000000000003,0.10511845592599144,0.97832102704368
12,250,0.9000000000000004,0.04460119259611437,1.3506535284854602
12,250,0.9500000000000004,0.40702077753629384,0.3903834204085905
12,250,1.0000000000000004,3.7436003057131746,-0.5732894740699424
12,270,0.5,83.48116125365857,-1.9215884816314173
12,270,0.55,133.0863176326229,-2.124133408727169
12,270,0.6000000000000001,30.926033050391737,-1.4903242156767855
12,270,0.6500000000000001,17.505871773174853,-1.2431837430274761
12,270,0.7000000000000002,2.806527690962715,-0.44816933159861916
12,270,0.7500000000000002,1.419494123511926,-0.15213359895301642
12,270,0.8000000000000003,0.05487940817142014,1.2605905807792999
12,270,0.8500000000000003,0.1052174742209652,0.9779121277913148
12,270,0.9000000000000004,0.04191562857942996,1.377624016645168
12,270,0.9500000000000004,0.41664158840709553,0.3802373817376635
12,270,1.0000000000000004,4.005528534242526,-0.6026598298735285
12,290,0.5,82.55908141120395,-1.9167648521578378
12,290,0.55,133.2492955136133,-2.1246649215983537
12,290,0.6000000000000001,30.893811099801578,-1.4898714867255214
12,290,0.6500000000000001,17.49777915588922,-1.2429829308835632
12,290,0.7000000000000002,2.808409942247556,-0.4484605018414895
12,290,0.7500000000000002,1.4217729484969297,-0.15283024682408308
12,290,0.8000000000000003,0.05465586935585691,1.2623631934217039
12,290,0.8500000000000003,0.10509228431178622,0.9784291679281818
12,290,0.9000000000000004,0.041410644482603676,1.382888010428305
12,290,0.9500000000000004,0.4256186433704501,0.3709793568982107
12,290,1.0000000000000004,3.1385249597716465,-0.496725586817538
12,310,0.5,82.94296309942325,-1.9187795462768822
12,310,0.55,133.2790965379045,-2.1247620401106375
12,310,0.6000000000000001,30.896312762073496,-1.4899066528023301
12,310,0.6500000000000001,17.516683539407016,-1.2434518839738753
12,310,0.7000000000000002,2.8043979327406596,-0.44783963830019435
12,310,0.7500000000000002,1.4198509904561711,-0.1522427687363675
12,310,0.8000000000000003,0.05482834757073561,1.2609948427855937
12,310,0.8500000000000003,0.10514641941535667,0.9782055118947235
12,310,0.9000000000000004,0.04158107891463188,1.381104246111043
12,310,0.9500000000000004,0.42678419013360736,0.3697916770285133
12,310,1.0000000000000004,50.703528938561924,-1.705038187049493
12,330,0.5,82.99533202089928,-1.919053666658303
12,330,0.55,132.92590802629135,-2.123609635692711
12,330,0.6000000000000001,30.93636556215214,-1.490469290972413
12,330,0.6500000000000001,17.505797803742897,-1.2431819079526845
12,330,0.7000000000000002,2.7999511298993154,-0.4471504512706916
12,330,0.7500000000000002,1.419986781554356,-0.1522843016191677
12,330,0.8000000000000003,0.05464820151271678,1.2624241262294733
12,330,0.8500000000000003,0.10531787440705968,0.9774979146875069
12,330,0.9000000000000004,0.04173969671674318,1.3794507108700715
12,330,0.9500000000000004,0.42813887311178395,0.36841533836168117
12,330,1.0000000000000004,42.88732348215947,-1.632328943576457
12,350,0.5,82.55253678589206,-1.9167304233915086
12,350,0.55,133.258463177389,-2.1246948003967114
12,350,0.6000000000000001,30.92211877247974,-1.4902692439678507
12,350,0.6500000000000001,17.514904479400425,-1.2434077731591395
12,350,0.7000000000000002,2.8052513363363567,-0.44797177792516163
12,350,0.7500000000000002,1.422201578908482,-0.15296115645223113
12,350,0.8000000000000003,0.0548089424947603,1.2611485772950832
12,350,0.8500000000000003,0.10524660922207509,0.9777918871299525
12,350,0.9000000000000004,0.04147333452677137,1.3822310452157391
12,350,0.9500000000000004,0.4288563511669124,0.3676881538355565
12,350,1.0000000000000004,43.87679252583391,-1.6422348723382947
12,370,0.5,82.07081655758778,-1.9141887544259313
12,370,0.55,133.28419885850374,-2.124778665878098
12,370,0.6000000000000001,30.913429291990784,-1.4901471849396728
12,370,0.6500000000000001,17.508888435961524,-1.2432585754694194
12,370,0.7000000000000002,2.806259331663445,-0.44812780251067785
12,370,0.7500000000000002,1.4187523933236628,-0.15190660715843737
12,370,0.8000000000000003,0.05498024593103478,1.2597933218542736
12,370,0.8500000000000003,0.10545180233735023,0.9769459930845088
12,370,0.9000000000000004,0.04167318891771265,1.3801432651684555
12,370,0.9500000000000004,0.4288459924259302,0.3676986440576757
12,370,1.0000000000000004,29.381633880216683,-1.4680759427623455
12,390,0.5,83.1014423579229,-1.9196085617221454
12,390,0.55,133.45395916263953,-2.1253314624770807
12,390,0.6000000000000001,30.89020729124235,-1.4898208226795873
12,390,0.6500000000000001,17.516517547135667,-1.243447768476276
12,390,0.7000000000000002,2.8100028873518856,-0.4487067661543137
12,390,0.7500000000000002,1.421841445878122,-0.15285116951651365
12,390,0.8000000000000003,0.05476878203776741,1.2614669169159884
12,390,0.8500000000000003,0.10526015950886425,0.9777359761982105
12,390,0.9000000000000004,0.04191683618299538,1.3776115046531539
12,390,0.9500000000000004,0.4288403788477244,0.3677043289936155
12,390,1.0000000000000004,30.038222042164804,-1.4776742232679374
12,410,0.5,83.52180610691279,-1.9217998771067621
12,410,0.55,133.28159531385276,-2.124770182380965
12,410,0.6000000000000001,30.954167326463203,-1.4907191258941954
12,410,0.6500000000000001,17.515357228287925,-1.243418999243899
12,410,0.7000000000000002,2.809014509017506,-0.4485539824091136
12,410,0.7500000000000002,1.4216437669428967,-0.15279078525954054
12,410,0.8000000000000003,0.054709880369474675,1.2619342348648963
12,410,0.8500000000000003,0.10522813988079774,0.9778681065629811
12,410,0.9000000000000004,0.041541054835668105,1.3815224797919252
12,410,0.9500000000000004,0.42883600160954316,0.36770876192526997
12,410,1.0000000000000004,19.95357000184484,-1.3000206089648825
12,430,0.5,82.00571027041596,-1.9138440944884427
12,430,0.55,133.44136140126668,-2.125290464094336
12,430,0.6000000000000001,30.927813454649833,-1.4903492171856247
12,430,0.6500000000000001,17.508368029357747,-1.2432456669929026
12,430,0.7000000000000002,2.8065614871728632,-0.4481745613418535
12,430,0.7500000000000002,1.4190286618433263,-0.15199116751856387
12,430,0.8000000000000003,0.054669458929454885,1.262255224354554
12,430,0.8500000000000003,0.10510107975796473,0.9783928222161243
12,430,0.9000000000000004,0.04205905219805837,1.3761405183779702
12,430,0.9500000000000004,0.4288239947503378,0.3677209217851687
12,430,1.0000000000000004,21.71407031556082,-1.3367412398476786
12,450,0.5,81.66749444960465,-1.9120492316825053
12,450,0.55,133.22372431179943,-2.124581570331612
12,450,0.6000000000000001,30.940210338027796,-1.4905232617982
12,450,0.6500000000000001,17.51465950078007,-1.2434016986979748
12,450,0.7000000000000002,2.804857726244267,-0.4479108369739646
12,450,0.7500000000000002,1.4219160895607306,-0.1528739684640817
12,450,0.8000000000000003,0.054900542671780926,1.2604233626866088
12,450,0.8500000000000003,0.10535738500941197,0.97733501718519
12,450,0.9000000000000004,0.041591387661469956,1.3809965895252918
12,450,0.9500000000000004,0.42881085011905085,0.3677342343059207
12,450,1.0000000000000004,14.58427530168497,-1.1638848537320934
12,470,0.5,82.2374894339389,-1.9150698436060951
12,470,0.55,133.34733323884694,-2.1249843348272894
12,470,0.6000000000000001,30.94262066438371,-1.4905570931992376
12,470,0.6500000000000001,17.513594912116893,-1.243375300295325
12,470,0.7000000000000002,2.812178771416516,-0.4490429255127495
12,470,0.7500000000000002,1.420021290669423,-0.15229485589779546
12,470,0.8000000000000003,0.05484599931108404,1.2608550461291566
12,470,0.8500000000000003,0.1051704742938601,0.9781061675115101
12,470,0.9000000000000004,0.04194486193373905,1.3773212307945122
12,470,0.9500000000000004,0.4288236092217665,0.367721312232085
12,470,1.0000000000000004,13.12207978215591,-1.1180026739368067
12,490,0.5,81.27967017376469,-1.9099819326120313
12,490,0.55,133.0304499925786,-2.1239510601411618
12,490,0.6000000000000001,30.941909192146586,-1.4905471072312633
12,490,0.6500000000000001,17.511690487676365,-1.243328072641526
12,490,0.7000000000000002,2.8057900241341494,-0.4480551667735907
12,490,0.7500000000000002,1.4220823232394448,-0.15292473809118792
12,490,0.8000000000000003,0.05487027307906364,1.2606628783963145
12,490,0.8500000000000003,0.10521957258703692,0.9779034666851092
12,490,0.9000000000000004,0.0415356972449937,1.3815784947903729
12,490,0.9500000000000004,0.4288095590351729,0.36773554190214364
12,490,1.0000000000000004,6.530556755120308,-0.8149502081310038
