12.001200120012001,29.475660633029477
12.011201120112013,32.14948153033453
12.021202120212022,34.832202925188135
12.031203120312032,37.40576187433339
12.041204120412042,39.763863416205375
12.051205120512051,41.794548588603774
12.061206120612061,43.38591294431838
12.071207120712073,44.45633450123354
12.081208120812082,44.97393042454555
12.091209120912092,44.95088430460514
12.101210121012102,44.43418355236111
12.111211121112111,43.50514436912684
12.121212121212121,42.27262289053212
12.131213121312133,40.851187915845124
12.141214121412142,39.339853432253335
12.151215121512152,37.81592773447556
12.161216121612162,36.338285215965854
12.171217121712171,34.948521412068274
12.181218121812181,33.669556349701026
12.191219121912193,32.50757471511355
12.201220122012202,31.45843205355994
12.211221122112212,30.51451542245437
12.221222122212222,29.66803490027206
12.231223122312231,28.910040749175074
12.241224122412241,28.22899538404373
12.251225122512253,27.613087558987516
12.261226122612262,27.054018105970446
12.271227122712272,26.546807158688292
12.281228122812282,26.086660573321964
12.291229122912291,25.668152367293473
12.301230123012301,25.286774136636595
12.311231123112313,24.939600295211648
12.321232123212322,24.62511211621396
12.331233123312332,24.343042603418873
12.341234123412342,24.093239519047838
12.351235123512351,23.87445991172498
12.361236123612361,23.685438771536006
12.371237123712373,23.52679349482616
12.381238123812382,23.400421815542042
12.391239123912392,23.3072878027254
12.401240124012402,23.247135498743127
12.411241124112411,23.22020298947265
12.421242124212421,23.227985217264123
12.431243124312433,23.27214061315427
12.441244124412442,23.35345553952012
12.451245124512452,23.472163751775675
12.461246124612462,23.628726969473664
12.471247124712471,23.82379897314901
12.481248124812481,24.05754191256614
12.491249124912493,24.32933259054914
12.501250125012502,24.63809592497975
12.511251125112512,24.98250363400657
12.521252125212522,25.360595916309688
12.531253125312531,25.769354104790786
12.541254125412541,26.204812519476604
12.551255125512553,26.662435800367298
12.561256125612562,27.137100000201006
12.571257125712572,27.622690484925187
12.581258125812582,28.111984699351556
12.591259125912591,28.597096192310797
12.601260126012601,29.0699696752502
12.611261126112613,29.522480488417628
12.621262126212622,29.946399249704456
12.631263126312632,30.333649813670135
12.641264126412642,30.676783733811583
12.651265126512651,30.969333944266587
12.661266126612661,31.205976365852322
12.671267126712673,31.38266296742569
12.681268126812682,31.496813356320036
12.691269126912692,31.547463447529097
12.701270127012702,31.535192228627636
12.711271127112711,31.461834766878557
12.721272127212721,31.330284112846456
12.731273127312733,31.144549729142234
12.741274127412742,30.909715207168478
12.751275127512752,30.63143256647965
12.761276127612762,30.315295701211507
12.771277127712771,29.966696563062442
12.781278127812781,29.591060438114557
12.791279127912793,29.193837896404066
12.801280128012802,28.78013003367222
12.811281128112812,28.354440386687656
12.821282128212822,27.920789001372686
12.831283128312831,27.48284900088115
12.841284128412841,27.043866316691403
12.851285128512853,26.606621713791117
12.861286128612862,26.17362651685687
12.871287128712872,25.747241007095923
12.881288128812882,25.329491689554427
12.891289128912891,24.921983037988465
12.901290129012901,24.526230412320405
12.911291129112913,24.143958391351738
12.921292129212922,23.776880360075296
12.931293129312932,23.42637609978625
12.941294129412942,23.093663669911077
12.951295129512951,22.780165525139765
12.961296129612961,22.487463254846514
12.971297129712973,22.21702887038787
12.981298129812982,21.97029816661642
12.991299129912992,21.74900127332541
13.001300130013002,21.55521793292336
13.011301130113011,21.391068145210767
13.021302130213021,21.258479591942205
13.031303130313033,21.159353526949598
13.041304130413042,21.095926474831323
13.051305130513052,21.07085612065206
13.061306130613062,21.086893482721152
13.071307130713071,21.146549824187684
13.081308130813081,21.252170404577896
13.091309130913093,21.406237850887187
13.101310131013102,21.61138665744272
13.111311131113112,21.87002547631571
13.121312131213122,22.18402937206754
13.131313131313131,22.554797572176987
13.141314131413141,22.983274514453576
13.151315131513153,23.469491151537795
13.161316131613162,24.01204901234283
13.171317131713172,24.608220316083376
13.181318131813182,25.25426209063586
13.191319131913191,25.945021159042525
13.201320132013201,26.67313707292381
13.211321132113213,27.42898447584196
13.221322132213222,28.201282460869574
13.231323132313232,28.977262265402803
13.241324132413242,29.742380198970228
13.251325132513252,30.480698300080704
13.261326132613261,31.176095305888097
13.271327132713273,31.813187243902295
13.281328132813282,32.377478979564444
13.291329132913292,32.855629316772266
13.301330133013302,33.236527448402384
13.311331133113312,33.51254579007364
13.321332133213321,33.679951766643434
13.331333133313333,33.73847958971375
13.341334133413342,33.69085709163412
13.351335133513352,33.542638376547536
13.361336133613362,33.30197412299426
13.371337133713372,32.97899612941156
13.381338133813381,32.584932585143605
13.391339133913393,32.131281786743074
13.401340134013402,31.62930641833704
13.411341134113412,31.08975498112537
13.421342134213422,30.522437318237273
13.431343134313432,29.9357422165806
13.441344134413441,29.33668462523064
13.451345134513453,28.731385981805595
13.461346134613462,28.125129999840574
13.471347134713472,27.52197881985147
13.481348134813482,26.92488850774238
13.491349134913492,26.33634686790739
13.501350135013501,25.758524281200383
13.511351135113513,25.192885669099642
13.521352135213522,24.640288116805465
13.531353135313532,24.101648668118216
13.541354135413542,23.578115057705332
13.551355135513552,23.070518384782
13.561356135613561,22.579183701365302
13.571357135713573,22.10454283408532
13.581358135813582,21.647535317896015
13.591359135913592,21.209123268457763
13.601360136013602,20.789811278799004
13.611361136113612,20.390043067136162
13.621362136213621,20.010821191919764
13.631363136313633,19.65363162845052
13.641364136413642,19.31997320486604
13.651365136513652,19.011168947893978
13.661366136613662,18.728501218900785
13.671367136713672,18.473542717237123
13.681368136813681,18.248533310145554
13.691369136913693,18.056317880670427
13.701370137013702,17.89980943712377
13.711371137113712,17.78178237931099
13.721372137213722,17.705287328657125
13.731373137313732,17.674009668368143
13.741374137413741,17.69231056642068
13.751375137513753,17.76524841637842
13.761376137613762,17.898298101076126
13.771377137713772,18.096585970028045
13.781378137813782,18.364742470594887
13.791379137913792,18.708056484038508
13.801380138013801,19.13322099876578
13.811381138113813,19.646869129009012
13.821382138213822,20.25348336645412
13.831383138313832,20.955623627115163
13.841384138413842,21.75564607469334
13.851385138513852,22.655243013440792
13.861386138613861,23.65264264121476
13.871387138713873,24.741262284208016
13.881388138813882,25.9108209383565
13.891389138913892,27.14763926836345
13.901390139013902,28.43291827680377
13.911391139113912,29.741740906237144
13.921392139213921,31.044187786804024
13.931393139313933,32.30695804652155
13.941394139413942,33.49470952737104
13.951395139513952,34.571932788626654
13.961396139613962,35.50532777202993
13.971397139713972,36.266020841982915
13.981398139813981,36.831769263878186
13.991399139913993,37.189207725516425
14.001400140014002,37.33528878410175
14.011401140114012,37.27727587657862
14.021402140214022,37.03133440710811
14.031403140314032,36.61987721843353
14.041404140414041,36.068492500390114
14.051405140514053,35.40421115997478
14.061406140614062,34.65523028701991
14.071407140714072,33.8492695727239
14.081408140814082,33.00947481098292
14.091409140914092,32.15211532985549
14.101410141014101,31.289403914312928
14.111411141114113,30.433111328593057
14.121412141214122,29.59336212947542
14.131413141314132,28.775195882877835
14.141414141414142,27.979083639090547
14.151415141514152,27.204935506796087
14.161416141614161,26.45420274801973
14.171417141714173,25.728356830974757
14.181418141814182,25.026847359667617
14.191419141914192,24.347358145088883
14.201420142014202,23.687922491576632
14.211421142114212,23.048219053504315
14.221422142214221,22.428416865481235
14.231423142314233,21.82734487718298
14.241424142414242,21.24288245826879
14.251425142514252,20.674083636121175
14.261426142614262,20.1215889097267
14.271427142714272,19.58548584610858
14.281428142814281,19.064139318234126
14.291429142914293,18.55600473060033
14.301430143014302,18.061278550047287
14.311431143114312,17.580664484223256
14.321432143214322,17.113641027380613
14.331433143314332,16.65898794833551
14.341434143414341,16.216131603548835
14.351435143514353,15.785130848495617
14.361436143614362,15.365942008444396
14.371437143714372,14.958288066229695
14.381438143814382,14.561900375920953
14.391439143914392,14.176495963838823
14.401440144014401,13.801664463629999
14.411441144114413,13.43700820405561
14.421442144214422,13.082351680156336
14.431443144314432,12.737701567548626
14.441444144414442,12.403029885206752
14.451445144514452,12.078177341423205
14.461446144614461,11.762950659814761
14.471447144714473,11.457225927098834
14.481448144814483,11.160927624628794
14.491449144914492,10.873971768017803
14.501450145014502,10.596303835575343
14.511451145114512,10.328005657002443
14.521452145214521,10.069336792553358
14.531453145314533,9.820657504110399
14.541454145414543,9.582321651200733
14.551455145514552,9.354657489757452
14.561456145614562,9.138059471255433
14.571457145714572,8.933117072075564
14.581458145814581,8.74069329897322
14.591459145914593,8.561926901387825
14.601460146014603,8.398205804034589
14.611461146114612,8.251181964046083
14.621462146214622,8.122851372910535
14.631463146314632,8.01565377191205
14.641464146414641,7.932539560482397
14.651465146514653,7.877024341255652
14.661466146614663,7.853313403004474
14.671467146714672,7.866529501012074
14.681468146814682,7.922958696695559
14.691469146914692,8.03019822611678
14.701470147014701,8.197206485243818
14.711471147114713,8.43438881139507
14.721472147214723,8.75383057874759
14.731473147314732,9.169625917124721
14.741474147414742,9.698137303014096
14.751475147514752,10.358064727190317
14.761476147614761,11.170304641073098
14.771477147714773,12.157586601923164
14.781478147814783,13.343797584441335
14.791479147914792,14.752858063183822
14.801480148014802,16.40702232722502
14.811481148114812,18.324463160160757
14.821482148214821,20.515955728250763
14.831483148314833,22.98054508984711
14.841484148414843,25.700376068136556
14.851485148514852,28.635300831576856
14.861486148614862,31.718283216211695
14.871487148714872,34.85293901871513
14.881488148814881,37.91482669170357
14.891489148914893,40.758162462230096
14.901490149014903,43.22902127305353
14.911491149114912,45.1844077371171
14.921492149214922,46.51410913778876
14.931493149314932,47.160061068334684
14.941494149414941,47.127443391806025
14.951495149514953,46.483625905921365
14.961496149614963,45.344874084633986
14.971497149714972,43.854733597319836
14.981498149814982,42.16038120029634
14.991499149914992,40.392974295906825
15.001500150015001,38.655627338005836
15.011501150115013,37.0195369385983
15.021502150215023,35.52642158395327
15.031503150315032,34.1944767249543
15.041504150415042,33.0252981386561
15.051505150515052,32.010112673921924
15.061506150615061,31.134616273784
15.071507150715073,30.38237483116783
15.081508150815083,29.73699695772367
15.091509150915092,29.183310552630978
15.101510151015102,28.707815370868868
15.111511151115112,28.298769223233563
15.121512151215121,27.946209889448212
15.131513151315133,27.6419606836043
15.141514151415143,27.379474118395684
15.151515151515152,27.15346561703789
15.161516151615162,26.959535643102967
15.171517151715172,26.794000103714346
15.181518151815181,26.65389462850433
15.191519151915193,26.536928020336788
15.201520152015203,26.441283831939415
15.211521152115212,26.365408840908913
15.221522152215222,26.30794546735352
15.231523152315232,26.26776690143024
15.241524152415241,26.2439656676213
15.251525152515253,26.235751631727908
15.261526152615263,26.242349338519503
15.271527152715272,26.26295821463267
15.281528152815282,26.296746674983126
15.291529152915292,26.342853123985847
15.301530153015301,26.400413221556718
15.311531153115313,26.468594232233784
15.321532153215323,26.546554644497263
15.331533153315332,26.63331876841672
15.341534153415342,26.727708479287898
15.351535153515352,26.828441665350187
15.361536153615361,26.934279883514918
15.371537153715373,27.044012819944477
15.381538153815383,27.15630080763764
15.391539153915392,27.269626651334875
15.401540154015402,27.382466414787263
15.411541154115412,27.493442757523248
15.421542154215423,27.601229099252883
15.431543154315433,27.704351880760367
15.441544154415443,27.80122570262811
15.451545154515452,27.89042606542576
15.461546154615462,27.97084183483748
15.471547154715472,28.041516120378617
15.481548154815483,28.101440633734345
15.491549154915493,28.149618484091782
15.501550155015503,28.185291964105346
15.511551155115512,28.207999641816713
15.521552155215522,28.217423082618843
15.531553155315532,28.213316042298516
15.541554155415543,28.19564562042727
15.551555155515553,28.164700684855134
15.561556155615563,28.120960344575565
15.571557155715572,28.064907713462468
15.581558155815582,27.997070203320135
15.591559155915592,27.91819970714608
15.601560156015603,27.829265528130517
15.611561156115613,27.731235162792736
15.621562156215623,27.624982937315394
15.631563156315632,27.51148396644008
15.641564156415642,27.39198868738762
15.651565156515652,27.267879291046928
15.661566156615663,27.140393148436722
15.671567156715673,27.010599694080664
15.681568156815683,26.879615479510672
15.691569156915692,26.748688743738057
15.701570157015702,26.61904239229507
15.711571157115712,26.491764538892877
15.721572157215723,26.367926984066912
15.731573157315733,26.24869655570086
15.741574157415743,26.135211072397762
15.751575157515752,26.02840456344974
15.761576157615762,25.929080715884233
15.771577157715772,25.838146181123506
15.781578157815783,25.75664725842168
15.791579157915793,25.685553715221875
15.801580158015803,25.62559877092752
15.811581158115812,25.577376893920004
15.821582158215822,25.54150944382404
15.831583158315832,25.518639579641505
15.841584158415843,25.509307330041665
15.851585158515853,25.513902741107596
15.861586158615863,25.532714263980402
15.871587158715872,25.565949675138977
15.881588158815882,25.613703635563322
15.891589158915892,25.675951255518104
15.901590159015903,25.752558063870982
15.911591159115913,25.843225323202745
15.921592159215923,25.947415281361355
15.931593159315932,26.064393956375373
15.941594159415942,26.193353549129913
15.951595159515952,26.3333949080312
15.961596159615963,26.483341088584144
15.971597159715973,26.6416563389306
15.981598159815983,26.806639968784307
15.991599159915992,26.976637882349667
16.001600160016004,27.149957860557507
16.01160116011601,27.324625705703355
16.021602160216023,27.498377838571372
16.03160316031603,27.66892922316484
16.041604160416043,27.83414799245155
16.051605160516054,27.991948108525243
16.061606160616062,28.14015716379545
16.071607160716074,28.276610164268476
16.08160816081608,28.39934159087916
16.091609160916093,28.506637944435916
16.1016101610161,28.596995416803143
16.111611161116112,28.669157533607834
16.121612161216124,28.72219189883313
16.13161316131613,28.755447200385184
16.141614161416143,28.7684406266672
16.15161516151615,28.76088374250261
16.161616161616163,28.732849788564188
16.171617161716174,28.68484887251498
16.181618161816182,28.617708470206793
16.191619161916194,28.532431372857513
16.2016201620162,28.430181301736816
16.211621162116213,28.31229596900795
16.22162216221622,28.180200907949597
16.231623162316232,28.035319676784617
16.241624162416244,27.879135100209897
16.251625162516252,27.71331737779352
16.261626162616263,27.53971037406457
16.27162716271627,27.3601708349387
16.281628162816283,27.176450263788116
16.291629162916294,26.990189982228816
16.301630163016302,26.802931619625923
16.311631163116314,26.61612628232152
16.32163216321632,26.431227198190896
16.331633163316333,26.249803143507865
16.34163416341634,26.073482612105355
16.351635163516352,25.903758179855622
16.361636163616364,25.741921409515076
16.371637163716372,25.589199958682553
16.381638163816383,25.44683889677125
16.39163916391639,25.31599561325423
16.401640164016403,25.197689951495917
16.411641164116414,25.09298268509313
16.421642164216422,25.003125846786457
16.431643164316434,24.92939495603854
16.44164416441644,24.872782495590293
16.451645164516453,24.833951004205492
16.46164616461646,24.813471696602168
16.471647164716472,24.812014583871655
16.481648164816484,24.830305655004736
16.491649164916492,24.868986452508246
16.501650165016503,24.92852305459845
16.51165116511651,25.009148630896338
16.521652165216523,25.110814165431506
16.531653165316534,25.233204400652905
16.541654165416542,25.375822700621725
16.551655165516554,25.538042114169286
16.56165616561656,25.719053607901902
16.571657165716573,25.917754965261274
16.58165816581658,26.132652779753975
16.591659165916592,26.361814131631483
16.601660166016604,26.60291297216191
16.611661166116612,26.853370929297395
16.621662166216623,27.110461944498052
16.63166316631663,27.371245006402077
16.641664166416643,27.63243376940717
16.651665166516654,27.890460312933413
16.661666166616662,28.141724367855375
16.671667166716674,28.38271737364021
16.68166816681668,28.609921717755746
16.691669166916693,28.81979437495078
16.7016701670167,29.009019613719552
16.711671167116712,29.174726377595146
16.721672167216724,29.31441196122687
16.731673167316732,29.42585849053762
16.741674167416743,29.50735907634622
16.75167516751675,29.557966146786487
16.761676167616763,29.577338451738346
16.771677167716774,29.565421411654455
16.781678167816782,29.522490169092762
16.791679167916794,29.44945281204926
16.8016801680168,29.347859648761442
16.811681168116813,29.219570951789006
16.82168216821682,29.0665742875487
16.831683168316832,28.891099594167407
16.841684168416844,28.695652958211234
16.851685168516852,28.482805700304457
16.861686168616863,28.255031518381603
16.87168716871687,28.01476596333162
16.881688168816883,27.76449204052068
16.891689168916894,27.506715824395826
16.901690169016902,27.24392145205621
16.911691169116914,26.978518248763063
16.92169216921692,26.712696119686818
16.931693169316933,26.44832658386706
16.94169416941694,26.187131695147485
16.951695169516952,25.93096179219438
16.961696169616964,25.68177467796596
16.971697169716972,25.441328038182156
16.981698169816983,25.21106021595922
16.99169916991699,24.992360006136952
17.001700170017003,24.786825725177504
17.011701170117014,24.596151191398757
17.021702170217022,24.42184511299515
17.031703170317034,24.265181143561488
17.04170417041704,24.127369368537877
17.051705170517053,24.009680485402765
17.06170617061706,23.913451988118194
17.071707170717072,23.84007728701818
17.081708170817084,23.790966064594116
17.091709170917092,23.767434454513452
17.101710171017103,23.77063397550097
17.11171117111711,23.801582063891
17.121712171217123,23.861162976962877
17.131713171317134,23.950057326249166
17.141714171417142,24.068777004642435
17.151715171517154,24.217807810852648
17.16171617161716,24.397557066204854
17.171717171717173,24.608017627916475
17.18171817181718,24.848507706110237
17.191719171917192,25.117734156959617
17.201720172017204,25.41397227348086
17.211721172117212,25.73512696250555
17.221722172217223,26.078703177923625
17.23172317231723,26.44170873894061
17.241724172417243,26.820454427253342
17.251725172517254,27.210440933078555
17.261726172617262,27.606535554654478
17.271727172717274,28.003218011761618
17.28172817281728,28.394600906410833
17.291729172917293,28.774436351032335
17.3017301730173,29.136419360542973
17.311731173117312,29.47453434349
17.321732173217324,29.783083936071602
17.331733173317332,30.05665168105131
17.341734173417343,30.290381841744207
17.35173517351735,30.480335635013763
17.361736173617363,30.62353658822088
17.371737173717374,30.71789131791566
17.381738173817382,30.76231857349911
17.391739173917394,30.756916392505445
17.4017401740174,30.70287066142539
17.411741174117413,30.60221772585848
17.42174217421742,30.457675907728493
17.431743174317432,30.27251465122187
17.441744174417444,30.05043520233439
17.451745174517452,29.795528233208817
17.461746174617463,29.51216949523594
17.47174717471747,29.20469637275359
17.481748174817483,28.877132249200976
17.491749174917494,28.533299156500227
17.501750175017502,28.177050833741465
17.511751175117514,27.812131268018838
17.52175217521752,27.441814305531235
17.531753175317533,27.06887125828953
17.54175417541754,26.695871838813083
17.551755175517552,26.325340331822364
17.561756175617564,25.959647123133504
17.571757175717572,25.60093269642441
17.581758175817583,25.251145002796566
17.59175917591759,24.912007136467626
17.601760176017603,24.584995391830116
17.611761176117614,24.271563723203247
17.621762176217622,23.973427435051192
17.631763176317634,23.69245924153848
17.64176417641764,23.43029378272167
17.651765176517653,23.188241128081234
17.66176617661766,22.967639314139838
17.671767176717672,22.770104768816164
17.681768176817684,22.597401675506283
17.691769176917692,22.45129357249982
17.701770177017703,22.33361543337009
17.71177117711771,22.24631605755217
17.721772177217723,22.191346366247423
17.731773177317734,22.170593202570103
17.741774177417742,22.185885461923004
17.751775177517754,22.238967795519923
17.76177617761776,22.331589664905906
17.771777177717773,22.46571354353522
17.78177817781778,22.643343243879436
17.791779177917793,22.865872009402548
17.801780178017804,23.13380655816208
17.811781178117812,23.447313044220262
17.821782178217823,23.806606798886328
17.83178317831783,24.21134707917591
17.841784178417843,24.659870845433304
17.851785178517854,25.149315353928788
17.861786178617862,25.676080373758566
17.871787178717874,26.23554224434737
17.88178817881788,26.821415988234044
17.891789178917893,27.425878545046306
17.9017901790179,28.040321495119443
17.911791179117913,28.65559256049916
17.921792179217924,29.261451649699573
17.931793179317932,29.846263809411322
17.941794179417943,30.397769332433636
17.95179517951795,30.904462704386358
17.961796179617963,31.356392990626404
17.971797179717974,31.744935580436085
17.981798179817982,32.062316508653495
17.991799179917994,32.30193558314922
18.001800180018,32.4594494104003
18.011801180118013,32.53355030371827
18.02180218021802,32.525658213227956
18.031803180318033,32.43896957049095
18.041804180418044,32.277936452685154
18.051805180518052,32.04845088168404
18.061806180618063,31.757872515157313
18.07180718071807,31.414221301454386
18.081808180818083,31.025195098092976
18.091809180918094,30.598085270954662
18.101810181018102,30.140356163941554
18.111811181118114,29.659639833714458
18.12181218121812,29.16279500719883
18.131813181318133,28.655124981384965
18.14181418141814,28.140666168624797
18.151815181518153,27.623129728298338
18.161816181618164,27.106379967308715
18.171817181718172,26.593976277220232
18.181818181818183,26.088445372157082
18.19181918191819,25.591320226384
18.201820182018203,25.104003696569617
18.211821182118214,24.628365927639518
18.221822182218222,24.166315248854247
18.231823182318234,23.719081479198888
18.24182418241824,23.287304116789493
18.251825182518253,22.871798799902873
18.26182618261826,22.473977021430294
18.271827182718273,22.095507377146493
18.281828182818284,21.737760073130566
18.291829182918292,21.4016749959055
18.301830183018303,21.088151908611064
18.31183118311831,20.79853545172083
18.321832183218323,20.534768775327365
18.331833183318334,20.299139896714095
18.341834183418342,20.093903720186475
18.351835183518354,19.92110811935885
18.36183618361836,19.782788438610652
18.371837183718373,19.681379406599792
18.38183818381838,19.619908161059033
18.391839183918393,19.601739204286808
18.401840184018404,19.630275774799493
18.411841184118412,19.709018540830616
18.421842184218423,19.841698111905806
18.43184318431843,20.032098749524465
18.441844184418443,20.2838554383015
18.451845184518454,20.600523169653236
18.461846184618462,20.985549750374496
18.471847184718474,21.44187030290024
18.48184818481848,21.97152211065817
18.491849184918493,22.57554322076048
18.5018501850185,23.25376906767294
18.511851185118513,24.004252772364033
18.521852185218524,24.82270759135149
18.531853185318532,25.70229884190828
18.541854185418543,26.633561328438258
18.55185518551855,27.604111930776796
18.561856185618563,28.59833101856173
18.571857185718574,29.59751946939513
18.581858185818582,30.58063094296068
18.591859185918594,31.525152447585697
18.6018601860186,32.40780444107316
18.611861186118613,33.205407272042955
18.62186218621862,33.89631113852883
18.631863186318633,34.46216087546261
18.641864186418644,34.88936697634701
18.651865186518652,35.16989071389603
18.661866186618663,35.301286157719105
18.67186718671867,35.28635427794315
18.681868186818683,35.132857114583274
18.691869186918694,34.853089367203445
18.701870187018702,34.46269876744985
18.711871187118714,33.978930375261974
18.72187218721872,33.41927155703301
18.731873187318733,32.80075738869167
18.74187418741874,32.139228492438704
18.751875187518753,31.44847335095435
18.761876187618764,30.739971211972723
18.771877187718772,30.02320953285556
18.781878187818783,29.30582905869146
18.79187918791879,28.59349116902126
18.801880188018803,27.89012001276054
18.811881188118814,27.198625892526533
18.821882188218822,26.521342863083085
18.831883188318834,25.859823289177527
18.84188418841884,25.21464229998156
18.851885188518853,24.585876368575402
18.86188618861886,23.97372485895166
18.871887188718873,23.378460505705938
18.881888188818884,22.800007596461576
18.891889188918892,22.238047277105895
18.901890189018903,21.692466754693207
18.91189118911891,21.163390642905707
18.921892189218923,20.65089422902102
18.931893189318934,20.154967907292377
18.941894189418942,19.675642284850777
18.951895189518954,19.212986921323594
18.96189618961896,18.767162287870075
18.971897189718973,18.338553710668815
18.98189818981898,17.92770554768721
18.991899189918993,17.535179071359792
19.001900190019004,17.16162721144075
19.011901190119012,16.807875047880337
19.021902190219024,16.474858410115964
19.03190319031903,16.16369393637737
19.041904190419043,15.87589982687312
19.051905190519054,15.613361298900085
19.061906190619062,15.378083880241762
19.071907190719074,15.172243869170314
19.08190819081908,14.99860029270721
19.091909190919093,14.860634533013675
19.1019101910191,14.76217227264309
19.111911191119113,14.7071750319373
19.121912191219124,14.70030911561753
19.131913191319132,14.747540229391106
19.141914191419144,14.855710767430827
19.15191519151915,15.03177706536839
19.161916191619163,15.283068651046701
19.171917191719174,15.618102122737506
19.181918191819182,16.04646707344069
19.191919191919194,16.578057854879546
19.2019201920192,17.222736899059853
19.211921192119213,17.990152119586845
19.22192219221922,18.88894839023253
19.231923192319233,19.92588010221023
19.241924192419244,21.10530003105333
19.251925192519252,22.428271371838385
19.261926192619264,23.890714411774237
19.27192719271927,25.48129523479384
19.281928192819283,27.180041733316763
19.291929192919294,28.95782100491168
19.301930193019302,30.77618228938735
19.311931193119314,32.587471298061146
19.32193219321932,34.33595213216639
19.331933193319333,35.96074871465199
19.34193419341934,37.40059996297704
19.351935193519353,38.59958990045453
19.361936193619364,39.51274564382991
19.371937193719372,40.11057919127248
19.381938193819384,40.38215386312481
19.39193919391939,40.33637215809385
19.401940194019403,40.00055766759555
19.411941194119414,39.41601286534942
19.421942194219422,38.63223925198908
19.431943194319434,37.70154104341843
19.44194419441944,36.6739847341867
19.451945194519453,35.593054167642556
19.46194619461946,34.493783396533345
19.471947194719473,33.4033034051198
19.481948194819484,32.341229993406756
19.491949194919492,31.319319402172226
19.501950195019504,30.342733631451402
19.51195119511951,29.413269865750152
19.521952195219523,28.531528673061782
19.531953195319534,27.696432673425925
19.541954195419542,26.90449905276879
19.551955195519554,26.15125300975843
19.561956195619562,25.4333305194006
19.571957195719573,24.74857491255782
19.58195819581958,24.09468438978827
19.591959195919593,23.468871091914433
19.601960196019604,22.868701901180028
19.611961196119612,22.29258286025256
19.621962196219624,21.73962081367209
19.63196319631963,21.20925557785427
19.641964196419643,20.70070141315488
19.651965196519654,20.212922084726053
19.661966196619662,19.74551957308097
19.671967196719674,19.299004340131876
19.681968196819682,18.873815244705096
19.691969196919693,18.469988166651305
19.7019701970197,18.087962695668857
19.711971197119713,17.728620569206587
19.721972197219724,17.39268866187828
19.731973197319732,17.08130413599372
19.741974197419744,16.796708173362983
19.75197519751975,16.5410693458967
19.761976197619763,16.315359325593572
19.771977197719774,16.12104891039009
19.781978197819782,15.962180986076234
19.791979197919794,15.843799740589652
19.801980198019802,15.769001595349005
19.811981198119813,15.740086384645286
19.82198219821982,15.762264122331747
19.831983198319833,15.843322510981427
19.841984198419844,15.989804895049279
19.851985198519852,16.206661541687343
19.861986198619864,16.50067710804202
19.87198719871987,16.881170346818585
19.881988198819883,17.357087295815287
19.891989198919894,17.93572935269174
19.901990199019902,18.624309045169785
19.911991199119914,19.430644411673143
19.921992199219922,20.361420288448937
19.931993199319933,21.419918505354367
19.94199419941994,22.605200699138013
19.951995199519953,23.912685223179874
19.961996199619964,25.33383583142883
19.971997199719972,26.853465523156487
19.981998199819984,28.44700605350562
19.99199919991999,30.081014770873725
20.002000200020003,31.71594399733351
20.012001200120014,33.30738826549187
20.022002200220022,34.80557245263215
20.032003200320034,36.15745168421374
20.042004200420042,37.313180134972804
20.052005200520053,38.232294297708776
20.06200620062006,38.88595873863806
20.072007200720073,39.258099657548804
20.082008200820084,39.348095783378604
20.092009200920092,39.17194847051318
20.102010201020104,38.759100820629186
20.11201120112011,38.147199414670496
20.122012201220123,37.37788264036505
20.132013201320134,36.493503517947964
20.142014201420142,35.53380372153151
20.152015201520154,34.53305620131853
20.162016201620162,33.51868281372447
20.172017201720173,32.511311713476914
20.18201820182018,31.52549889584668
20.192019201920193,30.570567886580918
20.202020202020204,29.65155887992365
20.212021202120212,28.77038719316703
20.222022202220224,27.927013344305344
20.23202320232023,27.120324796941702
20.242024202420243,26.34859065218921
20.252025202520255,25.609651891678844
20.262026202620262,24.901096891258504
20.272027202720274,24.220486902474075
20.282028202820282,23.565578834298734
20.292029202920293,22.93445791386541
20.3020302030203,22.32557721321977
20.312031203120313,21.737737572712874
20.322032203220324,21.17002896716493
20.332033203320332,20.621726528131315
20.342034203420344,20.09216895811881
20.35203520352035,19.580680528640414
20.362036203620363,19.086588240792462
20.372037203720375,18.609358766808995
20.382038203820382,18.14875861544803
20.392039203920394,17.704894807257748
20.402040204020402,17.27808923916502
20.412041204120413,16.86867053510259
20.42204220422042,16.476856867831195
20.432043204320433,16.102824019533454
20.442044204420444,15.746915410571914
20.452045204520452,15.40983254385967
20.462046204620464,15.092681825417955
20.47204720472047,14.796851986694612
20.482048204820483,14.523860944498853
20.492049204920495,14.275327610222707
20.502050205020502,14.053080685364144
20.512051205120514,13.859361038502371
20.522052205220522,13.696978305818435
20.532053205320533,13.569379130678207
20.542054205420545,13.4806422265172
20.552055205520553,13.435458061581105
20.562056205620564,13.439149487416131
20.572057205720572,13.497775955255076
20.582058205820584,13.618262164411494
20.59205920592059,13.808490927775562
20.602060206020603,14.077339819826204
20.612061206120615,14.434663889270062
20.622062206220622,14.89119884087031
20.632063206320634,15.45838265792252
20.642064206420642,16.148086850165868
20.652065206520653,16.972246453543672
20.662066206620665,17.94225524105118
20.672067206720673,19.0679843853271
20.682068206820684,20.356412625468405
20.692069206920692,21.810069792992266
20.702070207020704,23.425451789041297
20.71207120712071,25.19137164757503
20.722072207220723,27.087119527728984
20.732073207320735,29.080601734621073
20.742074207420742,31.1270895559199
20.752075207520754,33.169385841006005
20.762076207620762,35.139942143356386
20.772077207720773,36.96495396063744
20.782078207820785,38.570143334593574
20.792079207920793,39.88777030039674
20.802080208020804,40.86409124187255
20.812081208120812,41.46599509026433
20.822082208220824,41.68519363735381
20.83208320832083,41.53878660395554
20.842084208420843,41.06604932307533
20.852085208520855,40.32235439041479
20.862086208620862,39.371658120848544
20.872087208720874,38.278967912734046
20.882088208820882,37.1039688051025
20.892089208920893,35.89665954514005
20.902090209020905,34.6954223700556
20.912091209120913,33.52723475115074
20.922092209220924,32.40924497494105
20.932093209320932,31.350793108746906
20.942094209420944,30.355349631312013
20.95209520952095,29.42223820260339
20.962096209620963,28.548236780706652
20.972097209720975,27.72894372607228
20.982098209820983,26.95970275736697
20.992099209920994,26.23596814883974
21.002100210021002,25.553407768363286
21.012101210121013,24.908007905366066
21.022102210221025,24.29634187376353
21.032103210321033,23.71576141093711
21.042104210421044,23.164362550484835
21.052105210521052,22.640723045255484
21.062106210621064,22.143692323674774
21.07210721072107,21.672355602436795
21.082108210821083,21.226168426621733
21.092109210921095,20.805035902190912
21.102110211021103,20.40930443265805
21.112111211121114,20.03963442802889
21.122112211221122,19.69693234861758
21.132113211321133,19.382284419427688
21.142114211421145,19.09691635761145
21.152115211521153,18.842303987715077
21.162116211621164,18.62030509696044
21.172117211721172,18.433250361692686
21.182118211821184,18.28389603460269
21.19211921192119,18.17523761710507
21.202120212021203,18.11048420423813
21.212121212121215,18.09318270307852
21.222122212221223,18.127413229142803
21.232123212321234,18.217741137316658
21.242124212421242,18.369071623066898
21.252125212521253,18.58644406399992
21.262126212621265,18.87499622204767
21.272127212721273,19.23995535367714
21.282128212821284,19.686520793060403
21.292129212921292,20.21948509187614
21.302130213021304,20.842813931962084
21.31213121312131,21.559253124980025
21.322132213221323,22.36998340216256
21.332133213321335,23.274064712913386
21.342134213421343,24.26773649686914
21.352135213521354,25.343663065979758
21.362136213621362,26.490403438882733
21.372137213721373,27.692087012708075
21.382138213821385,28.928301515920396
21.392139213921393,30.174222357753596
21.402140214021404,31.400995545494876
21.412141214121412,32.57674897273097
21.422142214221424,33.66811764487769
21.43214321432143,34.642346800753955
21.442144214421443,35.46972568663131
21.452145214521455,36.12593469957348
21.462146214621463,36.593942432927676
21.472147214721474,36.86514738793991
21.482148214821482,36.93977222701341
21.492149214921493,36.826474770796246
21.502150215021505,36.5412769275857
21.512151215121513,36.10586071738062
21.522152215221524,35.54531921455233
21.532153215321532,34.885829689932876
21.542154215421544,34.152633182191536
21.55215521552155,33.36858325445418
21.562156215621563,32.55332884953512
21.572157215721575,31.722984950048108
21.582158215821583,30.890116588716023
21.592159215921594,30.064056255655277
21.602160216021602,29.251380725258606
21.612161216121613,28.456472127266895
21.622162216221625,27.6820646987154
21.632163216321633,26.929613262766114
21.642164216421644,26.199521738087288
21.652165216521652,25.491428208779123
21.662166216621664,24.804569226794506
21.67216721672167,24.138166309004436
21.682168216821683,23.491558150457816
21.692169216921695,22.864091083070544
21.702170217021703,22.2549503485954
21.712171217121714,21.663225250643585
21.722172217221722,21.088124418873043
21.732173217321733,20.52906446824121
21.742174217421745,19.985570481082007
21.752175217521753,19.457166585121005
21.762176217621764,18.943314619887346
21.772177217721772,18.44355040705917
21.782178217821784,17.957556181373985
21.79217921792179,17.485124554162528
21.802180218021803,17.02612605666408
21.812181218121815,16.58031129744093
21.822182218221823,16.147324565547713
21.832183218321834,15.726760152425474
21.842184218421842,15.318375110243029
21.852185218521853,14.922191394992979
21.862186218621865,14.538376540444965
21.872187218721873,14.166991402882827
21.882188218821884,13.807877755968574
21.892189218921892,13.460847541852528
21.902190219021904,13.125901715143062
21.91219121912191,12.803270097806218
21.922192219221923,12.493354818619547
21.932193219321935,12.19655991557735
21.942194219421943,11.91341304845836
21.952195219521954,11.644586619536017
21.962196219621962,11.390875220955639
21.972197219721973,11.15319694732093
21.982198219821985,10.93267561134019
21.992199219921993,10.730759592568885
22.002200220022004,10.549418964038876
22.012201220122012,10.391104563424387
22.022202220222024,10.25864823646691
22.03220322032203,10.15521910397909
22.042204220422043,10.084463590960565
22.052205220522055,10.05084067312634
22.062206220622063,10.059880993417273
22.072207220722074,10.118272717090749
22.082208220822082,10.23388223478976
22.092209220922093,10.415676302297424
22.102210221022105,10.673850495026294
22.112211221122113,11.020081701933293
22.122212221222124,11.467874887011577
22.132213221322132,12.032600915647343
22.142214221422144,12.731143468847502
22.15221522152215,13.581404317449843
22.162216221622163,14.601835325367679
22.172217221722175,15.81088811786223
22.182218221822183,17.22585327775983
22.192219221922194,18.860780492457042
22.202220222022202,20.72382331072838
22.212221222122214,22.814181532104325
22.222222222222225,25.118702323755688
22.232223222322233,27.608292324919894
22.242224222422244,30.23451661591647
22.252225222522252,32.92750573928705
22.262226222622264,35.59621630788146
22.27222722272227,38.132130589611194
22.282228222822283,40.41713214586106
22.292229222922295,42.335525782830466
22.302230223022303,43.78865803507467
22.312231223122314,44.70926725622401
22.322232223222322,45.072009593304216
22.332233223322334,44.89753592519688
22.342234223422345,44.248633872559026
22.352235223522353,43.21928908962283
22.362236223622364,41.919018335971714
22.372237223722372,40.456742069101956
22.382238223822384,38.92816490952796
22.39223922392239,37.408691850016886
22.402240224022403,35.95175733295598
22.412241224122415,34.59062468713759
22.422242224222423,33.34203225444368
22.432243224322434,32.21038316599937
22.442244224422442,31.192111004919354
22.452245224522454,30.27907296177334
22.462246224622465,29.460804142261257
22.472247224722473,28.726304594089395
22.482248224822484,28.064976732393696
22.492249224922492,27.46747350928005
22.502250225022504,26.926148511672647
22.51225122512251,26.43465120736339
22.522252225222523,25.987734114120354
22.532253225322535,25.580997919251917
22.542254225422543,25.21100364609071
22.552255225522554,24.875159771553395
22.562256225622562,24.571684280457788
22.572257225722574,24.299528058200856
22.582258225822585,24.058299238045066
22.592259225922593,23.848005456857415
22.602260226022604,23.668688240102163
22.612261226122612,23.52044889559301
22.622262226222624,23.40377982226187
22.63226322632263,23.319573787759026
22.642264226422643,23.268889661591835
22.652265226522655,23.252703799306328
22.662266226622663,23.27189238223228
22.672267226722674,23.32728281717787
22.682268226822682,23.419700601734522
22.692269226922694,23.549806086244956
22.702270227022705,23.718048175297046
22.712271227122713,23.924700841494136
22.722272227222724,24.169624473361527
22.732273227322732,24.452098580228935
22.742274227422744,24.77071797856982
22.752275227522752,25.123544097428663
22.762276227622763,25.508218815469565
22.772277227722775,25.921810291723855
22.782278227822783,26.36036549291476
22.792279227922794,26.819047657063273
22.802280228022802,27.292155862959806
22.812281228122814,27.773161543934517
22.822282228222825,28.25488699962323
22.832283228322833,28.729622335493264
22.842284228422844,29.189397048925827
22.852285228522852,29.626292663458518
22.862286228622864,30.032579715086985
22.872287228722872,30.400649020462
22.882288228822883,30.723315242352406
22.892289228922895,30.99448225168177
22.902290229022903,31.20919944942249
22.912291229122914,31.364103750272925
22.922292229222922,31.45710647111075
22.932293229322934,31.487929820899126
22.942294229422945,31.457569456172145
22.952295229522953,31.36823434070726
22.962296229622964,31.223025519807447
22.972297229722972,31.025967145073334
22.982298229822984,30.781816507336796
22.992299229922992,30.49604494449347
23.002300230023003,30.174327484000784
23.012301230123015,29.822232475830386
23.022302230223023,29.445125535000486
23.032303230323034,29.048154864472114
23.042304230423042,28.635869053821374
23.052305230523054,28.21255059554012
23.062306230623065,27.782074245018453
23.072307230723073,27.347996634405835
23.082308230823084,26.913504723758898
23.092309230923092,26.481537752261218
23.102310231023104,26.054532835091635
23.112311231123112,25.63454190295008
23.122312231223123,25.22345460311291
23.132313231323135,24.823040779505533
23.142314231423143,24.434945699660556
23.152315231523154,24.060739217049036
23.162316231623162,23.70190121330278
23.172317231723174,23.35995142495321
23.182318231823185,23.0363893031038
23.192319231923193,22.732670625524914
23.202320232023204,22.45029341140747
23.212321232123212,22.19081128588016
23.222322232223224,21.955824649882015
23.232323232323232,21.746992016136826
23.242324232423243,21.566139371475007
23.252325232523255,21.41527556989361
23.262326232623263,21.296551105407183
23.272327232723274,21.212217004224662
23.282328232823282,21.16464770551884
23.292329232923294,21.15631307946839
23.302330233023305,21.18965074838786
23.312331233123313,21.267020608588087
23.322332233223324,21.39083676769453
23.332333233323332,21.563682619703595
23.342334233423344,21.788145153308843
23.352335233523352,22.066428768066444
23.362336233623363,22.400083265078194
23.372337233723375,22.78999114249648
23.382338233823383,23.23641578087351
23.392339233923394,23.738887126011868
23.402340234023402,24.295924775160522
23.412341234123414,24.90471039904947
23.422342234223425,25.56076294571284
23.432343234323433,26.25768105377555
23.442344234423445,26.987123763584332
23.452345234523452,27.73905735245776
23.462346234623464,28.50196653712784
23.472347234723472,29.262771244754614
23.482348234823483,30.006752354835722
23.492349234923495,30.718068449974183
23.502350235023503,31.380859661050806
23.512351235123514,31.98022831944013
23.522352235223522,32.502647438035495
23.532353235323534,32.936227375132034
23.542354235423545,33.271423260759285
23.552355235523553,33.50196143292136
23.562356235623565,33.625266602470695
23.572357235723572,33.64221222301822
23.582358235823584,33.55668158363084
23.592359235923592,33.375246715490945
23.602360236023603,33.10672654246099
23.612361236123615,32.76142294640992
23.622362236223623,32.350288091414185
23.632363236323634,31.88435685314532
23.642364236423642,31.374405438237027
23.652365236523654,30.83060904717938
23.662366236623665,30.262181655086255
23.672367236723673,29.677147638422085
23.682368236823685,29.082272351480732
23.692369236923692,28.483076436188778
23.702370237023704,27.88396813231771
23.712371237123712,27.288555177125456
23.722372237223723,26.699942594692853
23.732373237323735,26.12070868155675
23.742374237423743,25.552664881685605
23.752375237523754,24.996912089728863
23.762376237623762,24.45433324385371
23.772377237723774,23.925972678163433
23.782378237823785,23.41286405826695
23.792379237923793,22.915724071316806
23.802380238023805,22.435107751232643
23.812381238123812,21.97177847521174
23.822382238223824,21.52662230627212
23.832383238323832,21.10024007716175
23.842384238423843,20.693026074699546
23.852385238523855,20.305809070485346
23.862386238623863,19.94012221777294
23.872387238723874,19.59763601036702
23.882388238823882,19.279554492826563
23.892389238923894,18.986866087544072
23.902390239023905,18.72109781366877
23.912391239123913,18.484556083339974
23.922392239223925,18.279863310171383
23.932393239323932,18.109554945191178
23.942394239423944,17.97625527394041
23.952395239523952,17.88306590479183
23.962396239623963,17.833670925028592
23.972397239723975,17.832202058682476
23.982398239823983,17.883160776456876
23.992399239923994,17.991383937283214
24.002400240024002,18.161925021615037
24.012401240124014,18.399974257555463
24.022402240224025,18.71093795776252
24.032403240324033,19.100454210824303
24.042404240424045,19.574061706731957
24.052405240524052,20.136730397706298
24.062406240624064,20.792581320640046
24.072407240724072,21.544656096464884
24.082408240824083,22.39430721134196
24.092409240924095,23.34025699654144
24.102410241024103,24.377843159680424
24.112411241124114,25.498674089063257
24.122412241224122,26.690345976371965
24.132413241324134,27.935934010402896
24.142414241424145,29.213516415297754
24.152415241524153,30.49622834116945
24.162416241624165,31.7530560908114
24.172417241724172,32.950203052412576
24.182418241824184,34.05285318937092
24.192419241924192,35.027303583195746
24.202420242024203,35.843403965039
24.212421242124215,36.476979772774264
24.222422242224223,36.91182576854918
24.232423242324234,37.14096172169119
24.242424242424242,37.16701767522311
24.252425242524254,37.00163035742925
24.262426242624265,36.66386918926212
24.272427242724273,36.177981894630584
24.282428242824285,35.570895917391105
24.292429242924293,34.86985641445753
24.302430243024304,34.10052271449814
24.312431243124312,33.28578414862131
24.322432243224323,32.44522549205972
24.332433243324335,31.594850940650584
24.342434243424343,30.746862753561032
24.352435243524354,29.909798426036748
24.362436243624362,29.08926633448018
24.372437243724374,28.2888960714605
24.382438243824385,27.510901247013116
24.392439243924393,26.756257411233236
24.402440244024405,26.024959559884778
24.412441244124413,25.31648410519035
24.422442244224424,24.630085982771924
24.432443244324432,23.964807906877308
24.442444244424443,23.319547744849324
24.452445244524455,22.693348762818754
24.462446244624463,22.085550983336773
24.472447244724474,21.49554250243564
24.482448244824482,20.922465350923463
24.492449244924494,20.36532787714659
24.502450245024505,19.823360055209584
24.512451245124513,19.29613344494158
24.522452245224525,18.78337490156369
24.532453245324533,18.28480201015477
24.542454245424544,17.800102419871685
24.552455245524552,17.328877962070067
24.562456245624563,16.870558757924258
24.572457245724575,16.424506286300225
24.582458245824583,15.990299393373832
24.592459245924594,15.567878490700483
24.602460246024602,15.157365544415715
24.612461246124614,14.758772196266964
24.622462246224625,14.371876343191834
24.632463246324633,13.996284693998115
24.642464246424645,13.631526022669306
24.652465246524653,13.277188773670163
24.662466246624664,12.933138854355652
24.672467246724672,12.599648320654484
24.682468246824683,12.27717834536372
24.692469246924695,11.965936496141683
24.702470247024703,11.665699573617927
24.712471247124714,11.376178443323292
24.722472247224722,11.097521345497238
24.732473247324734,10.83036989629314
24.742474247424745,10.57546556539188
24.752475247524753,10.333340382888654
24.762476247624765,10.104469751211592
24.772477247724773,9.889654721028293
24.782478247824784,9.690196259479217
24.792479247924792,9.50774218469122
24.802480248024803,9.344101114097025
24.812481248124815,9.201303402755741
24.822482248224823,9.081818920846045
24.832483248324834,8.988690355776164
24.842484248424842,8.925588609301084
24.852485248524854,8.89701411547917
24.862486248624865,8.9085951707048
24.872487248724873,8.967145210210798
24.882488248824885,9.080422269131846
24.892489248924893,9.257062667053962
24.902490249024904,9.507056328406005
24.912491249124912,9.842438776578412
24.922492249224923,10.277549385319874
24.932493249324935,10.828724807749607
24.942494249424943,11.513940744649238
24.952495249524954,12.35275034984906
24.962496249624962,13.366170355890034
24.972497249724974,14.575895401500471
24.982498249824985,16.00273934256822
24.992499249924993,17.664667662582154
25.002500250025005,19.574520470634447
25.012501250125013,21.736977920725625
25.022502250225024,24.144441024425575
25.032503250325032,26.77228548719555
25.042504250425043,29.57448428456823
25.052505250525055,32.48054639716558
25.062506250625063,35.394676688208875
25.072507250725074,38.19839615434771
25.082508250825082,40.75809161751713
25.092509250925094,42.93816074936856
25.102510251025105,44.61847515481254
25.112511251125113,45.712682280380605
25.122512251225125,46.18274917857633
25.132513251325133,46.04561942089527
25.142514251425144,45.36977622800813
25.152515251525152,44.26239731541414
25.162516251625163,42.85065819485348
25.172517251725175,41.262288737048024
25.182518251825183,39.60988374678864
25.192519251925194,37.98145877245221
25.202520252025202,36.43762339500908
25.212521252125214,35.0141026694276
25.222522252225225,33.7272442305522
25.232523252325233,32.57994416628482
25.242524252425245,31.566398476356166
25.252525252525253,30.67553598946732
25.262526252625264,29.89368871241376
25.272527252725272,29.206765797770657
25.282528252825283,28.60172698937606
25.292529252925295,28.06724529207363
25.302530253025303,27.59384966701986
25.312531253125314,27.173831632949938
25.322532253225322,26.80094168579904
25.332533253325334,26.469944786804547
25.342534253425345,26.176377176022783
25.352535253525353,25.91666511666126
25.362536253625365,25.688278117180623
25.372537253725373,25.489537112809984
25.382538253825384,25.3192111584247
25.392539253925392,25.17630842711099
25.402540254025403,25.06013034317284
25.412541254125415,24.970292548091322
25.422542254225423,24.90655229166902
25.432543254325434,24.868639009552794
25.442544254425442,24.85630774960677
25.452545254525454,24.869481548395267
25.462546254625465,24.90817958944477
25.472547254725473,24.97226112581866
25.482548254825485,25.061332351731153
25.492549254925493,25.174898591733093
25.502550255025504,25.312425697691953
25.512551255125512,25.473112404526148
25.522552255225524,25.65566941201299
25.532553255325535,25.858430186480984
25.542554255425543,26.079618589555746
25.552555255525554,26.317373636450256
25.562556255625562,26.569503608797508
25.572557255725574,26.833324709987345
25.582558255825585,27.105750215706873
25.592559255925593,27.383378412575766
25.602560256025605,27.662429407546618
25.612561256125613,27.93879572774218
25.622562256225624,28.20840052326418
25.632563256325636,28.467485908330737
25.642564256425644,28.712430019530903
25.652565256525655,28.939409353876123
25.662566256625663,29.14450487855507
25.672567256725674,29.324216740107378
25.682568256825682,29.475775110639873
25.692569256925694,29.597015710250666
25.702570257025705,29.6861937758578
25.712571257125713,29.742061054466433
25.722572257225725,29.76402249504846
25.732573257325733,29.752073044891592
25.742574257425744,29.706620510082946
25.752575257525756,29.628528110160474
25.762576257625764,29.51934692525204
25.772577257725775,29.381324295510414
25.782578257825783,29.21704364849245
25.792579257925794,29.029077226802595
25.802580258025802,28.819973558857967
25.812581258125814,28.592388327865674
25.822582258225825,28.349034476755033
25.832583258325833,28.09252290790516
25.842584258425845,27.825384592024086
25.852585258525853,27.5502640087218
25.862586258625864,27.269939327527926
25.872587258725876,26.987041715740375
25.882588258825884,26.703842542794575
25.892589258925895,26.422387810377522
25.902590259025903,26.144666055362332
25.912591259125914,25.872466993190148
25.922592259225922,25.607254655637718
25.932593259325934,25.350493999258664
25.942594259425945,25.104064006563902
25.952595259525953,24.870092788611874
25.962596259625965,24.650377721948807
25.972597259725973,24.446175153231554
25.982598259825984,24.258574732494125
25.992599259925996,24.08887374268529
26.002600260026004,23.938540201817553
26.012601260126015,23.809039849521707
26.022602260226023,23.701872373688854
26.032603260326034,23.618630234482502
26.042604260426042,23.56081411355598
26.052605260526054,23.529638727691587
26.062606260626065,23.526172341458384
26.072607260726073,23.55158109475083
26.082608260826085,23.607060936601417
26.092609260926093,23.69359148164883
26.102610261026104,23.811925912171226
26.112611261126116,23.962762884036803
26.122612261226124,24.14667978801874
26.132613261326135,24.363753630435525
26.142614261426143,24.613309286888274
26.152615261526154,24.894124685262593
26.162616261626162,25.20477842301193
26.172617261726174,25.543541307238957
26.182618261826185,25.90787956120908
26.192619261926193,26.294305573568533
26.202620262026205,26.698788696905016
26.212621262126213,27.117002468942914
26.222622262226224,27.54395432517555
26.232623262326236,27.97362016284701
26.242624262426244,28.399231310772212
26.252625262526255,28.81385460494617
26.262626262626263,29.21060581250093
26.272627262726274,29.582642720117242
26.282628262826282,29.92345382474993
26.292629262926294,30.22722356641895
26.302630263026305,30.488702182646186
26.312631263126313,30.702948277425392
26.322632263226325,30.865846420323575
26.332633263326333,30.97507598075715
26.342634263426344,31.030162708540125
26.352635263526356,31.031482907683277
26.362636263626364,30.979714877777013
26.372637263726375,30.876475089622815
26.382638263826383,30.724969017459248
26.392639263926394,30.529499873627504
26.402640264026402,30.294415459256392
26.412641264126414,30.023822518215603
26.422642264226425,29.72216351074946
26.432643264326433,29.39446736784187
26.442644264426445,29.045665862972097
26.452645264526453,28.679922956849232
26.462646264626464,28.300950010215995
26.472647264726476,27.912660926728165
26.482648264826484,27.518959905477878
26.492649264926495,27.122955841184623
26.502650265026503,26.726940649737507
26.512651265126514,26.333237059248276
26.522652265226522,25.944567146682243
26.532653265326534,25.56340955641145
26.542654265426545,25.191546792109087
26.552655265526553,24.830533351475573
26.562656265626565,24.482028366238563
26.572657265726573,24.147355065304122
26.582658265826584,23.8275428968512
26.592659265926596,23.52437024221096
26.602660266026604,23.240570033290027
26.612661266126615,22.978307113060065
26.622662266226623,22.738148783649905
26.632663266326634,22.520288198504318
26.642664266426642,22.32627012652197
26.652665266526654,22.15886039817346
26.662666266626665,22.02065268627544
26.672667266726673,21.913505152808153
26.682668266826685,21.83913503569061
26.692669266926693,21.79956076669959
26.702670267026704,21.79683832056933
26.712671267126716,21.832843238000088
26.722672267226724,21.90954060456787
26.732673267326735,22.02919923352045
26.742674267426743,22.194109338486314
26.752675267526755,22.406126650177484
26.762676267626762,22.66651845409326
26.772677267726774,22.976163165197864
26.782678267826785,23.335692801355783
26.792679267926793,23.745146773722904
26.802680268026805,24.20343880136156
26.812681268126813,24.70834126088374
26.822682268226824,25.256756328789734
26.832683268326836,25.844436348335464
26.842684268426844,26.46541071398782
26.852685268526855,27.112054942561006
26.862686268626863,27.775586018010284
26.872687268726875,28.446054046066536
26.882688268826882,29.112000541727785
26.892689268926894,29.76075797865485
26.902690269026905,30.37943027638177
26.912691269126913,30.95557727316463
26.922692269226925,31.477204299868255
26.932693269326933,31.93280518954817
26.942694269426944,32.31211059346341
26.952695269526956,32.60715054969135
26.962696269626964,32.81287277476783
26.972697269726975,32.927138550667564
26.982698269826983,32.95041755589737
26.992699269926995,32.88545579602386
27.002700270027002,32.73698896759339
27.012701270127014,32.51146755702291
27.022702270227025,32.21672357040924
27.032703270327033,31.86152988108318
27.042704270427045,31.455077197443945
27.052705270527053,31.00647526516805
27.062706270627064,30.524370173661598
27.072707270727076,30.01669214554472
27.082708270827084,29.490503298989555
27.092709270927095,28.951921599739084
27.102710271027103,28.406137783032122
27.112711271127115,27.857537215328573
27.122712271227122,27.30986323675168
27.132713271327134,26.76632863398932
27.142714271427145,26.229649387191593
27.152715271527153,25.702029261995037
27.162716271627165,25.18519619650903
27.172717271727173,24.680505279694106
27.182718271827184,24.189091928716618
27.192719271927196,23.71199366863731
27.202720272027204,23.25022588207737
27.212721272127215,22.804811953961014
27.222722272227223,22.376797441483504
27.232723272327235,21.967244197303366
27.242724272427242,21.57721512563991
27.252725272527254,21.207776084032115
27.262726272627265,20.86004377783062
27.272727272727273,20.535282332258948
27.282728272827285,20.234985642301524
27.292729272927293,19.96089554009429
27.302730273027304,19.714948262276963
27.312731273127316,19.499214809343336
27.322732273227324,19.315895911573627
27.332733273327335,19.167387546492073
27.342734273427343,19.056368762837305
27.352735273527355,18.98586117951242
27.362736273627362,18.959264969845957
27.372737273727374,18.980343744473352
27.382738273827385,19.053159123373916
27.392739273927393,19.18194853108322
27.402740274027405,19.37098695746792
27.412741274127413,19.62450727030018
27.422742274227424,19.94668039221814
27.432743274327436,20.341592718271567
27.442744274427444,20.81307309315408
27.452745274527455,21.364345259176215
27.462746274627463,21.99755571292996
27.472747274727475,22.713308035391286
27.482748274827483,23.510282450651616
27.492749274927494,24.384892286229224
27.502750275027505,25.330884588790738
27.512751275127513,26.338863625414977
27.522752275227525,27.395853449221306
27.532753275327533,28.48508663260386
27.542754275427544,29.586147070678003
27.552755275527556,30.67548402297396
27.562756275627564,31.727220726392655
27.572757275727575,32.71424633294373
27.582758275827583,33.609565770733724
27.592759275927595,34.387909213684566
27.602760276027603,35.02747495777252
27.612761276127614,35.511580281969145
27.622762276227625,35.8299446208851
27.632763276327633,35.9793428599603
27.642764276427645,35.96351336491341
27.652765276527653,35.79238252651128
27.662766276627664,35.48082985531109
27.672767276727676,35.047240989270215
27.682768276827684,34.511996861921006
27.692769276927695,33.895979292792816
27.702770277027703,33.21918840125556
27.712771277127715,32.49964649237
27.722772277227723,31.752775279334003
27.732773277327734,30.99127415599911
27.742774277427745,30.22530971646427
27.752775277527753,29.462790697203324
27.762776277627765,28.709573590759305
27.772777277727773,27.969662263304894
27.782778277827784,27.24551885865725
27.792779277927796,26.538505960944217
27.802780278027804,25.849343553700386
27.812781278127815,25.178415643059957
27.822782278227823,24.525874414479798
27.832783278327835,23.891628896765027
27.842784278427843,23.275370453095714
27.852785278527854,22.676651372144455
27.862786278627865,22.094993633767963
27.872787278727873,21.529947274359692
27.882788278827885,20.981114595121582
27.892789278927893,20.44816832945466
27.902790279027904,19.930893765053547
27.912791279127916,19.429193397622303
27.922792279227924,18.943042183606856
27.932793279327935,18.472395435402703
27.942794279427943,18.0171536201711
27.952795279527955,17.57722026280324
27.962796279627963,17.15263201131124
27.972797279727974,16.743644193603632
27.982798279827986,16.350697301782
27.992799279927993,15.974315624664252
28.002800280028005,15.615043035455727
28.012801280128013,15.273487142386482
28.022802280228024,14.950430769070472
28.032803280328036,14.646902774514295
28.042804280428044,14.364173682800736
28.052805280528055,14.103736814657616
28.062806280628063,13.867337045035065
28.072807280728075,13.657084490996564
28.082808280828083,13.475568244357248
28.092809280928094,13.325910829108505
28.102810281028106,13.21174749834885
28.112811281128113,13.13720660514924
28.122812281228125,13.107001647682395
28.132813281328133,13.126640164383382
28.142814281428144,13.202638953390684
28.152815281528156,13.342580812081438
28.162816281628164,13.554978386052095
28.172817281728175,13.849124519340023
28.182818281828183,14.23510984009966
28.192819281928195,14.724012981236793
28.202820282028203,15.327975681239216
28.212821282128214,16.059850667928544
28.222822282228226,16.932409900308485
28.232823282328233,17.957347316044903
28.242824282428245,19.14430040262969
28.252825282528253,20.49981837013879
28.262826282628264,22.025959443721092
28.272827282728276,23.71833815250641
28.282828282828284,25.56380752555759
28.292829282928295,27.538285866244095
28.302830283028303,29.605211017548125
28.312831283128315,31.71494923574477
28.322832283228323,33.80542502310828
28.332833283328334,35.80439079881579
28.342834283428346,37.63379994499294
28.352835283528353,39.216371559007335
28.362836283628365,40.48369637623472
28.372837283728373,41.3844293682822
28.382838283828384,41.89080452749974
28.392839283928396,42.00195301110945
28.402840284028404,41.743304288524165
28.412841284128415,41.162218166658874
28.422842284228423,40.32088157885125
28.432843284328435,39.287986450756684
28.442844284428443,38.130828682778116
28.452845284528454,36.9091598755072
28.462846284628466,35.67149686595549
28.472847284728473,34.45391053834843
28.482848284828485,33.280742093636746
28.492849284928493,32.16645025398951
28.502850285028504,31.11789686372514
28.512851285128516,30.13656214007996
28.522852285228524,29.220424856437432
28.532853285328535,28.365387453304546
28.542854285428543,27.566304024746668
28.552855285528555,26.8177334521895
28.562856285628563,26.114541284998907
28.572857285728574,25.452295999908518
28.582858285828586,24.82736186651563
28.592859285928593,24.236729153774554
28.602860286028605,23.67782107536872
28.612861286128613,23.14848642878518
28.622862286228624,22.647150348858908
28.632863286328636,22.172892690069776
28.642864286428644,21.725293469480487
28.652865286528655,21.304176591677546
28.662866286628663,20.909485816803546
28.672867286728675,20.541405824289466
28.682868286828683,20.20057268908539
28.692869286928694,19.88815136901212
28.702870287028706,19.605696891279404
28.712871287128714,19.35493366642035
28.722872287228725,19.13764407505316
28.732873287328733,18.955742435114352
28.742874287428744,18.811477222218613
28.752875287528756,18.707606009101212
28.762876287628764,18.647423593004593
28.772877287728775,18.6346361216148
28.782878287828783,18.673182935544737
28.792879287928795,18.767143523849224
28.802880288028803,18.920782230274185
28.812881288128814,19.13861813357279
28.822882288228826,19.425383197623493
28.832883288328834,19.78580058973773
28.842884288428845,20.224288423917365
28.852885288528853,20.74469620317786
28.862886288628864,21.350090002832605
28.872887288728876,22.042456627662574
28.882888288828884,22.822220140064296
28.892889288928895,23.687596257660694
28.902890289028903,24.633958172652022
28.912891289128915,25.653371706013907
28.922892289228923,26.734335094678787
28.932893289328934,27.861593282917774
28.942894289428946,29.01596895292952
28.952895289528954,30.174341549558545
28.962896289628965,31.310071443373126
28.972897289728973,32.39407381288091
28.982898289828984,33.396465754157354
28.992899289928996,34.28847370024517
29.002900290029004,35.04431278028808
29.012901290129015,35.64289296944987
29.022902290229023,36.06930050686896
29.032903290329035,36.31592111919447
29.042904290429043,36.38296797122209
29.052905290529054,36.27821519591598
29.062906290629066,36.015893990505596
29.072907290729074,35.61496761305121
29.082908290829085,35.09716172705331
29.092909290929093,34.48515524332364
29.102910291029104,33.8011235204856
29.112911291129116,33.065640852472434
29.122912291229124,32.296848243929915
29.132913291329135,31.509893510031347
29.142914291429143,30.71673825168121
29.152915291529155,29.926354982144368
29.162916291629163,29.14520305898355
29.172917291729174,28.377779806322035
29.182918291829186,27.62709126355594
29.192919291929194,26.895010088915704
29.202920292029205,26.182532147756007
29.212921292129213,25.489988965124112
29.222922292229224,24.817236678554902
29.232923292329236,24.16383337894999
29.242924292429244,23.529176879956573
29.252925292529255,22.912611716141967
29.262926292629263,22.313510888793516
29.272927292729275,21.73134365802891
29.282928292829283,21.165697319799698
29.292929292929294,20.616228013728534
29.302930293029306,20.082563770696186
29.312931293129314,19.564246721745512
29.322932293229325,19.060800010162186
29.332933293329333,18.5718921929356
29.342934293429344,18.09745591051236
29.352935293529356,17.637608542433078
29.362936293629364,17.19241102701826
29.372937293729375,16.761702691745953
29.382938293829383,16.345209757917644
29.392939293929395,15.94282799423149
29.402940294029403,15.554790944134623
29.412941294129414,15.181560220438897
29.422942294229426,14.82360170932022
29.432943294329434,14.481316279174772
29.442944294429445,14.155176356737398
29.452945294529453,13.845890940088504
29.462946294629464,13.55444936893958
29.472947294729476,13.28207020088005
29.482948294829484,13.030172737199358
29.492949294929495,12.800417429669562
29.502950295029503,12.594782301420386
29.512951295129515,12.4156338937319
29.522952295229523,12.265801031905042
29.532953295329534,12.148663424851335
29.542954295429546,12.068254084130384
29.552955295529554,12.029340212093823
29.562956295629565,12.037491262479223
29.572957295729573,12.099156509798368
29.582958295829584,12.221781586137652
29.592959295929596,12.413929656758567
29.602960296029604,12.685350927519925
29.612961296129615,13.046989021363487
29.622962296229623,13.510960842043575
29.632963296329635,14.090489736625127
29.642964296429643,14.799693527677409
29.652965296529654,15.653141988900696
29.662966296629666,16.665182067518714
29.672967296729674,17.84903527222949
29.682968296829685,19.215558255931402
29.692969296929693,20.77151589561413
29.702970297029704,22.5173507641272
29.712971297129716,24.44463516856157
29.722972297229724,26.533492753031453
29.732973297329735,28.75030304961551
29.742974297429743,31.046101401835546
29.752975297529755,33.356250873962
29.762976297629763,35.60208254414199
29.772977297729774,37.69508952781433
29.782978297829786,39.5438684125011
29.792979297929794,41.063350011282395
29.802980298029805,42.18502602264407
29.812981298129813,42.86620489089851
29.822982298229824,43.09610098824771
29.832983298329836,42.89705460801427
29.842984298429844,42.32036270883893
29.852985298529855,41.43772226760436
29.862986298629863,40.33050771545295
29.872987298729875,39.07943456136799
29.882988298829883,37.75654123371494
29.892989298929894,36.420340292434304
29.902990299029906,35.11406303102575
29.912991299129914,33.8663617177911
29.922992299229925,32.69358466251276
29.932993299329933,31.602705719377656
29.942994299429945,30.59418902196039
29.952995299529956,29.664383411373304
29.962996299629964,28.807341558120275
29.972997299729975,28.016145124457623
29.982998299829983,27.283836827603153
29.992999299929995,26.604035410756204
30.003000300030003,25.97123452501324
30.013001300130014,25.380828088017257
30.023002300230026,24.82898544653924
30.033003300330034,24.312538762521548
30.043004300430045,23.828965039592134
30.053005300530053,23.376431328991544
30.063006300630065,22.953822256600347
30.073007300730076,22.560670974176386
30.083008300830084,22.196979834680143
30.093009300930095,21.86301087438134
30.103010301030103,21.559191239509026
30.113011301130115,21.28618475950597
30.123012301230123,21.04501498336969
30.133013301330134,20.837096357311104
30.143014301430146,20.66416351661396
30.153015301530154,20.52820664074899
30.163016301630165,20.43147427990967
30.173017301730173,20.376485198122325
30.183018301830185,20.36596310935647
30.193019301930196,20.402714435447763
30.203020302030204,20.489538863768097
30.213021302130215,20.629250370983478
30.223022302230223,20.824769462088135
30.233023302330235,21.07912845058211
30.243024302430243,21.395271318859333
30.253025302530254,21.775704861052073
30.263026302630266,22.222175212491827
30.273027302730274,22.73547096173219
30.283028302830285,23.315288580599614
30.293029302930293,23.96004453041705
30.303030303030305,24.666587701147044
30.313031303130316,25.42987315906415
30.323032303230324,26.24263910877275
30.333033303330335,27.095161499191896
30.343034303430343,27.97514790541038
30.353035303530355,28.867812040345036
30.363036303630363,29.756130633887892
30.373037303730374,30.621337412908193
30.383038303830386,31.443690300612136
30.393039303930394,32.20346125593216
30.403040304030405,32.88193652411385
30.413041304130413,33.46230946402922
30.423042304230425,33.93052607762826
30.433043304330436,34.27614781183572
30.443044304430444,34.49309206616573
30.453045304530455,34.580008472494484
30.463046304630463,34.540165848546664
30.473047304730475,34.38091099461046
30.483048304830483,34.11285131011728
30.493049304930494,33.74886088225109
30.503050305030506,33.30307683456922
30.513051305130514,32.78997393859404
30.523052305230525,32.22362274886454
30.533053305330533,31.617121297722957
30.543054305430545,30.98219418962914
30.553055305530556,30.328940972359533
30.563056305630564,29.665753966108184
30.573057305730575,28.999392901929014
30.583058305830583,28.335171353768086
30.593059305930595,27.677152776242693
30.603060306030603,27.028342052777873
30.613061306130614,26.390894525008825
30.623062306230626,25.76637661578276
30.633063306330634,25.155962359157915
30.643064306430645,24.560496180819868
30.653065306530653,23.980514018791855
30.663066306630665,23.41634986667873
30.673067306730676,22.868296058379272
30.683068306830684,22.336684365050726
30.693069306930695,21.821833730300295
30.703070307030703,21.323989205080743
30.713071307130715,20.8433706476332
30.723072307230723,20.38027388214333
30.733073307330734,19.935138296946775
30.743074307430746,19.508524813957806
30.753075307530754,19.101083625889405
30.763076307630765,18.7135372370389
30.773077307730773,18.346742587411036
30.783078307830785,18.001788020046714
30.793079307930796,17.680040608716293
30.803080308030804,17.383080021458184
30.813081308130815,17.11263773887376
30.823082308230823,16.870622321417788
30.833083308330835,16.65924571601889
30.843084308430846,16.481175754767307
30.853085308530854,16.33955321853957
30.863086308630866,16.23794139191226
30.873087308730874,16.180308074760426
30.883088308830885,16.17113858402388
30.893089308930893,16.21553944804183
30.903090309030905,16.31922972558297
30.913091309130916,16.48840897157473
30.923092309230924,16.729709775168224
30.933093309330935,17.050254439610413
30.943094309430943,17.45767359710743
30.953095309530955,17.95982877576587
30.963096309630966,18.564317733465977
30.973097309730974,19.278015649211902
30.983098309830986,20.106692176016153
30.993099309930994,21.054496727996945
31.003100310031005,22.12316809447602
31.013101310131013,23.310977927160728
31.023102310231025,24.611560628929567
31.033103310331036,26.012843774812147
31.043104310431044,27.496213485955177
31.053105310531055,29.03600126795842
31.063106310631063,30.599405762819522
31.073107310731075,32.14700134637681
31.083108310831086,33.63412231045155
31.093109310931094,35.013217702717625
31.103110311031106,36.237075814799795
31.113111311131114,37.26265144589726
31.123112311231125,38.05503128630622
31.133113311331133,38.590892403895914
31.143114311431145,38.860744678842174
31.153115311531156,38.86947194724946
31.163116311631164,38.635179251876195
31.173117311731176,38.1866198145887
31.183118311831183,37.559678736415506
31.193119311931195,36.793471513122796
31.203120312031206,35.92662511964136
31.213121312131214,34.99436263609234
31.223122312231226,34.026690327158995
31.233123312331234,33.04767231871149
31.243124312431245,32.075482564300245
31.253125312531253,31.122940201464708
31.263126312631265,30.19824102039994
31.273127312731276,29.305860344489343
31.283128312831284,28.447619924488663
31.293129312931296,27.62362124720066
31.303130313031303,26.83291471594529
31.313131313131315,26.073936980521044
31.323132313231326,25.344827449543956
31.333133313331334,24.64367947177601
31.343134313431346,23.96859653869317
31.353135313531354,23.317702904503527
31.363136313631365,22.689180457895766
31.373137313731373,22.081435420526446
31.383138313831385,21.493244282775215
31.393139313931396,20.923783814245528
31.403140314031404,20.372482860814614
31.413141314131416,19.83879890661092
31.423142314231423,19.32207655332266
31.433143314331435,18.82161332851262
31.443144314431446,18.33681409352262
31.453145314531454,17.867309295585876
31.463146314631466,17.412962455536416
31.473147314731474,16.973794067622766
31.483148314831485,16.549885691197886
31.493149314931493,16.14125058636872
31.503150315031505,15.74783098441288
31.513151315131516,15.369670871894355
31.523152315231524,15.007084314968191
31.533153315331536,14.660689243567488
31.543154315431543,14.331222719767275
31.553155315531555,14.019388961148207
31.563156315631566,13.725924045345426
31.573157315731574,13.451868409721005
31.583158315831586,13.198743905114755
31.593159315931594,12.968456450028187
31.603160316031605,12.763095754440196
31.613161316131613,12.584921569810769
31.623162316231625,12.43666186156595
31.633163316331636,12.321807521127436
31.643164316431644,12.244647473406786
31.653165316531656,12.210133917146425
31.663166316631663,12.223845971493713
31.673167316731675,12.2921619678967
31.683168316831686,12.422505623467508
31.693169316931694,12.623526797569532
31.703170317031706,12.905111578597321
31.713171317131714,13.278268137426052
31.723172317231725,13.755003377839634
31.733173317331733,14.348309292343052
31.743174317431745,15.072103328970504
31.753175317531756,15.940820631810018
31.763176317631764,16.96853492872765
31.773177317731776,18.167772982345728
31.783178317831783,19.54819416156998
31.793179317931795,21.115071089138812
31.803180318031806,22.867314034846025
31.813181318131814,24.79503614959351
31.823182318231826,26.87689756590572
31.833183318331834,29.077723590373438
31.843184318431845,31.347014276582637
31.853185318531853,33.61900935339965
31.863186318631865,35.81485300827981
31.873187318731876,37.84722065031995
31.883188318831884,39.62740942802964
31.893189318931896,41.07434940423525
31.903190319031903,42.12435244935221
31.913191319131915,42.73972406184207
31.923192319231926,42.91409530345402
31.933193319331934,42.67288113057047
31.943194319431946,42.068578709312945
31.953195319531954,41.17227975383669
31.963196319631965,40.06343235151942
31.973197319731973,38.820089026874825
31.983198319831985,37.51134030675959
31.993199319931996,36.19283296829926
32.00320032003201,34.90532599981765
32.01320132013201,33.67557213692306
32.02320232023202,32.518640827407594
32.033203320332035,31.440880395947488
32.04320432043205,30.442672581482043
32.05320532053206,29.520537269689285
32.06320632063206,28.668675632338264
32.073207320732074,27.88030774244166
32.083208320832085,27.1487441818186
32.0932093209321,26.468008147439413
32.10321032103211,25.832969215924035
32.11321132113211,25.239241468929595
32.123212321232124,24.683084243711026
32.133213321332136,24.161399000812345
32.14321432143215,23.67187320144751
32.15321532153215,23.213013301152362
32.16321632163216,22.78386812217674
32.173217321732174,22.38371744233396
32.183218321832186,22.012104481517063
32.1932193219322,21.669205573791636
32.2032203220322,21.355898988693276
32.21322132213221,21.073419392827716
32.223222322232225,20.82299733605208
32.233223322332236,20.605856506975798
32.24322432243225,20.423450177522255
32.25322532253225,20.27764675493148
32.26322632263226,20.170700666204738
32.273227322732275,20.10520265880607
32.28322832283229,20.08396435271205
32.2932293229323,20.109933906728244
32.3032303230323,20.18618626358489
32.313231323132314,20.315981261721674
32.323232323232325,20.502713428853554
32.33323332333234,20.749747103205642
32.34323432343235,21.060115075582175
32.35323532353235,21.436312841430368
32.363236323632364,21.88031453086767
32.373237323732376,22.393629320070367
32.38323832383239,22.97703330564653
32.39323932393239,23.62989814646547
32.4032403240324,24.34952171911428
32.413241324132414,25.13087337170372
32.423242324232426,25.966712175980604
32.43324332433244,26.847585003195256
32.44324432443244,27.76152191453569
32.45324532453245,28.693733684514836
32.463246324632465,29.626769415762556
32.473247324732476,30.54113724328932
32.48324832483249,31.416065082781518
32.49324932493249,32.23030450034691
32.503250325032504,32.96310726196548
32.513251325132515,33.59547030688246
32.52325232523253,34.111406927984376
32.53325332533254,34.49897935974458
32.54325432543254,34.75104599792806
32.553255325532554,34.86560088219437
32.563256325632565,34.84552439415454
32.57325732573258,34.697984359942375
32.58325832583259,34.43377507341
32.59325932593259,34.0665414680034
32.603260326032604,33.61168239106675
32.613261326132616,33.08510704744616
32.62326232623263,32.502097881927185
32.63326332633263,31.876666874875625
32.64326432643264,31.221281509971156
32.653265326532654,30.546813642996295
32.663266326632666,29.862492845352122
32.67326732673268,29.17567407624526
32.68326832683268,28.491726291823234
32.69326932693269,27.814520309716595
32.703270327032705,27.147145302286667
32.713271327132716,26.492206753764258
32.72327232723273,25.851482562582937
32.73327332733273,25.22576171256382
32.743274327432744,24.615248251246854
32.753275327532755,24.0201937477701
32.76327632763277,23.44115998916166
32.77327732773278,22.87879105267464
32.78327832783278,22.333424347621975
32.793279327932794,21.804927765154154
32.803280328032805,21.2929487415503
32.81328132813282,20.797329617271146
32.82328232823283,20.318347169082124
32.83328332833283,19.85664062661568
32.843284328432844,19.412927392980645
32.853285328532856,18.987787810405386
32.86328632863287,18.581614625657032
32.87328732873287,18.194806149079636
32.88328832883288,17.828031247912506
32.893289328932894,17.482345778680322
32.903290329032906,17.15914563239373
32.91329132913292,16.86002193239163
32.92329232923292,16.5867015950541
32.93329332933293,16.341069047142966
32.943294329432945,16.125266802743383
32.953295329532956,15.941827825681255
32.96329632963297,15.793789888623262
32.97329732973297,15.684768690112008
32.983298329832984,15.61894474361664
32.993299329932995,15.600999761834169
33.00330033003301,15.63607871100661
33.01330133013302,15.729853396788135
33.02330233023302,15.88865748166698
33.033303330333034,16.119551405792755
33.043304330433045,16.430259405197383
33.05330533053306,16.82899940505759
33.06330633063307,17.32427134274585
33.07330733073307,17.924565676671783
33.083308330833084,18.63794457050278
33.093309330933096,19.47153294147202
33.10331033103311,20.43094830188241
33.11331133113311,21.519516910034397
33.12331233123312,22.737144047149442
33.133313331333134,24.07899494809535
33.143314331433146,25.534315030355444
33.15331533153316,27.085490283447093
33.16331633163316,28.70722842189289
33.17331733173317,30.366010142953275
33.183318331833185,32.02034605891107
33.193319331933196,33.62223597351883
33.20332033203321,35.11972910343627
33.21332133213321,36.46031671933521
33.223322332233224,37.595043637873815
33.233323332333235,38.48309930043465
33.24332433243325,39.0961282706473
33.25332533253326,39.42120832445473
33.26332633263326,39.46180447304391
33.273327332733274,39.2366698647292
33.283328332833285,38.77706535172375
33.2933293329333,38.12276385851278
33.30333033303331,37.31744589152048
33.31333133313331,36.40432739803126
33.323332333233324,35.42280866126988
33.333333333333336,34.40643641381783
33.34333433343335,33.381958365838955
33.35333533353335,32.36917614959387
33.36333633363336,31.38151287933165
33.373337333733375,30.427193570107274
33.383338333833386,29.51062036347869
33.3933393339334,28.63344238876091
33.4033403340334,27.795258527485778
33.41334133413341,26.99429811186544
33.423342334233425,26.22820847926451
33.433343334333436,25.494632582281522
33.44334433443345,24.791346062447573
33.45334533453345,24.116183342423078
33.463346334633464,23.46706381153938
33.473347334733475,22.842101167611432
33.48334833483349,22.23964432153374
33.4933493349335,21.65827656875672
33.5033503350335,21.09686542865346
33.513351335133514,20.554609756633706
33.523352335233525,20.030983682576377
33.53335333533354,19.525608866703077
33.54335433543355,19.038159396951915
33.55335533553355,18.568337944976484
33.563356335633564,18.115909978461655
33.573357335733576,17.68078604878493
33.58335833583359,17.263094305361818
33.59335933593359,16.863155742715954
33.6033603360336,16.48139981995077
33.613361336133615,16.118364779806832
33.623362336233626,15.774790276903975
33.63336333633364,15.451649447548613
33.64336433643364,15.150088544038422
33.65336533653365,14.871421748174363
33.663366336633665,14.617243762843673
33.673367336733676,14.389549369493883
33.68336833683369,14.190774812596592
33.69336933693369,14.023784292964429
33.703370337033704,13.891857102212455
33.713371337133715,13.798745696321323
33.72337233723373,13.748849218782043
33.73337333733374,13.747409805693367
33.74337433743374,13.800564344366798
33.753375337533754,13.915246358416873
33.763376337633765,14.099118458731077
33.77337733773378,14.360639629842797
33.78337833783379,14.709167856857173
33.79337933793379,15.154973455475648
33.803380338033804,15.709136446701534
33.813381338133816,16.38326494061097
33.82338233823383,17.188909785693415
33.83338333833383,18.136731326487055
33.84338433843384,19.235640836358318
33.853385338533855,20.491900543677055
33.863386338633866,21.9078780109865
33.87338733873388,23.480340959968707
33.88338833883388,25.19853681241171
33.89338933893389,27.04232756443575
33.903390339033905,28.980608722899493
33.913391339133916,30.97042788467793
33.92339233923393,32.95729732965349
33.93339333933393,34.877023994947486
33.943394339433944,36.65927126256074
33.953395339533955,38.23293731524403
33.96339633963397,39.53291463076431
33.97339733973398,40.50715243428309
33.98339833983398,41.12272219932651
33.993399339933994,41.369726226516335
34.003400340034005,41.2621317361326
34.01340134013402,40.83518564297513
34.02340234023403,40.14003217393821
34.03340334033403,39.2368353467667
34.043404340434044,38.187659838504665
34.053405340534056,37.05017109693955
34.06340634063407,35.87323075216112
34.07340734073407,34.6949865037028
34.08340834083408,33.54294447780549
34.093409340934095,32.43503291098515
34.103410341034106,31.381250797382418
34.11341134113412,30.385812588938276
34.12341234123412,29.449204846697643
34.13341334133413,28.569497270025494
34.143414341434145,27.743040948584373
34.153415341534156,26.96515361056948
34.16341634163417,26.230983587568307
34.17341734173417,25.536260004831394
34.183418341834184,24.877607005208112
34.193419341934195,24.252339333840098
34.20342034203421,23.658017963768117
34.21342134213422,23.092292907637436
34.22342234223422,22.55323528880161
34.233423342334234,22.039670106241914
34.243424342434245,21.55098826667836
34.25342534253426,21.086727497043828
34.26342634263427,20.646570271194037
34.27342734273427,20.230671605782767
34.283428342834284,19.839671652422624
34.293429342934296,19.47432081533223
34.30343034303431,19.13529328364597
34.31343134313431,18.823444372250375
34.32343234323432,18.54014225658421
34.333433343334335,18.287307658337483
34.343434343434346,18.067209844523234
34.35343534353436,17.88228465467359
34.36343634363436,17.735151629604367
34.37343734373437,17.628796895828046
34.383438343834385,17.56673137884048
34.393439343934396,17.552976126716327
34.40344034403441,17.59194040223818
34.41344134413441,17.688362301291544
34.423442344234424,17.84734963077558
34.433443344334435,18.074417875377737
34.44344434443445,18.37545507248367
34.45344534453446,18.756574542044522
34.46344634463446,19.223782448522286
34.473447344734474,19.782500185336385
34.483448344834486,20.43718677527967
34.4934493449345,21.19116193376307
34.50345034503451,22.046315243505678
34.51345134513451,23.00238437831277
34.523452345234524,24.055996842206063
34.533453345334536,25.199878212204265
34.54345434543455,26.422235361564333
34.55345534553455,27.706131939181827
34.56345634563456,29.02910161219893
34.573457345734575,30.36346735616992
34.583458345834586,31.677308797295613
34.5934593459346,32.935607938241475
34.6034603460346,34.10158101674066
34.61346134613461,35.13876820112328
34.623462346234625,36.013999937021744
34.633463346334636,36.700425266711065
34.64346434643465,37.179710738268525
34.65346534653465,37.44327891345263
34.663466346634664,37.49279682654495
34.673467346734675,37.339749568060824
34.68346834683469,37.0038428525119
34.6934693469347,36.51056591301575
34.7034703470347,35.888605817264825
34.713471347134714,35.167435838713146
34.723472347234726,34.375081660862115
34.73347334733474,33.53633202725537
34.74347434743475,32.67184055754466
34.75347534753475,31.798105416382427
34.763476347634764,30.92782157509859
34.773477347734776,30.07024104491667
34.78347834783479,29.231585757194573
34.79347934793479,28.415602511578662
34.8034803480348,27.62415413588405
34.813481348134815,26.857745538700634
34.823482348234826,26.11601874095592
34.83348334833484,25.398221979233032
34.84348434843484,24.703514964171923
34.85348534853485,24.031011009089525
34.863486348634865,23.379678458275013
34.873487348734876,22.748342072290644
34.88348834883489,22.13585222391592
34.89348934893489,21.541227965416486
34.903490349034904,20.963622591792806
34.913491349134915,20.40223302383449
34.92349234923493,19.856352812190917
34.93349334933494,19.325494260122195
34.94349434943494,18.809345085770566
34.953495349534954,18.307541844371265
34.963496349634966,17.819516681912496
34.97349734973498,17.34458874261619
34.98349834983499,16.882187907140136
34.99349934993499,16.431974683558977
35.003500350035004,15.993766667094505
35.013501350135016,15.567386384490273
35.02350235023503,15.152586627602338
35.03350335033503,14.749050684593454
35.04350435043504,14.356383381157237
35.053505350535055,13.974126076446177
35.063506350635066,13.601895717069981
35.07350735073508,13.2395449726503
35.08350835083508,12.887098081290382
35.09350935093509,12.544464220952891
35.103510351035105,12.211261680665556
35.11351135113512,11.88696943256759
35.12351235123513,11.5712161582396
35.13351335133513,11.263869243560855
35.143514351435144,10.96487714154362
35.153515351535155,10.674122785878163
35.16351635163517,10.391481624409773
35.17351735173518,10.116942828299708
35.18351835183518,9.850529690365189
35.193519351935194,9.592056951325226
35.203520352035206,9.34107312243724
35.21352135213522,9.097144766752168
35.22352235223523,8.860204094024162
35.23352335233523,8.630578592724067
35.243524352435244,8.40868637572629
35.253525352535256,8.194705828012843
35.26352635263527,7.988524337491572
35.27352735273527,7.789990151262529
35.28352835283528,7.59922629075097
35.293529352935295,7.416735856943632
35.303530353035306,7.243254077277573
35.31353135313532,7.079525104405253
35.32353235323532,6.92620375865291
35.33353335333533,6.783976819218157
35.343534353435345,6.653849341425733
35.35353535353536,6.537368833079974
35.36353635363537,6.436585923481111
35.37353735373537,6.353855142996824
35.383538353835384,6.2917845152653555
35.393539353935395,6.253445492730076
35.40354035403541,6.242669933067287
35.41354135413542,6.264296541033193
35.42354235423542,6.3243782720489286
35.433543354335434,6.430330389721988
35.443544354435446,6.590954763612508
35.45354535453546,6.816437270162815
35.46354635463547,7.118569757789054
35.47354735473547,7.511287196809601
35.483548354835484,8.011255229712443
35.493549354935496,8.638123683070432
35.50355035503551,9.41433709269481
35.51355135513551,10.36474527189481
35.52355235523552,11.516182836320425
35.533553355335535,12.89677846649609
35.543554355435546,14.534565751273798
35.55355535553556,16.45513566041279
35.56355635563556,18.678205316647347
35.57355735573557,21.212984725635827
35.583558355835585,24.05239144275981
35.5935593559356,27.166502369861696
35.60356035603561,30.49600577944756
35.61356135613561,33.94696620880364
35.623562356235624,37.38905882604299
35.633563356335635,40.66002501994394
35.64356435643565,43.57860185069079
35.65356535653566,45.966092238993255
35.66356635663566,47.673495115064874
35.673567356735674,48.608047249172586
35.683568356835686,48.751745749111855
35.6935693569357,48.16577941194184
35.70357035703571,46.97859801361129
35.71357135713571,45.360582726633616
35.723572357235724,43.49289018809708
35.733573357335736,41.53959843498568
35.74357435743575,39.629792415794995
35.75357535753575,37.851419029135656
35.76357635763576,36.2544715611627
35.773577357735775,34.859169756428514
35.783578357835786,33.665234984884975
35.7935793579358,32.659924675296324
35.8035803580358,31.82399413166312
35.813581358135814,31.135717511495834
35.823582358235825,30.57347454416032
35.83358335833584,30.117277054078162
35.84358435843585,29.749378968528948
35.85358535853585,29.454245074735177
35.863586358635864,29.218416477880098
35.873587358735875,29.030555307356884
35.88358835883589,28.881397523317172
35.8935893589359,28.763319423787895
35.9035903590359,28.669717531444412
35.913591359135914,28.594650417836508
35.923592359235926,28.532899565265637
35.93359335933594,28.480179546564987
35.94359435943595,28.433140417213817
35.95359535953595,28.389112939311904
35.963596359635964,28.34586259652756
35.973597359735976,28.30152191199103
35.98359835983599,28.25457021507168
35.993599359936,28.20374722694652
36.003600360036,28.147997929169907
36.013601360136015,28.086536305223902
36.023602360236026,28.01892680385104
36.03360336033604,27.945076899821128
36.04360436043604,27.865149568275918
36.053605360536054,27.779471517405767
36.063606360636065,27.688472817860106
36.07360736073608,27.592620007446914
36.08360836083609,27.492351151660753
36.09360936093609,27.38815144232676
36.103610361036104,27.280765508469347
36.113611361136115,27.171234337469087
36.12361236123613,27.06059153900081
36.13361336133614,26.94960055225541
36.14361436143614,26.838895685132016
36.153615361536154,26.729286679056585
36.163616361636166,26.621796815475275
36.17361736173618,26.517459952969592
36.18361836183619,26.417188863548994
36.19361936193619,26.321813075787915
36.203620362036204,26.23213583133866
36.213621362136216,26.14890837226582
36.22362236223623,26.072817377085652
36.23362336233624,26.004565415886972
36.24362436243624,25.94492179301553
36.253625362536255,25.89461236135584
36.263626362636266,25.854203805664266
36.27362736273628,25.82416055643217
36.28362836283628,25.8049403917238
36.293629362936294,25.79694545896141
36.303630363036305,25.80044365071336
36.31363136313632,25.815617899402728
36.32363236323633,25.842659118314206
36.33363336333633,25.88174302623845
36.343634363436344,25.932864499147207
36.353635363536355,25.99569279413817
36.36363636363637,26.069665653404677
36.37363736373638,26.15426311929143
36.38363836383638,26.249078228451506
36.393639363936394,26.353562079205386
36.403640364036406,26.466827710792987
36.41364136413642,26.58777206578026
36.42364236423643,26.715261983008933
36.43364336433643,26.84812219880315
36.443644364436445,26.98502568353582
36.453645364536456,27.1244538352052
36.46364636463647,27.264720085482985
36.47364736473648,27.404014260104436
36.48364836483648,27.540524646617484
36.493649364936495,27.672634672607064
36.503650365036506,27.798957867294572
36.51365136513652,27.918044430398805
36.52365236523652,28.02812520691582
36.533653365336534,28.12737522521884
36.543654365436545,28.21440096124122
36.55365536553656,28.288247128874296
36.56365636563657,28.34799777019639
36.57365736573657,28.392662335455313
36.583658365836584,28.421485301531483
36.593659365936595,28.4341689993467
36.60366036603661,28.430731634513197
36.61366136613662,28.41124645085005
36.62366236623662,28.37581674742436
36.633663366336634,28.324800540597998
36.643664366436646,28.258918937248417
36.65366536653666,28.17905652559828
36.66366636663667,28.08609625779829
36.67366736673667,27.981068327815198
36.683668366836685,27.86529545835159
36.693669366936696,27.740207355368856
36.70367036703671,27.607073181887053
36.71367136713672,27.467041832390173
36.72367236723672,27.321388758753834
36.733673367336735,27.1715562194802
36.743674367436746,27.018961093912853
36.75367536753676,26.86500065836328
36.76367636763676,26.711266470591752
36.773677367736774,26.559357717767668
36.783678367836785,26.410365425903514
36.7936793679368,26.2649992344572
36.80368036803681,26.124386834233544
36.81368136813681,25.99026903563921
36.823682368236824,25.8642331734111
36.833683368336835,25.747174485621564
36.84368436843685,25.63963721650536
36.85368536853686,25.542352752692413
36.86368636863686,25.45636390314998
36.873687368736874,25.38288772270508
36.883688368836886,25.323159144582586
36.8936893689369,25.278204479059315
36.90369036903691,25.24855584758947
36.91369136913691,25.234253464915266
36.923692369236925,25.23534803341977
36.933693369336936,25.252397486272656
36.94369436943695,25.28632877617214
36.95369536953696,25.33785833483844
36.96369636963696,25.407086858539262
36.973697369736975,25.49349583458314
36.983698369836986,25.596289294846287
36.993699369937,25.714837503574845
37.003700370037,25.848745756308737
37.013701370137014,25.99748654242679
37.023702370237025,26.160117415489413
37.03370337033704,26.335301332736172
37.04370437043705,26.521369291937972
37.05370537053705,26.71635532003134
37.063706370637064,26.91808347485779
37.073707370737075,27.124242097660883
37.08370837083709,27.332420336178867
37.0937093709371,27.540164358399544
37.1037103710371,27.745014701612874
37.113711371137114,27.944458390970254
37.123712371237126,28.13581368171019
37.13371337133714,28.31617468255023
37.14371437143715,28.48258845232059
37.15371537153715,28.632425065460044
37.163716371637165,28.76361684955283
37.173717371737176,28.874556439866417
37.18371837183719,28.963833758641872
37.1937193719372,29.030139521340388
37.2037203720372,29.072411051207926
37.213721372137215,29.090030009992567
37.223722372237226,29.08287906849438
37.23372337233724,29.05125566366511
37.24372437243724,28.995772909513192
37.253725372537254,28.917335146450974
37.263726372637265,28.817152320083345
37.27372737273728,28.696706066507897
37.28372837283729,28.55765841297339
37.29372937293729,28.401776302290727
37.303730373037304,28.230931009254
37.313731373137315,28.047128486745752
37.32373237323733,27.852478327913538
37.33373337333734,27.649080408289976
37.34373437343734,27.438916539606783
37.353735373537354,27.22384050047644
37.363736373637366,27.005659737444848
37.37373737373738,26.786217455718063
37.38373837383739,26.567400461120947
37.39373937393739,26.351074807933045
37.403740374037405,26.13900027008011
37.413741374137416,25.932776165244398
37.42374237423743,25.73384444801954
37.43374337433744,25.543547473039528
37.44374437443744,25.36321169101368
37.453745374537455,25.194211547824683
37.463746374637466,25.037978275502187
37.47374737473748,24.895947323505816
37.48374837483748,24.769468213490235
37.493749374937494,24.659731185482396
37.503750375037505,24.567766563961918
37.51375137513752,24.49453220520864
37.52375237523753,24.441031581612712
37.53375337533753,24.408363991837714
37.543754375437544,24.39764212889596
37.553755375537555,24.40981864719745
37.56375637563757,24.445554243876224
37.57375737573758,24.50524533870428
37.58375837583758,24.58917771383466
37.593759375937594,24.69763539881907
37.603760376037606,24.83082961194708
37.61376137613762,24.988700384422327
37.62376237623763,25.170764770173147
37.63376337633763,25.37610379083731
37.643764376437645,25.60342093535641
37.653765376537656,25.851069295464708
37.66376637663767,26.117035986182124
37.67376737673768,26.398931261041437
37.68376837683768,26.69399750256011
37.693769376937695,26.999106690290724
37.703770377037706,27.310727932949465
37.71377137713772,27.624906899588808
37.72377237723772,27.937319355974168
37.733773377337734,28.24341219305542
37.743774377437745,28.538581219047607
37.75377537753776,28.81830928678795
37.76377637763777,29.07823667745871
37.77377737773777,29.31420556445538
37.783778377837784,29.52233641561705
37.793779377937796,29.69917360829283
37.80378037803781,29.841860327765943
37.81378137813782,29.948269870652407
37.82378237823782,30.017030830154788
37.833783378337834,30.047480808742883
37.843784378437846,30.039620578307048
37.85378537853786,29.994106156162935
37.86378637863787,29.91221735145134
37.87378737873787,29.795759552343853
37.883788378837885,29.646945138326018
37.893789378937896,29.46833434668329
37.90379037903791,29.262832460881064
37.91379137913792,29.033637583045593
37.92379237923792,28.78408248220475
37.933793379337935,28.51742672831461
37.943794379437946,28.236716760096005
37.95379537953796,27.944769432955805
37.96379637963796,27.644270574843674
37.973797379737974,27.337904566880958
37.983798379837985,27.02841144087406
37.993799379938,26.718486444072457
38.00380038003801,26.410565423815747
38.01380138013801,26.106678228027338
38.023802380238024,25.808516452577486
38.033803380338036,25.517665806385708
38.04380438043805,25.235821949865727
38.05380538053806,24.964842260056127
38.06380638063806,24.706639794512053
38.073807380738074,24.462999902087123
38.083808380838086,24.235448285615092
38.0938093809381,24.025246818040358
38.10381038103811,23.83356315693552
38.11381138113811,23.6617243272665
38.123812381238125,23.511384068715223
38.133813381338136,23.384439575930497
38.14381438143815,23.282738105610562
38.15381538153816,23.207789713961297
38.16381638163816,23.160762692474936
38.173817381738175,23.142764043802938
38.183818381838186,23.15513517169986
38.1938193819382,23.199461516601616
38.2038203820382,23.277283428614208
38.213821382138214,23.389811843375814
38.223822382238225,23.537874868735138
38.23382338233824,23.722056590775267
38.24382438243825,23.942749547442745
38.25382538253825,24.19998471876246
38.263826382638264,24.493186028412214
38.273827382738276,24.821078984718167
38.28382838283829,25.181795076029996
38.2938293829383,25.57297103507604
38.3038303830383,25.9916421614775
38.313831383138314,26.43398518903345
38.323832383238326,26.89512660334248
38.33383338333834,27.369205839860207
38.34383438343835,27.849610893178596
38.35383538353835,28.329211241469206
38.363836383638365,28.800470758754937
38.373837383738376,29.255527066731112
38.38383838383839,29.686351491331152
38.3938393839384,30.085026167638645
38.4038403840384,30.444053392663537
38.413841384138415,30.756627703644497
38.42384238423843,31.016884702687896
38.43384338433844,31.220171554000032
38.44384438443844,31.36329806826314
38.453845384538454,31.444636377173804
38.463846384638465,31.464023891535447
38.47384738473848,31.422598109262363
38.48384838483849,31.322699700256102
38.49384938493849,31.167811232480496
38.503850385038504,30.96235973955939
38.513851385138516,30.711360547442887
38.52385238523853,30.420067335859464
38.53385338533854,30.093810004049963
38.54385438543854,29.73798531858868
38.553855385538554,29.358021659994414
38.563856385638566,28.959196312179266
38.57385738573858,28.54636548726787
38.58385838583859,28.123759338364817
38.59385938593859,27.694983518251156
38.603860386038605,27.263202195708583
38.613861386138616,26.831349799589418
38.62386238623863,26.40219622304325
38.63386338633864,25.978278255787366
38.64386438643864,25.561822096755087
38.653865386538655,25.15478967497559
38.66386638663867,24.758957792574385
38.67386738673868,24.375924359559278
38.68386838683868,24.00707809992023
38.693869386938694,23.653653948746584
38.703870387038705,23.31694683975556
38.71387138713872,22.99848887464017
38.72387238723873,22.70003839727808
38.73387338733873,22.423370479567122
38.743874387438744,22.170098678142978
38.753875387538756,21.9416958642322
38.76387638763877,21.73968186386076
38.77387738773878,21.565796383669376
38.78387838783878,21.422035703672933
38.793879387938794,21.310599017828807
38.803880388038806,21.233832902677875
38.81388138813882,21.194211106495327
38.82388238823883,21.194271373606814
38.83388338833883,21.23651617257541
38.843884388438845,21.323341503298977
38.853885388538856,21.457046577335703
38.86388638863887,21.63988965503611
38.87388738873888,21.87410872623853
38.88388838883888,22.161838138651802
38.893889388938895,22.504884757107355
38.90389038903891,22.904395260167192
38.91389138913892,23.360547652461555
38.92389238923892,23.872381336940464
38.933893389338934,24.43774805695275
38.943894389438945,25.05322240916886
38.95389538953896,25.713910101539494
38.96389638963897,26.413258180134
38.97389738973897,27.142974498974574
38.983898389838984,27.893005227076447
38.993899389938996,28.651516643767867
39.00390039003901,29.40497750349389
39.01390139013902,30.138503373497894
39.02390239023902,30.836470909394514
39.033903390339034,31.483275090804433
39.043904390439046,32.064092065313396
39.05390539053906,32.56560229414703
39.06390639063907,32.976647531552715
39.07390739073907,33.28878019446102
39.083908390839085,33.49666956326451
39.093909390939096,33.59831217601189
39.10391039103911,33.59500979783654
39.11391139113912,33.491108350482044
39.123912391239124,33.293536172706375
39.133913391339135,33.01122846601116
39.14391439143915,32.654494023853694
39.15391539153916,32.23436303276476
39.16391639163916,31.76194952073878
39.173917391739174,31.247909020351255
39.183918391839185,30.702069896021623
39.1939193919392,30.133219645979267
39.20392039203921,29.54897605996453
39.21392139213921,28.95574383675286
39.223922392239224,28.35881326679545
39.233923392339236,27.76258702628687
39.24392439243925,27.1707661468089
39.25392539253926,26.58636811560028
39.26392639263926,26.011658054259215
39.273927392739274,25.448207382411123
39.283928392839286,24.89713116467351
39.2939293929393,24.359366923422062
39.30393039303931,23.83583652694671
39.31393139313931,23.327482561522256
39.323932393239325,22.83523345091332
39.333933393339336,22.35991954778986
39.34393439343935,21.902212777121125
39.35393539353936,21.462685665279434
39.363936393639364,21.041970043682326
39.373937393739375,20.640868723056595
39.38393839383939,20.260338922033515
39.3939393939394,19.901483340068996
39.4039403940394,19.565630374378493
39.413941394139414,19.25439311175138
39.423942394239425,18.969544878942056
39.43394339433944,18.71283453340746
39.44394439443945,18.486025550045266
39.45394539453945,18.291186856059184
39.463946394639464,18.13096076641014
39.473947394739476,18.008575475761802
39.48394839483949,17.927655967714784
39.4939493949395,17.89204020421846
39.5039503950395,17.90572918016252
39.513951395139514,17.97296581280962
39.523952395239526,18.098360539917472
39.53395339533954,18.286966912789463
39.54395439543955,18.54423887009203
39.55395539553955,18.875873764440172
39.563956395639565,19.287549509490077
39.573957395739576,19.78457836287237
39.58395839583959,20.371539474682407
39.5939593959396,21.05196052372309
39.603960396039604,21.828033792363435
39.613961396139615,22.700215426790784
39.62396239623963,23.666552818458896
39.63396339633964,24.721806157427757
39.64396439643964,25.85664281840692
39.653965396539654,27.05716596973348
39.663966396639665,28.304798032842687
39.67396739673968,29.576347091874172
39.68396839683969,30.84420191065395
39.69396939693969,32.07689443474658
39.703970397039704,33.24038465330821
39.713971397139716,34.30013883418813
39.72397239723973,35.22364242070266
39.73397339733974,35.98283561864818
39.74397439743974,36.55617088778136
39.753975397539755,36.93022452398158
39.763976397639766,37.100713243755806
39.77397739773978,37.072660100347896
39.78397839783979,36.85957760792018
39.79397939793979,36.48177912883432
39.803980398039805,35.96412010150399
39.813981398139816,35.333547468407495
39.82398239823983,34.616846785409386
39.83398339833984,33.83887174111872
39.843984398439844,33.02138830513719
39.853985398539855,32.18250094410215
39.86398639863987,31.336611431826874
39.87398739873988,30.49475402684351
39.88398839883988,29.6650306470377
39.893989398939894,28.85295445594894
39.903990399039905,28.061778082113424
39.91399139913992,27.29299784246144
39.92399239923993,26.547014793700576
39.93399339933993,25.823708569410122
39.943994399439944,25.122715120737187
39.953995399539956,24.4434364992681
39.96399639963997,23.78500246387284
39.97399739973998,23.14636471845047
39.98399839983998,22.52650379905611
39.993999399939995,21.924548573343326
40.004000400040006,21.339751929746594
40.01400140014002,20.771444430498946
40.02400240024003,20.21905446654705
40.03400340034003,19.68208661106056
40.044004400440045,19.160034589725676
40.054005400540056,18.652337018239702
40.06400640064007,18.158453401816004
40.07400740074008,17.677956299639362
40.084008400840084,17.21054873155305
40.094009400940095,16.75602801107984
40.10401040104011,16.31422707802534
40.11401140114012,15.884916401280751
40.12401240124012,15.46773731285211
40.134013401340134,15.06229775209706
40.144014401440145,14.668345396631866
40.15401540154016,14.285757885053465
40.16401640164017,13.91439420380611
40.17401740174017,13.554088392732401
40.184018401840184,13.204843778045893
40.194019401940196,12.866902889936608
40.20402040204021,12.540505178490983
40.21402140214022,12.225621699684806
40.22402240224022,11.922023287845292
40.234023402340235,11.62964723713487
40.244024402440246,11.348857066897091
40.25402540254026,11.080345129228839
40.26402640264027,10.824866810211194
40.27402740274027,10.58314604605404
40.284028402840285,10.356027046164506
40.294029402940296,10.144621645898953
40.30403040304031,9.950289177750456
40.31403140314032,9.774595520141142
40.324032403240324,9.619459077924628
40.334033403340335,9.487394707199217
40.34403440344035,9.38158645944915
40.35403540354036,9.305785721847943
40.36403640364036,9.264256730002296
40.374037403740374,9.26193783710427
40.384038403840385,9.304755665851937
40.3940394039404,9.399942601499335
40.40404040404041,9.556215915168393
40.41404140414041,9.783787645537178
40.424042404240424,10.094329006117517
40.434043404340436,10.501074530791236
40.44404440444045,11.019057563763418
40.45404540454046,11.665253585060317
40.46404640464046,12.458417315559775
40.474047404740475,13.418603779528963
40.484048404840486,14.566427334621322
40.4940494049405,15.92198532110335
40.50405040504051,17.50323181936858
40.51405140514051,19.3236477641275
40.524052405240525,21.389202127637965
40.534053405340536,23.694692875976102
40.54405440544055,26.21961206794854
40.55405540554056,28.923932556791918
40.564056405640564,31.744661898689984
40.574057405740575,34.59441576513741
40.58405840584059,37.36338703153177
40.5940594059406,39.92581123528041
40.6040604060406,42.15127019796739
40.614061406140614,43.920016622065056
40.624062406240625,45.13997074387567
40.63406340634064,45.761698586392356
40.64406440644065,45.787178366649655
40.65406540654065,45.269332379642165
40.664066406640664,44.301999463817296
40.674067406740676,43.00315015186659
40.68406840684069,41.49609574185056
40.6940694069407,39.89340436918862
40.7040704070407,38.28647295427597
40.714071407140715,36.74140404009562
40.724072407240726,35.30005419086518
40.73407340734074,33.98418999891916
40.74407440744075,32.800759282992665
40.75407540754075,31.746786976256576
40.764076407640765,30.8132706146083
40.774077407740776,29.988093294293513
40.78407840784079,29.25819379505542
40.7940794079408,28.611110808337266
40.804080408040804,28.03585419641269
40.814081408140815,27.523086904943998
40.82408240824083,27.064941558848307
40.83408340834084,26.654811790873293
40.84408440844084,26.287293205035542
40.854085408540854,25.958142626775615
40.864086408640865,25.66415964202511
40.87408740874088,25.40298308663393
40.88408840884089,25.172873962459764
40.89408940894089,24.97257493094798
40.904090409040904,24.80124850223947
40.914091409140916,24.65844093904145
40.92409240924093,24.54400576863154
40.93409340934094,24.457923481201092
40.94409440944094,24.4002109017227
40.954095409540955,24.370877576280108
40.964096409640966,24.370062698706842
40.97409740974098,24.398047252011498
40.98409840984099,24.45509968996775
40.99409940994099,24.5413095966052
41.004100410041005,24.656529992065753
41.014101410141016,24.800413518227327
41.02410241024103,24.972422730575353
41.03410341034104,25.171712920024873
41.044104410441044,25.39703510084455
41.054105410541055,25.646750329782257
41.06410641064107,25.918862103086777
41.07410741074108,26.211035210023184
41.08410841084109,26.520432435177884
41.094109410941094,26.843689082347613
41.104110411041106,27.176945132909037
41.11411141114112,27.51588814353257
41.12411241124113,27.855800439633867
41.13411341134113,28.19168858413453
41.144114411441144,28.518483725894612
41.154115411541156,28.831198394138063
41.16411641164117,29.124906093698716
41.17411741174118,29.394711831486745
41.18411841184118,29.63595139098674
41.194119411941195,29.844465782165244
41.204120412041206,30.016775457498987
41.21412141214122,30.150101074707045
41.22412241224123,30.24239810130438
41.23412341234123,30.29256372596693
41.244124412441245,30.3005035617917
41.254125412541256,30.26693010460385
41.26412641264127,30.19306608840444
41.27412741274128,30.080558809268865
41.284128412841284,29.931685246821228
41.294129412941295,29.749354570081326
41.30413041304131,29.53694227425965
41.31413141314132,29.298002127680547
41.32413241324133,29.036084796191144
41.334133413341334,28.754637609282074
41.344134413441346,28.45697329666325
41.35413541354136,28.1462308493205
41.36413641364137,27.8255184721196
41.37413741374137,27.497975156046387
41.384138413841384,27.16665409665908
41.394139413941396,26.83426244398032
41.40414041404141,26.50307121133188
41.41414141414142,26.17512516985088
41.42414241424142,25.852433054208333
41.434143414341435,25.537003360423153
41.444144414441446,25.230728599596812
41.45414541454146,24.935363341920738
41.46414641464147,24.652528512414
41.47414741474147,24.383719863072628
41.484148414841485,24.13038881626627
41.494149414941496,23.894110296822973
41.50415041504151,23.676628911209264
41.51415141514152,23.479648874024843
41.524152415241524,23.304603649069332
41.534153415341535,23.152809700953508
41.54415441544155,23.02578133687367
41.55415541554156,22.925270979152405
41.56415641564157,22.85310037854546
41.574157415741574,22.810948034889464
41.584158415841586,22.800454979642357
41.5941594159416,22.82326236358813
41.60416041604161,22.88087059243864
41.61416141614161,22.974504548063777
41.624162416241624,23.10529424812628
41.634163416341636,23.27445538639045
41.64416441644165,23.4831368340344
41.65416541654166,23.731908014953238
41.66416641664166,24.020500326215714
41.674167416741675,24.348046744766144
41.684168416841686,24.71336510745936
41.6941694169417,25.11482601712698
41.70417041704171,25.549854894984296
41.71417141714171,26.014670417935815
41.724172417241725,26.50448045194401
41.73417341734174,27.013668618303424
41.74417441744175,27.53584172574425
41.75417541754176,28.063700242008576
41.764176417641764,28.589071884132565
41.774177417741775,29.10305367610509
41.78417841784179,29.596310681625784
41.7941794179418,30.059567030787427
41.80418041804181,30.484090443488775
41.814181418141814,30.861934759624575
41.824182418241826,31.18589453552478
41.83418341834184,31.44967239873513
41.84418441844185,31.648299791657976
41.85418541854185,31.778694224190616
41.864186418641864,31.839819468943066
41.874187418741876,31.83245048892595
41.88418841884189,31.758829778535862
41.8941894189419,31.622453471616566
41.9041904190419,31.427797488181692
41.914191419141915,31.180082104124512
41.924192419241926,30.88515107393257
41.93419341934194,30.549339894732064
41.94419441944195,30.179263167272552
41.95419541954195,29.7812835950189
41.964196419641965,29.36108718342484
41.97419741974198,28.923678944195306
41.98419841984199,28.47371366708801
41.994199419942,28.015727293118104
42.004200420042004,27.553891341553964
42.014201420142015,27.09161090046567
42.02420242024203,26.631477970240763
42.03420342034204,26.175710822088334
42.04420442044205,25.726575457636194
42.054205420542054,25.286433220023497
42.064206420642066,24.857360382463717
42.07420742074208,24.440905439065542
42.08420842084209,24.03822167607082
42.09420942094209,23.650405073387446
42.104210421042104,23.2787429800708
42.114211421142116,22.92471945416432
42.12421242124213,22.589873861334127
42.13421342134214,22.275741361003178
42.14421442144214,21.983875578300175
42.154215421542155,21.715820353617985
42.164216421642166,21.473193032194274
42.17421742174218,21.25765081416632
42.18421842184219,21.07104325325876
42.19421942194219,20.915403903960335
42.204220422042205,20.79298397146905
42.21422142214222,20.706220809615843
42.22422242224223,20.657769661593015
42.23422342234224,20.65040652855219
42.244224422442244,20.686910275470108
42.254225422542255,20.77009890626684
42.26422642264227,20.902803312075513
42.27422742274228,21.08793791226197
42.28422842284229,21.328335268524
42.294229422942294,21.626540366786703
42.304230423042306,21.98456074846062
42.31423142314232,22.40388082956734
42.32423242324233,22.88532205061269
42.33423342334233,23.428887036769705
42.344234423442344,24.033254610048754
42.354235423542356,24.695415128898684
42.36423642364237,25.41043267139563
42.37423742374238,26.171454700652816
42.38423842384238,26.969667436879064
42.394239423942395,27.79421728117701
42.404240424042406,28.6320354659174
42.41424142414242,29.46795704518134
42.42424242424243,30.28510292455684
42.434243424342434,31.065534767230655
42.444244424442445,31.791110874974375
42.45424542454246,32.444451588067764
42.46424642464247,33.0097571833126
42.47424742474248,33.473677880239535
42.484248424842484,33.826045071122564
42.494249424942495,34.06040989909109
42.50425042504251,34.17444908601486
42.51425142514252,34.16990634341504
42.52425242524253,34.05228618182828
42.534253425342534,33.83016695075549
42.544254425442546,33.51440266673522
42.55425542554256,33.117314579376846
42.56425642564257,32.65185445712078
42.57425742574257,32.13096523827997
42.584258425842584,31.56702604559648
42.594259425942596,30.971404116935915
42.60426042604261,30.354053631118248
42.61426142614262,29.723147706389657
42.62426242624262,29.085433037433443
42.634263426342635,28.446378575624312
42.644264426442646,27.81053780290628
42.65426542654266,27.18166901244782
42.66426642664267,26.56255059192149
42.674267426742674,25.95499056958766
42.684268426842685,25.360181728609657
42.6942694269427,24.779041924939087
42.70427042704271,24.212481377660566
42.71427142714272,23.661337278318108
42.724272427242724,23.12629933146193
42.734273427342735,22.607547480770528
42.74427442744275,22.105360949193305
42.75427542754276,21.620031608240616
42.76427642764277,21.152215512517493
42.774277427742774,20.702634823258876
42.784278427842786,20.27171768232051
42.7942794279428,19.859941513215446
42.80428042804281,19.467918577889563
42.81428142814281,19.096780922548387
42.824282428242824,18.74778803361538
42.834283428342836,18.422237223870813
42.84428442844285,18.12146303582156
42.85428542854286,17.84709427000577
42.86428642864286,17.601221996066705
42.874287428742875,17.386237507981264
42.884288428842886,17.20461658256744
42.8942894289429,17.059133550412188
42.90429042904291,16.953186340022803
42.914291429142914,16.890706028683447
42.924292429242925,16.876090974477368
42.93429342934294,16.914052408382396
42.94429442944295,17.009695575982732
42.95429542954296,17.168694430801388
42.964296429642964,17.397149755630608
42.974297429742975,17.701523175228015
42.98429842984299,18.088469980525108
42.994299429943,18.564847362124482
43.00430043004301,19.1373230208665
43.014301430143014,19.811848581984968
43.024302430243026,20.59312644633025
43.03430343034304,21.48415056407836
43.04430443044305,22.485637875949685
43.05430543054305,23.59517948737544
43.064306430643065,24.80623555537436
43.074307430743076,26.107278408210984
43.08430843084309,27.48114135332702
43.0943094309431,28.904555408880586
43.1043104310431,30.34806229268451
43.114311431143115,31.776593727789656
43.124312431243126,33.15080134992067
43.13431343134314,34.42900655847185
43.14431443144315,35.56969215250254
43.154315431543154,36.53460078442753
43.164316431643165,37.29220904464472
43.17431743174318,37.82082644287041
43.18431843184319,38.110488484174965
43.1943194319432,38.1633583241852
43.204320432043204,37.99289034197277
43.214321432143215,37.622023420651445
43.22432243224323,37.08050511298383
43.23432343234324,36.4016382726508
43.24432443244325,35.61912079712672
43.254325432543254,34.76457509374969
43.264326432643266,33.86586816848151
43.27432743274328,32.94606434221365
43.28432843284329,32.02304130988949
43.29432943294329,31.109859270036566
43.304330433043305,30.21559377023216
43.314331433143316,29.34610073062719
43.32433243324333,28.504547976227993
43.33433343334334,27.692026204900436
43.34433443344334,26.90838891781956
43.354335433543355,26.152955303954567
43.364336433643366,25.424711453615146
43.37433743374338,24.722233273825285
43.38433843384339,24.04381172846721
43.394339433943394,23.38781537318505
43.404340434043405,22.752882955082153
43.41434143414342,22.137798750562713
43.42434243424343,21.541393274874032
43.43434343434344,20.96269348376788
43.444344434443444,20.401059841838816
43.454345434543455,19.855982480075888
43.46434643464347,19.32675444385724
43.47434743474348,18.812500901728995
43.48434843484349,18.312551256224168
43.494349434943494,17.826628984145174
43.504350435043506,17.35458009149973
43.51435143514352,16.896023544118002
43.52435243524353,16.4503903320171
43.53435343534353,16.017247599962452
43.544354435443545,15.596447145003985
43.554355435543556,15.187941975052912
43.56435643564357,14.791572801023639
43.57435743574358,14.407079219921703
43.58435843584358,14.034258064236758
43.594359435943595,13.673053802609791
43.604360436043606,13.323512312176845
43.61436143614362,12.98567291459926
43.62436243624363,12.65951582412691
43.634363436343634,12.345044586980746
43.644364436443645,12.042444762621345
43.65436543654366,11.752152010445396
43.66436643664367,11.474733956999414
43.67436743674368,11.21074677352943
43.684368436843684,10.960797702829481
43.694369436943695,10.725769168473171
43.70437043704371,10.506904846182763
43.71437143714372,10.305651482238458
43.72437243724373,10.123544937103743
43.734373437343734,9.962408378531174
43.744374437443746,9.824701877047842
43.75437543754376,9.713629590576861
43.76437643764377,9.632957993578785
43.77437743774377,9.586923115966012
43.784378437843785,9.580492202749674
43.794379437943796,9.619736339452132
43.80438043804381,9.711962277557118
43.81438143814382,9.865646573989817
43.82438243824382,10.090521535702027
43.834383438343835,10.397902225245414
43.844384438443846,10.800972970067628
43.85438543854386,11.314781739272362
43.86438643864387,11.95602874261177
43.874387438743874,12.742836213252888
43.884388438843885,13.694451472368188
43.8943894389439,14.830674223774182
43.90439043904391,16.170793933111476
43.91439143914392,17.7319131626461
43.924392439243924,19.52660866888506
43.934393439343935,21.55994141253344
43.94439443944395,23.825941727750745
43.95439543954396,26.303732955859147
43.96439643964397,28.953624553957415
43.974397439743974,31.713933278866975
43.984398439843986,34.49972173182869
43.994399439944,37.204762122169996
44.00440044004401,39.707739155903774
44.01440144014401,41.8830612440476
44.024402440244025,43.6155402240893
44.034403440344036,44.8166320600488
44.04440444044405,45.43853212734034
44.05440544054406,45.48223999042603
44.06440644064406,44.99709450107987
44.074407440744075,44.07163226723552
44.084408440844086,42.81808195662515
44.0944094409441,41.35461075126534
44.10441044104411,39.78984233731624
44.114411441144114,38.21277919397164
44.124412441244125,36.688775533286005
44.13441344134414,35.26017972177864
44.14441444144415,33.949723684586495
44.15441544154416,32.765181685186604
44.164416441644164,31.704261082411225
44.174417441744176,30.7588413808008
44.18441844184419,29.918017701089376
44.1944194419442,29.169991904140776
44.20442044204421,28.503224892750556
44.214421442144214,27.90715715452145
44.224422442244226,27.37256949941844
44.23442344234424,26.89168993115939
44.24442444244425,26.45819451978675
44.25442544254425,26.067110963848158
44.264426442644265,25.71457972948235
44.274427442744276,25.397577803163056
44.28442844284429,25.113800864685707
44.2944294429443,24.86165033283349
44.3044304430443,24.640126508902483
44.314431443144315,24.448606861448905
44.324432443244326,24.286715893777263
44.33443344334434,24.15434713722235
44.34443444344435,24.0516776492639
44.354435443544354,23.97910084042018
44.364436443644365,23.937135890862727
44.37443744374438,23.926319991538257
44.38443844384439,23.947069075756357
44.3944394439444,23.99963146847819
44.404440444044404,24.084228258494754
44.414441444144416,24.201177084284623
44.42444244424443,24.35073442972741
44.43444344434444,24.532781505743575
44.44444444444445,24.746702798752462
44.454445444544454,24.99146591471334
44.464446444644466,25.26563192320207
44.47444744474448,25.567252021054617
44.48444844484449,25.893853078999662
44.49444944494449,26.242506298882716
44.504450445044505,26.609784934956206
44.514451445144516,26.991615509214917
44.52445244524453,27.383263037339844
44.53445344534454,27.77945681326721
44.54445444544454,28.174431285817363
44.554455445544555,28.561932457554025
44.564456445644566,28.935486375847375
44.57445744574458,29.288887549299144
44.58445844584459,29.616408872090368
44.594459445944594,29.912563658012644
44.604460446044605,30.17193612290299
44.61446144614462,30.389563802250017
44.62446244624463,30.561561797949643
44.63446344634464,30.685373116893317
44.644464446444644,30.759593664404665
44.654465446544656,30.783807977020416
44.66446644664467,30.758590177098757
44.67446744674468,30.685435658657568
44.68446844684469,30.566565981830124
44.694469446944694,30.404821617393736
44.704470447044706,30.20366259933408
44.71447144714472,29.96705101479173
44.72447244724473,29.699189892569276
44.73447344734473,29.404340775979485
44.744474447444745,29.08677963559997
44.754475447544756,28.750718550368177
44.76447644764477,28.400151098314204
44.77447744774478,28.038764282751465
44.78447844784478,27.669958198700783
44.794479447944795,27.29686876077335
44.80448044804481,26.92233124160557
44.81448144814482,26.548844817107412
44.82448244824483,26.17864695879469
44.834483448344834,25.813909881751407
44.844484448444845,25.45687313824131
44.85448544854486,25.109673220113148
44.86448644864487,24.77402716951665
44.87448744874488,24.45125163005167
44.884488448844884,24.142707888175295
44.894489448944896,23.850088908278384
44.90449044904491,23.575166607576406
44.91449144914492,23.31946733400957
44.92449244924493,23.08438916374675
44.934493449344934,22.871490006467514
44.944494449444946,22.682477660281904
44.95449544954496,22.519066519792986
44.96449644964497,22.383034621405063
44.97449744974497,22.2762884970301
44.984498449844985,22.20070468858848
44.994499449944996,22.15803244507573
45.00450045004501,22.150120033732545
45.01450145014502,22.179082076180674
45.02450245024502,22.24703346811887
45.034503450345035,22.355736228294145
45.04450445044505,22.506647428418677
45.05450545054506,22.701199059361194
45.06450645064507,22.94079639041384
45.074507450745074,23.22648814277659
45.084508450845085,23.558657787480897
45.0945094509451,23.936911955026837
45.10451045104511,24.360056020155234
45.11451145114512,24.826060371730307
45.124512451245124,25.331992413673245
45.134513451345136,25.873880514624204
45.14451445144515,26.44649754862905
45.15451545154516,27.043173239082833
45.16451645164517,27.655812774525327
45.174517451745174,28.275162161801962
45.184518451845186,28.891128975409718
45.1945194519452,29.492952341179667
45.20452045204521,30.069265412784798
45.21452145214521,30.608354884450293
45.224522452245225,31.098823385687034
45.234523452345236,31.530423108902205
45.24452445244525,31.894553447490445
45.25452545254526,32.18427125228046
45.26452645264526,32.394275425423714
45.274527452745275,32.5212913180672
45.28452845284529,32.56457302868608
45.2945294529453,32.52594225396649
45.30453045304531,32.40934524238077
45.314531453145314,32.220332411433105
45.324532453245325,31.965575957199746
45.33453345334534,31.65238044041281
45.34453445344535,31.28841419285131
45.35453545354536,30.88170718065918
45.364536453645364,30.440383279579144
45.374537453745376,29.97192711334784
45.38453845384539,29.482771508127293
45.3945394539454,28.97870918787537
45.40454045404541,28.465281555386305
45.414541454145414,27.947337096423205
45.424542454245426,27.42849951183168
45.43454345434544,26.911568287620938
45.44454445444545,26.3993175175903
45.45454545454545,25.89452922885676
45.464546454645465,25.399416570931752
45.474547454745476,24.915463193539903
45.48454845484549,24.443844704351687
45.4945494549455,23.985760210810902
45.504550455045504,23.542421692658646
45.514551455145515,23.115024712982233
45.52455245524553,22.704817263750783
45.53455345534554,22.31307318220934
45.54455445544555,21.94096302331608
45.554555455545554,21.589544015845224
45.564556455645565,21.25994176798918
45.57455745574558,20.95355889403554
45.58455845584559,20.672147635453364
45.5945594559456,20.41769767203556
45.604560456045604,20.192196270951538
45.614561456145616,19.997451143501863
45.62456245624563,19.83526985928742
45.63456345634564,19.707998497035717
45.64456445644565,19.618850652614395
45.654565456545654,19.571492348461803
45.664566456645666,19.569258374690733
45.67456745674568,19.614984906340823
45.68456845684569,19.711693319934138
45.69456945694569,19.8632283435798
45.704570457045705,20.074000967141778
45.714571457145716,20.34810530084456
45.72457245724573,20.688782928107145
45.73457345734574,21.098728855662443
45.744574457445744,21.580650818976522
45.754575457545755,22.13705148238175
45.76457645764577,22.76909002757247
45.77457745774578,23.475613621372922
45.78457845784579,24.253242685384443
45.794579457945794,25.09684919766366
45.804580458045805,25.99924002749698
45.81458145814582,26.950182884338837
45.82458245824583,27.935933557336813
45.83458345834584,28.939621797122136
45.844584458445844,29.94177783453309
45.854585458545856,30.920628147002116
45.86458645864587,31.8526756348464
45.87458745874588,32.71398179082703
45.88458845884589,33.481772817551445
45.894589458945894,34.135775102215064
45.904590459045906,34.65922185299611
45.91459145914592,35.039856284317494
45.92459245924593,35.270903411900484
45.93459345934593,35.35155932311682
45.944594459445945,35.286776708928876
45.954595459545956,35.0865558247909
45.96459645964597,34.76484936093921
45.97459745974598,34.338057632803434
45.984598459845984,33.8235157709792
45.994599459945995,33.238532354152255
46.00460046004601,32.59986810902517
46.01460146014602,31.923075084534823
46.02460246024603,31.22165886181378
46.034603460346034,30.506585256584028
46.044604460446045,29.78637318465287
46.05460546054606,29.06757474602394
46.06460646064607,28.355314957115805
46.07460746074608,27.653585033675732
46.084608460846084,26.965189630022316
46.094609460946096,26.291735866642583
46.10461046104611,25.634041098989744
46.11461146114612,24.992674586885578
46.12461246124613,24.36809694005736
46.134613461346134,23.760477019777
46.144614461446146,23.169688137207768
46.15461546154616,22.595560124084653
46.16461646164617,22.038020909339878
46.17461746174618,21.497005137724752
46.184618461846185,20.972428352500746
46.194619461946196,20.464332571352074
46.20462046204621,19.97287250422728
46.21462146214622,19.498031618875487
46.224622462246224,19.039600787077415
46.234623462346235,18.59768080018871
46.24462446244625,18.172991897176274
46.25462546254626,17.766414853422692
46.26462646264627,17.378457442275213
46.274627462746274,17.00947515094287
46.284628462846285,16.660189905737443
46.2946294629463,16.331702951828643
46.30463046304631,16.025253393259568
46.31463146314632,15.74230935431748
46.324632463246324,15.484771068736443
46.334633463346336,15.254872096375298
46.34463446344635,15.055008810025802
46.35463546354636,14.887845104018652
46.36463646364637,14.756569981869026
46.374637463746375,14.66505958613232
46.384638463846386,14.617902484339243
46.3946394639464,14.620333055230212
46.40464046404641,14.67813741135431
46.41464146414642,14.797665674736347
46.424642464246425,14.986027619388384
46.434643464346436,15.25130977013604
46.44464446444645,15.602505190426799
46.45464546454646,16.049138873121983
46.464646464646464,16.600974407242344
46.474647464746475,17.267937150638623
46.48464846484649,18.059785039260106
46.4946494649465,18.98527673172225
46.50465046504651,20.051281134953864
46.514651465146514,21.26194855056064
46.524652465246525,22.617410196175673
46.53465346534654,24.112053518984876
46.54465446544655,25.73312046892686
46.55465546554656,27.45964384122794
46.564656465646564,29.261223789155423
46.574657465746576,31.09719120673018
46.58465846584659,32.91731181206551
46.5946594659466,34.6640504485988
46.60466046604661,36.27576272869544
46.614661466146615,37.690978458375454
46.624662466246626,38.854101499504424
46.63466346634664,39.72155842470407
46.64466446644665,40.26664858418551
46.65466546654666,40.482153311461154
46.664666466646665,40.38068126783973
46.674667466746676,39.992703701777174
46.68466846684669,39.36213945226769
46.6946694669467,38.54032356160564
46.704670467046704,37.58011153948881
46.714671467146715,36.531193197968335
46.72467246724673,35.43658082622975
46.73467346734674,34.330500818672974
46.74467446744675,33.238269799560015
46.754675467546754,32.17748442302712
46.764676467646765,31.159144372884377
46.77467746774678,30.188598454093178
46.78467846784679,29.267055782569486
46.7946794679468,28.39337754035462
46.804680468046804,27.56530537014565
46.814681468146816,26.78001327317737
46.82468246824683,26.034293049356826
46.83468346834684,25.324574105387082
46.84468446844685,24.647284893362837
46.854685468546855,23.999647950388397
46.864686468646866,23.379934958002618
46.87468746874688,22.7866715384876
46.88468846884689,22.217941032133155
46.8946894689469,21.671935007953508
46.904690469046905,21.14787660863704
46.914691469146916,20.645773142904112
46.92469246924693,20.16537316094271
46.93469346934694,19.70602781245787
46.944694469446944,19.267576320517346
46.954695469546955,18.850556069972686
46.96469646964697,18.455436564070585
46.97469746974698,18.082516848799962
46.98469846984699,17.73273251494612
46.994699469946994,17.407692420681652
47.004700470047005,17.10879362044616
47.01470147014702,16.837132288052373
47.02470247024703,16.5944144578222
47.03470347034704,16.383308081171926
47.044704470447044,16.206901599590836
47.054705470547056,16.068213320684222
47.06470647064707,15.97026314804327
47.07470747074708,15.916669196563028
47.08470847084709,15.912376531525691
47.094709470947095,15.963497853412424
47.104710471047106,16.076121579853872
47.11471147114712,16.25580648490643
47.12471247124713,16.508823197074136
47.13471347134714,16.843280950420876
47.144714471447145,17.2680554549561
47.154715471547156,17.790944294941095
47.16471647164717,18.41884629085302
47.17471747174718,19.159157405311312
47.184718471847184,20.019046702457512
47.194719471947195,21.00290527640177
47.20472047204721,22.11151703960822
47.21472147214722,23.34282290181412
47.22472247224723,24.690677750600862
47.234723472347234,26.142023348862814
47.244724472447245,27.676224076536585
47.25472547254726,29.26612010228964
47.26472647264727,30.877555672741742
47.27472747274728,32.46843306573479
47.284728472847284,33.99056080163945
47.294729472947296,35.39363697053202
47.30473047304731,36.62886958445289
47.31473147314732,37.6523063110781
47.32473247324733,38.428803034297914
47.334733473347335,38.93573146364698
47.344734473447346,39.16530728988671
47.35473547354736,39.12537394831185
47.36473647364737,38.83802813184949
47.37473747374738,38.335757460493554
47.384738473847385,37.65693050862058
47.394739473947396,36.84270072663347
47.40474047404741,35.93408827774087
47.41474147414742,34.967600235074265
47.424742474247424,33.972294758212435
47.434743474347435,32.97115796660344
47.44474447444745,31.982980267070978
47.45474547454746,31.020741066951043
47.46474647464747,30.090338056104304
47.474747474747474,29.193973411639316
47.484748474847486,28.333833470131914
47.4947494749475,27.51119045606105
47.50475047504751,26.724334233271954
47.51475147514752,25.969852360226906
47.524752475247524,25.24517966998314
47.534753475347536,24.548890708501926
47.54475447544755,23.879448645795637
47.55475547554756,23.234782906469544
47.56475647564757,22.61284543792023
47.574757475747575,22.011998967460226
47.584758475847586,21.43108301945336
47.5947594759476,20.86946436040104
47.60476047604761,20.32671847297619
47.61476147614762,19.8021099805842
47.624762476247625,19.294697982430677
47.634763476347636,18.803764717428656
47.64476447644765,18.328915290942174
47.65476547654766,17.87020502550965
47.664766476647664,17.42823389249416
47.674767476747675,17.003320850418657
47.68476847684769,16.594760398947486
47.6947694769477,16.20176776050268
47.70477047704771,15.824957568635295
47.714771477147714,15.46606518204323
47.724772477247726,15.126331546865433
47.73477347734774,14.80583057067211
47.74477447744775,14.504451459228852
47.75477547754776,14.223133353270857
47.764776477647764,13.964043944679162
47.774777477747776,13.729848186803128
47.78477847784779,13.523011072369272
47.7947794779478,13.345746875164131
47.80478047804781,13.20047900278693
47.814781478147815,13.090385525503814
47.824782478247826,13.019694135319664
47.83478347834784,12.9937041690916
47.84478447844785,13.018601369757151
47.85478547854786,13.101251265826436
47.864786478647865,13.249114860072249
47.874787478747876,13.470365404982562
47.88478847884789,13.774162852668058
47.8947894789479,14.170898980393664
47.904790479047904,14.672217213618067
47.914791479147915,15.290726608917536
47.92479247924793,16.03946518509065
47.93479347934794,16.93121525267568
47.94479447944795,17.977725907803592
47.954795479547954,19.188765889159836
47.964796479647966,20.570871527065176
47.97479747974798,22.125695256072895
47.98479847984799,23.848007440652943
47.994799479948,25.723556836800018
48.004800480048004,27.727044167276173
48.014801480148016,29.82052806732586
48.02480248024803,31.95265523776959
48.03480348034804,34.05927837493702
48.04480448044805,36.06600859209634
48.054805480548055,37.89310167936907
48.064806480648066,39.46247423662692
48.07480748074808,40.70602126574907
48.08480848084809,41.573780965876594
48.0948094809481,42.04026336929094
48.104810481048105,42.10750864561855
48.11481148114812,41.804159580469474
48.12481248124813,41.18072465207009
48.13481348134814,40.30207368330382
48.144814481448144,39.23876594058955
48.154815481548155,38.05891493148681
48.16481648164817,36.822029196887875
48.17481748174818,35.57558659445738
48.18481848184819,34.35426027531427
48.194819481948194,33.181065698198346
48.204820482048206,32.069452847626714
48.21482148214822,31.02559833063646
48.22482248224823,30.050483380225767
48.23482348234824,29.141627200424807
48.244824482448244,28.294478397495368
48.254825482548256,27.50352278803316
48.26482648264827,26.763151473584283
48.27482748274828,26.068257933267407
48.28482848284829,25.4144881237099
48.294829482948295,24.79817652774464
48.304830483048306,24.21617562257345
48.31483148314832,23.665811684382525
48.32483248324833,23.145000385450246
48.33483348334834,22.65233428997094
48.344834483448345,22.186991338434904
48.35483548354836,21.748529763443432
48.36483648364837,21.336767689727637
48.37483748374838,20.951821736124593
48.384838483848384,20.594191461129014
48.394839483948395,20.264751875183855
48.40484048404841,19.964653572237033
48.41484148414842,19.6952327206128
48.42484248424843,19.458002978672074
48.434843484348434,19.254714591037082
48.444844484448446,19.087447075098197
48.45484548454846,18.95871934403931
48.46484648464847,18.871553822214334
48.47484748474848,18.82942896456742
48.484848484848484,18.836108366818237
48.494849484948496,18.89546597517714
48.50485048504851,19.01143188248841
48.51485148514852,19.188072701780627
48.52485248524853,19.429669370578097
48.534853485348535,19.740670915786673
48.544854485448546,20.125513055729044
48.55485548554856,20.588352819016787
48.56485648564857,21.132752475955073
48.57485748574858,21.761283241825655
48.584858485848585,22.475053029141115
48.5948594859486,23.27321847123452
48.60486048604861,24.152558029598264
48.61486148614862,25.107114481861153
48.624862486248624,26.127831711946815
48.634863486348635,27.202163111819765
48.64486448644865,28.313747752968155
48.65486548654866,29.442330493886534
48.66486648664867,30.564086091992458
48.674867486748674,31.652367508452492
48.684868486848686,32.67886120059321
48.6948694869487,33.61509763303763
48.70487048704871,34.43425762421412
48.71487148714872,35.11307484728534
48.724872487248724,35.63355018000405
48.734873487348736,35.98417760458334
48.74487448744875,36.16055919176792
48.75487548754876,36.165434425210194
48.76487648764877,36.008187429644344
48.774877487748775,35.7038343924273
48.784878487848786,35.27153246152957
48.7948794879488,34.732770441977756
48.80488048804881,34.109546702036425
48.81488148814882,33.42282468025091
48.824882488248825,32.69145904797896
48.83488348834884,31.93161927509041
48.84488448844885,31.156654071849132
48.85488548854886,30.377239166764056
48.864886488648864,29.601633164007033
48.874887488748875,28.835913449142794
48.88488848884889,28.08421566718244
48.8948894889489,27.349068924364513
48.90489048904891,26.631868246585825
48.914891489148914,25.93335245225165
48.924892489248926,25.2538947951007
48.93489348934894,24.593556701944472
48.94489448944895,23.952054424766146
48.95489548954896,23.328824739963878
48.964896489648964,22.723219417178807
48.974897489748976,22.134681346404523
48.98489848984899,21.562786854918624
48.994899489949,21.00718130571017
49.00490049004901,20.46752742930142
49.014901490149015,19.94351988711897
49.024902490249026,19.434926495846177
49.03490349034904,18.94159733349212
49.04490449044905,18.463426762944966
49.05490549054906,18.000305304421296
49.064906490649065,17.55209722267846
49.07490749074908,17.118681353302794
49.08490849084909,16.70004465246582
49.0949094909491,16.29636431375355
49.104910491049104,15.908000949801618
49.114911491149115,15.535409912533362
49.12491249124913,15.17908169912183
49.13491349134914,14.839593400160624
49.14491449144915,14.517720830722919
49.154915491549154,14.214472929823387
49.164916491649166,13.931013215912387
49.17491749174918,13.668600865911444
49.18491849184919,13.42869100316213
49.1949194919492,13.213160494002512
49.204920492049204,13.024478281969936
49.214921492149216,12.865689422348867
49.22492249224923,12.740297922637685
49.23492349234924,12.652225658963673
49.24492449244925,12.605947865215695
49.254925492549255,12.606717820261297
49.264926492649266,12.66073589380108
49.27492749274928,12.775211674220746
49.28492849284929,12.958376570540302
49.2949294929493,13.219511984547921
49.304930493049305,13.568996239496755
49.31493149314932,14.018301142023226
49.32493249324933,14.579892995597826
49.33493349334934,15.266984236410094
49.344934493449344,16.093100276089977
49.354935493549355,17.071431061596144
49.36493649364937,18.213940550522487
49.37493749374938,19.530169842882177
49.38493849384939,21.025649857557568
49.394939493949394,22.69991850443261
49.404940494049406,24.544298001848972
49.41494149414942,26.539673182230967
49.42494249424943,28.65449697585879
49.43494349434944,30.843306927081695
49.444944494449445,33.04625873015653
49.454945494549456,35.19045687874234
49.46494649464947,37.1937843272316
49.47494749474948,38.97139984620098
49.48494849484949,40.444269588644076
49.494949494949495,41.5483599238658
49.504950495049506,42.24271086441
49.51495149514952,42.51466906882129
49.52495249524953,42.38109127652258
49.53495349534954,41.88519432018826
49.544954495449545,41.08974147236839
49.55495549554956,40.06804250214883
49.56495649564957,38.89468356086138
49.57495749574958,37.63777191755069
49.584958495849584,36.35386144730498
49.594959495949595,35.085813480673835
49.60496049604961,33.86306299397594
49.61496149614962,32.70341742708017
49.62496249624963,31.61556621830806
49.634963496349634,30.60170771887679
49.644964496449646,29.65988721152513
49.65496549654966,28.785790545069457
49.66496649664967,27.97393293506024
49.67496749674968,27.21838180368389
49.684968496849685,26.513247649829687
49.694969496949696,25.853117225013136
49.70497049704971,25.233409229405563
49.71497149714972,24.650521612380963
49.72497249724973,24.101682250884235
49.734973497349735,23.58465982241991
49.744974497449746,23.097602923709623
49.75497549754976,22.639135203382878
49.76497649764977,22.20855180248152
49.77497749774978,21.80582539534084
49.784978497849785,21.43132848804728
49.7949794979498,21.085533209020575
49.80498049804981,20.76895215312605
49.81498149814982,20.48233971454702
49.824982498249824,20.22689058566356
49.834983498349835,20.00424855734845
49.84498449844985,19.8163941884099
49.85498549854986,19.665591929237117
49.86498649864987,19.554384051087638
49.874987498749874,19.485564513683116
49.884988498849886,19.462127520767414
49.8949894989499,19.487267430612057
49.90499049904991,19.564449024142025
49.91499149914992,19.697421913555885
49.924992499249925,19.890110807110066
49.934993499349936,20.146429986947656
49.94499449944995,20.470103827808337
49.95499549954996,20.864492640663155
49.96499649964997,21.332434446376528
49.974997499749975,21.87609516185455
49.984998499849986,22.496750084221873
49.99499949995,23.194412697321773
50.00500050005001,23.96726984187388
50.01500150015002,24.811017994170587
50.025002500250025,25.71838837824255
50.03500350035004,26.678983847152736
50.04500450045005,27.67939468892481
50.05500550055006,28.7033715896479
50.065006500650064,29.73191560531586
50.075007500750075,30.743405572213657
50.08500850085009,31.714055125676463
50.0950095009501,32.618879748204016
50.10501050105011,33.43329314314557
50.115011501150114,34.13491090755957
50.125012501250126,34.70517655842123
50.13501350135014,35.13045745286735
50.14501450145015,35.40271725013286
50.15501550155016,35.51985945123937
50.165016501650165,35.4856917503387
50.175017501750176,35.30943315847679
50.18501850185019,35.00464436491065
50.1950195019502,34.58790948260679
50.20502050205021,34.07747077927743
50.215021502150215,33.49195839194971
50.225022502250226,32.84923912892973
50.23502350235024,32.16547528560877
50.24502450245025,31.454570136324033
50.25502550255026,30.728054693940287
50.265026502650265,29.995278333209562
50.27502750275028,29.26367309796467
50.28502850285029,28.538953154606393
50.2950295029503,27.825264188313973
50.305030503050304,27.125295808181185
50.315031503150315,26.440559994546415
50.32503250325033,25.771842628753557
50.33503350335034,25.119667910125997
50.34503450345035,24.4845457188615
50.355035503550354,23.866925317526086
50.365036503650366,23.266933907685583
50.37503750375038,22.68420503905043
50.38503850385039,22.117998054848435
50.3950395039504,21.56766250879876
50.405040504050405,21.03312119694916
50.415041504150416,20.514871350936442
50.42504250425043,20.01351234549344
50.43504350435044,19.52915742103852
50.44504450445045,19.061388101125722
50.455045504550455,18.609724217742926
50.465046504650466,18.174163742347332
50.47504750475048,17.755255813406094
50.48504850485049,17.353792755869634
50.4950495049505,16.970507350991056
50.505050505050505,16.60604216953211
50.51505150515052,16.261101712472815
50.52505250525053,15.936579373925198
50.53505350535054,15.633662925358621
50.545054505450544,15.353857426200754
50.555055505550555,15.098992741378527
50.56505650565057,14.871202420607851
50.57505750575058,14.67292715884897
50.58505850585059,14.506966166169596
50.595059505950594,14.376592019064903
50.605060506050606,14.285618556978129
50.61506150615062,14.23846433392593
50.62506250625063,14.240268543752805
50.63506350635064,14.297006378586799
50.645064506450645,14.415516115852096
50.655065506550656,14.603413949303173
50.66506650665067,14.86898826614736
50.67506750675068,15.221222140004665
50.68506850685069,15.669870236544897
50.695069506950695,16.225354134713157
50.705070507050706,16.89835828873555
50.71507150715072,17.699269822161167
50.72507250725073,18.637580823693952
50.73507350735074,19.721163829268306
50.745074507450745,20.9552023623551
50.75507550755076,22.340747208122018
50.76507650765077,23.873036123706257
50.77507750775078,25.539825540754862
50.785078507850784,27.319923392016932
50.795079507950796,29.1820908344093
50.80508050805081,31.084601100621715
50.81508150815082,32.97562814405108
50.82508250825083,34.79489811128851
50.835083508350834,36.47684772358778
50.845084508450846,37.95566974010005
50.85508550855086,39.1716578220948
50.86508650865087,40.07787900684202
50.87508750875088,40.6455441255038
50.885088508850885,40.867105716128606
50.895089508950896,40.756478001218426
50.90509050905091,40.34650774233641
50.91509150915092,39.68420069110107
50.92509250925093,38.82454631710941
50.935093509350935,37.82418263895731
50.945094509450946,36.73595298762793
50.95509550955096,35.60520012728926
50.96509650965097,34.46788651207962
50.97509750975098,33.35028645473862
50.985098509850985,32.269877700996915
50.995099509951,31.236892936667605
51.00510051005101,30.2561099766626
51.01510151015102,29.328529250557864
51.025102510251024,28.45266944480903
51.035103510351036,27.625587322809956
51.04510451045105,26.84360185500744
51.05510551055106,26.102794254700125
51.06510651065107,25.399383437444616
51.075107510751074,24.72999903905042
51.085108510851086,24.09187114399431
51.0951095109511,23.482804749646295
51.10511051105111,22.900981088401792
51.11511151115112,22.344775058830102
51.125112511251125,21.812784341229808
51.135113511351136,21.303960656280193
51.14511451145115,20.8176930546219
51.15511551155116,20.353755532722374
51.16511651165117,19.912216703058505
51.175117511751175,19.493374403442978
51.185118511851186,19.09770898087699
51.1951195119512,18.725871716923713
51.20512051205121,18.378768564761593
51.21512151215122,18.057572603840477
51.225122512251225,17.763690375020698
51.23512351235124,17.498643240651056
51.24512451245125,17.264142380989234
51.25512551255126,17.062395208574085
51.26512651265127,16.896269008982983
51.275127512751276,16.76920431012191
51.28512851285129,16.684923010715078
51.2951295129513,16.647410004093743
51.30513051305131,16.661048971237392
51.315131513151314,16.73084850363237
51.325132513251326,16.862420027953185
51.33513351335134,17.06187972005212
51.34513451345135,17.33573729308363
51.35513551355136,17.690905782240193
51.365136513651365,18.13454093189339
51.375137513751376,18.67363071399305
51.38513851385139,19.314647611967054
51.3951395139514,20.06322739500345
51.40514051405141,20.923685131604863
51.415141514151415,21.898301381176793
51.42514251425143,22.986396223904855
51.43514351435144,24.183401500741272
51.44514451445145,25.480031258727877
51.45514551455146,26.861392294643608
51.465146514651465,28.306115342058142
51.47514751475148,29.78617715619616
51.48514851485149,31.267435094626812
51.4951495149515,32.71067849906163
51.50515051505151,34.07315374189504
51.515151515151516,35.310809823078166
51.52515251525153,36.38158102966494
51.53515351535154,37.2492366774797
51.54515451545155,37.88679963828322
51.555155515551554,38.27887286953781
51.565156515651566,38.42272805576328
51.57515751575158,38.3281753790727
51.58515851585159,38.01613916889956
51.5951595159516,37.515984043942225
51.605160516051605,36.86208381101562
51.615161516151616,36.09031635192245
51.62516251625163,35.23503939429283
51.63516351635164,34.32686782531147
51.64516451645165,33.39131808816353
51.655165516551655,32.44854208495039
51.66516651665167,31.51365794849123
51.67516751675168,30.597413853121108
51.68516851685169,29.706751472283724
51.6951695169517,28.84545761807273
51.705170517051705,28.01493305895093
51.71517151715172,27.2151733798546
51.72517251725173,26.445456180896706
51.73517351735174,25.704500377639327
51.74517451745175,24.99066117985405
51.755175517551756,24.302122922413506
51.76517651765177,23.637214802011087
51.77517751775178,22.994477461095027
51.78517851785179,22.372662510564215
51.795179517951794,21.770538266964085
51.805180518051806,21.1870778103363
51.81518151815182,20.621333214565468
51.82518251825183,20.072530530912356
51.83518351835184,19.54004950258596
51.845184518451845,19.023386573668986
51.855185518551856,18.522037710939955
51.86518651865187,18.035295072289543
51.87518751875188,17.56253720766627
51.88518851885189,17.10331771832924
51.895189518951895,16.657683976719014
51.90519051905191,16.225769150703762
51.91519151915192,15.80750140600334
51.92519251925193,15.402539231471952
51.93519351935194,15.010369883086703
51.945194519451945,14.63076771529319
51.95519551955196,14.263777236706849
51.96519651965197,13.909844130112297
51.97519751975198,13.569467297711
51.98519851985199,13.243037770958162
51.995199519951996,12.930728333969476
52.00520052005201,12.63275365430305
52.01520152015202,12.349603326728703
52.02520252025203,12.082310714811301
52.035203520352034,11.832140913298497
52.045204520452046,11.600435385607868
52.05520552055206,11.38865826233305
52.06520652065207,11.198735107890467
52.07520752075208,11.0331641323949
52.085208520852085,10.894757015485945
52.095209520952096,10.786666351318768
52.10521052105211,10.712747683789944
52.11521152115212,10.677814207984248
52.12521252125213,10.687526035603275
52.135213521352135,10.74828477040313
52.14521452145215,10.867586235988622
52.15521552155216,11.054396800333214
52.16521652165217,11.319192037418162
52.17521752175218,11.673759869086895
52.185218521852185,12.131238779211479
52.1952195219522,12.706285556282843
52.20522052205221,13.414920572275408
52.21522152215222,14.274049031631767
52.22522252225223,15.300905419020523
52.235223522352236,16.512303430722167
52.24522452245225,17.92335946187032
52.25522552255226,19.545541144554235
52.26522652265227,21.384190989286324
52.275227522752274,23.435623941123772
52.285228522852286,25.683823892133862
52.2952295229523,28.097035653055507
52.30523052305231,30.625041025847977
52.31523152315232,33.19808777924091
52.325232523252325,35.72813128565916
52.335233523352336,38.11279696855559
52.34523452345235,40.24265534171606
52.35523552355236,42.01225170811492
52.36523652365237,43.33380065923336
52.375237523752375,44.15026506738107
52.38523852385239,44.44395212210814
52.3952395239524,44.23851626710436
52.40524052405241,43.594424624791316
52.41524152415242,42.59894476223451
52.425242524252425,41.352443689341925
52.43524352435244,39.95412171381478
52.44524452445245,38.49087146731575
52.45524552455246,37.031351391725906
52.46524652465247,35.62476645324684
52.475247524752476,34.302472167635344
52.48524852485249,33.08087098630389
52.4952495249525,31.964932972875356
52.50525052505251,30.95194929254585
52.515251525152514,30.034889192297605
52.525252525252526,29.204758448633534
52.53525352535254,28.45197396902659
52.54525452545255,27.767303455871726
52.55525552555256,27.142653944465735
52.565256525652565,26.57138569285341
52.575257525752576,26.047954157308617
52.58525852585259,25.567429348998967
52.5952595259526,25.125541557419663
52.60526052605261,24.719088211078056
52.615261526152615,24.346066643918242
52.62526252625263,24.00537759992638
52.63526352635264,23.6964507339264
52.64526452645265,23.419018431272413
52.65526552655266,23.173006243581536
52.665266526652665,22.958527150013353
52.67526752675268,22.775990127308756
52.68526852685269,22.626212321634245
52.6952695269527,22.510405330747734
52.70527052705271,22.430044655943046
52.715271527152716,22.386698618330385
52.72527252725273,22.381856778468745
52.73527352735274,22.416823961319
52.74527452745275,22.492783949085002
52.755275527552755,22.61099325529362
52.765276527652766,22.77286552466696
52.77527752775278,22.979779302123855
52.78527852785279,23.23274074372522
52.7952795279528,23.532150571506385
52.805280528052805,23.87772822266357
52.815281528152816,24.26846416481469
52.82528252825283,24.702533953977838
52.83528352835284,25.177225915062934
52.84528452845285,25.688895429974323
52.855285528552855,26.23288097099465
52.86528652865287,26.803368769199846
52.87528752875288,27.393292342626953
52.88528852885289,27.994331206294298
52.8952895289529,28.596988944996518
52.905290529052905,29.190752803501972
52.91529152915292,29.76442522511742
52.92529252925293,30.30666668964667
52.93529352935294,30.806586564235065
52.94529452945295,31.25413345382721
52.955295529552956,31.64025799452296
52.96529652965297,31.957107491139876
52.97529752975298,32.19846978447072
52.98529852985299,32.36031399497673
52.995299529952995,32.441051974546184
53.005300530053006,32.44137862074294
53.01530153015302,32.36393886251412
53.02530253025303,32.21309124359558
53.03530353035304,31.99469668138254
53.045304530453045,31.715702402174934
53.055305530553056,31.383562737207633
53.06530653065307,31.005809284127498
53.07530753075308,30.589905277477285
53.08530853085309,30.14316393378865
53.095309530953095,29.67253152242257
53.10531053105311,29.184345643626816
53.11531153115312,28.68423897623128
53.12531253125313,28.177117284365984
53.13531353135314,27.667101979682002
53.145314531453145,27.157556487746653
53.15531553155316,26.651319258252332
53.16531653165317,26.150950591876462
53.17531753175318,25.65872840700353
53.18531853185319,25.176504752950578
53.195319531953196,24.705750604778707
53.20532053205321,24.24780533863191
53.21532153215322,23.804029118556645
53.22532253225323,23.37573093730226
53.235323532353235,22.964089056611527
53.245324532453246,22.57023654628372
53.25532553255326,22.195389399330487
53.26532653265327,21.840837354124847
53.27532753275328,21.507845872714938
53.285328532853285,21.19766257417598
53.295329532953296,20.911679756685928
53.30533053305331,20.65159455731834
53.31533153315332,20.419403158203444
53.32533253325333,20.217266375058834
53.335333533353335,20.04742070241831
53.34533453345335,19.91221252664687
53.35533553355336,19.814185989064935
53.36533653365337,19.756151671139584
53.37533753375338,19.741222921807882
53.385338533853385,19.772776869555596
53.3953395339534,19.85431267612492
53.40534053405341,19.98932312117902
53.41534153415342,20.18131576775957
53.42534253425343,20.433887270717907
53.435343534353436,20.750620830893588
53.44534453445345,21.134804356314326
53.45534553455346,21.58917829456322
53.46534653465347,22.115730826399716
53.475347534753475,22.715354055722962
53.485348534853486,23.387385221431206
53.4953495349535,24.129311777503823
53.50535053505351,24.93667417956263
53.51535153515352,25.80282243736286
53.525352535253525,26.718385145581113
53.535353535353536,27.67084680485518
53.54535453545355,28.644635515241607
53.55535553555356,29.62157020650995
53.56535653565357,30.58130860117359
53.575357535753575,31.501843420668315
53.58535853585359,32.36038570760024
53.5953595359536,33.13464364671772
53.60536053605361,33.80415476005122
53.61536153615362,34.35150367583206
53.625362536253625,34.76350960164674
53.63536353635364,35.03225831015879
53.64536453645365,35.15556231255023
53.65536553655366,35.13666628353046
53.66536653665367,34.98349306987834
53.675367536753676,34.707777586569975
53.68536853685369,34.32412486628799
53.6953695369537,33.84892017632882
53.70537053705371,33.299186037283704
53.715371537153715,32.691551891101206
53.725372537253726,32.04140345553141
53.73537353735374,31.362243811453276
53.74537453745375,30.66536003200264
53.75537553755376,29.959842118124207
53.765376537653765,29.252834709409328
53.775377537753776,28.54984001563929
53.78537853785379,27.855002252791394
53.7953795379538,27.17140780025167
53.80538053805381,26.501377553358378
53.815381538153815,25.84660867528763
53.82538253825383,25.2081099036914
53.83538353835384,24.586134534206487
53.84538453845385,23.980407292829852
53.85538553855386,23.390622682508184
53.865386538653866,22.816852839565676
53.87538753875388,22.259552213522444
53.88538853885389,21.719231430364047
53.8953895389539,21.196119611016
53.90539053905391,20.690067448762317
53.915391539153916,20.200707404463238
53.92539253925393,19.727735550948747
53.93539353935394,19.271168638612664
53.94539453945395,18.83147458217369
53.955395539553955,18.409511529812786
53.965396539653966,18.00626881751251
53.97539753975398,17.622570447559756
53.98539853985399,17.258991959309522
53.995399539954,16.916077721916025
54.005400540054005,16.594651439351047
54.015401540154016,16.295988214834416
54.02540254025403,16.021831125967687
54.03540354035404,15.774359088738159
54.04540454045405,15.556116313451643
54.055405540554055,15.369883406499374
54.06540654065407,15.218581801381385
54.07540754075408,15.105395240079982
54.08540854085409,15.034122023549752
54.0954095409541,15.009490286048832
54.105410541054106,15.03712929722467
54.11541154115412,15.123235554274757
54.12541254125413,15.274329144261747
54.13541354135414,15.497408234054598
54.14541454145415,15.800332323217106
54.155415541554156,16.191991873441243
54.16541654165417,16.682019200180573
54.17541754175418,17.280172149889836
54.18541854185419,17.995686737576648
54.195419541954195,18.836758895135734
54.205420542054206,19.81008078897598
54.21542154215422,20.920218654012658
54.22542254225423,22.16866150404909
54.23542354235424,23.552517949646443
54.245424542454245,25.062969490176823
54.255425542554256,26.68370804738027
54.26542654265427,28.389685044314113
54.27542754275428,30.14647564736269
54.28542854285429,31.91048360058341
54.295429542954295,33.63021469192239
54.30543054305431,35.24884281510254
54.31543154315432,36.708063018860024
54.32543254325433,37.95285621836461
54.33543354335434,38.936583623151975
54.345434543454346,39.625746888051765
54.35543554355436,40.003619126482505
54.36543654365437,40.071932124818574
54.37543754375438,39.8501419353197
54.38543854385439,39.3724302349498
54.395439543954396,38.68311254350082
54.40544054405441,37.8313333790928
54.41544154415442,36.865903501164084
54.42544254425443,35.831066774215564
54.435443544354435,34.76380236996691
54.445444544454446,33.692843180109236
54.45544554455446,32.63903623690031
54.46544654465447,31.616416793014
54.47544754475448,30.6335248532719
54.485448544854485,29.694702867775415
54.495449544954496,28.80120546414054
54.50545054505451,27.95205035035042
54.51545154515452,27.144746557889732
54.52545254525453,26.37605006274893
54.535453545354535,25.642683496746276
54.54545454545455,24.941796805731325
54.55545554555456,24.27103399759233
54.56545654565457,23.628338987591356
54.57545754575458,23.01176369597853
54.585458545854586,22.419457674083862
54.5954595459546,21.8497924756184
54.60546054605461,21.3015028343033
54.61546154615462,20.773784082400166
54.62546254625463,20.266282280209644
54.635463546354636,19.77890485682203
54.64546454645465,19.31154755110397
54.65546554655466,18.8639924065732
54.66546654665467,18.436087446593422
54.675467546754675,18.02800547765397
54.685468546854686,17.64031590500524
54.6954695469547,17.273854712015023
54.70547054705471,16.929583450341664
54.71547154715472,16.608588128710284
54.725472547254725,16.31216476595934
54.73547354735474,16.041875321396112
54.74547454745475,15.799591703734311
54.75547554755476,15.587590351901891
54.76547654765477,15.40862054547388
54.775477547754775,15.265856476619902
54.78547854785479,15.162848773897695
54.7954795479548,15.103652762837605
54.80548054805481,15.09304625462261
54.81548154815482,15.136609873026943
54.825482548254826,15.240630409640566
54.83548354835484,15.411986684776522
54.84548454845485,15.65814052157418
54.85548554855486,15.987183096710513
54.86548654865487,16.407809990069513
54.875487548754876,16.929159289128265
54.88548854885489,17.560536406312902
54.8954895489549,18.31101005219115
54.90549054905491,19.18877115442165
54.915491549154915,20.200226460831807
54.925492549254926,21.34897692946851
54.93549354935494,22.63480056913754
54.94549454945495,24.05255648932716
54.95549554955496,25.590904880382304
54.965496549654965,27.230946252827835
54.97549754975498,28.94509050984474
54.98549854985499,30.696525987380404
54.995499549955,32.439598178240765
55.00550055005501,34.1213512624055
55.015501550155015,35.68445833523061
55.02550255025503,37.07150813787938
55.03550355035504,38.230096574817814
55.04550455045505,39.11785337573915
55.05550555055506,39.70669431839373
55.065506550655066,39.98576314142175
55.07550755075508,39.962423522289136
55.08550855085509,39.6608252144914
55.0955095509551,39.118282848826105
55.10551055105511,38.380374973068434
55.115511551155116,37.495777832641586
55.12551255125513,36.511583254262135
55.13551355135514,35.469633217335186
55.14551455145515,34.40427832162403
55.155515551555155,33.341712444790396
55.165516551655166,32.30056165558906
55.17551755175518,31.293070091968367
55.18551855185519,30.326362494036914
55.1955195519552,29.40362265038874
55.205520552055205,28.525177277604318
55.21552155215522,27.68947349354604
55.22552255225523,26.89394818778097
55.23552355235524,26.135729978492286
55.24552455245525,25.412039217626063
55.255525552555255,24.720262006134604
55.26552655265527,24.057877045711436
55.27552755275528,23.42245020153218
55.28552855285529,22.81180574864904
55.2955295529553,22.22427743818823
55.305530553055306,21.658785271075892
55.31553155315532,21.114627784018904
55.32553255325533,20.591226929251647
55.33553355335534,20.088056304346992
55.34553455345535,19.60466324291683
55.355535553555356,19.1406563860585
55.36553655365537,18.695755789272916
55.37553755375538,18.269985089838038
55.38553855385539,17.86381891409658
55.395539553955395,17.478079649704867
55.405540554055406,17.113678358953845
55.41554155415542,16.77149487240618
55.42554255425543,16.452481586242847
55.43554355435544,16.15778554259741
55.445544554455445,15.888799957899037
55.45554555455546,15.647311142135367
55.46554655465547,15.43571249520157
55.47554755475548,15.256980815086667
55.48554855485549,15.114427691377475
55.495549554955495,15.011641812979473
55.50555055505551,14.952743538118488
55.51555155515552,14.942592718363578
55.52555255525553,14.986722668440372
55.53555355535554,15.0912099740562
55.545554555455546,15.262761401348211
55.55555555555556,15.50897338815226
55.56555655565557,15.838409317872769
55.57555755575558,16.260276158947306
55.58555855585559,16.78396254532951
55.595559555955596,17.418793828082137
55.60556055605561,18.17386405684539
55.61556155615562,19.057535811660625
55.62556255625563,20.07654661122461
55.635563556355635,21.234976392997073
55.645564556455646,22.53315854369805
55.65556555655566,23.96637243915247
55.66556655665567,25.523329214469342
55.67556755675568,27.184835298334615
55.685568556855685,28.92292572649223
55.6955695569557,30.700356891380558
55.70557055705571,32.47064687620066
55.71557155715572,34.17955915964278
55.72557255725573,35.76849789498248
55.735573557355735,37.179018159638595
55.74557455745575,38.35755516802698
55.75557555755576,39.26030899422016
55.76557655765577,39.85803141834945
55.77557755775578,40.139483143377234
55.785578557855786,40.112386018814504
55.7955795579558,39.80175217495452
55.80558055805581,39.246196134868654
55.81558155815582,38.49293050001299
55.82558255825583,37.592215121608696
55.835583558355836,36.59227212929889
55.84558455845585,35.53562422868612
55.85558555855586,34.45714948167864
55.86558655865587,33.38349193650086
55.875587558755875,32.33345725693023
55.885588558855886,31.319148754738556
55.8955895589559,30.347417242178345
55.90559055905591,29.421219840559964
55.91559155915592,28.540778233440165
55.925592559255925,27.704489486065903
55.93559355935594,26.909588081197448
55.94559455945595,26.152756021998613
55.95559555955596,25.430736285378632
55.96559655965597,24.74071182575474
55.975597559755975,24.080343477852256
55.98559855985599,23.447620737618628
55.995599559956,22.84068467304773
56.00560056005601,22.2577541228844
56.01560156015602,21.697246326867607
56.025602560256026,21.15798587309617
56.03560356035604,20.63930370229043
56.04560456045605,20.14094949543911
56.05560556055606,19.662884727941567
56.06560656065607,19.205100141774594
56.075607560756076,18.76756096178568
56.08560856085609,18.350269994933626
56.0956095609561,17.95338799391257
56.10561056105611,17.57737899254799
56.115611561156115,17.223119449975623
56.125612561256126,16.891873857787242
56.13561356135614,16.585127516695202
56.14561456145615,16.304427843144836
56.15561556155616,16.051402883496383
56.165616561656165,15.827964322123226
56.17561756175618,15.636532295412882
56.18561856185619,15.480135639629815
56.1956195619562,15.362376420315782
56.20562056205621,15.287354947056292
56.215621562156215,15.259636753726088
56.22562256225623,15.284281007410632
56.23562356235624,15.366929480889702
56.24562456245625,15.513941391070237
56.25562556255626,15.732513394377616
56.265626562656266,16.030680289660665
56.27562756275628,16.41712258816103
56.28562856285629,16.90081896521522
56.2956295629563,17.49067351738051
56.30563056305631,18.19520866566684
56.315631563156316,19.02226435321762
56.32563256325633,19.97850817832739
56.33563356335634,21.06857576960102
56.34563456345635,22.293839208773882
56.35563556355636,23.650987263305076
56.365636563656366,25.130655911170333
56.37563756375638,26.716261563319044
56.38563856385639,28.383109463181846
56.3956395639564,30.097883276963532
56.405640564056405,31.818754185616832
56.41564156415642,33.49643722053573
56.42564256425643,35.07647083665664
56.43564356435644,36.50276633283988
56.44564456445645,37.72215819218268
56.455645564556455,38.68938987477264
56.46564656465647,39.371774609172746
56.47564756475648,39.75270109472249
56.48564856485649,39.83324924146732
56.4956495649565,39.63150554069435
56.505650565056506,39.17968939168249
56.51565156515652,38.519726496906635
56.52565256525653,37.69820238453146
56.53565356535654,36.76160271987179
56.54565456545655,35.75250958442524
56.555655565556556,34.70711596838801
56.56565656565657,33.65410790187527
56.57565756575658,32.61468503120636
56.58565856585659,31.603318825928213
56.5956595659566,30.628860647943306
56.605660566056606,29.695755983529956
56.61566156615662,28.80525561390361
56.62566256625663,27.9565450530296
56.63566356635664,27.147676579136196
56.645664566456645,26.376207341936425
56.65566556655666,25.639538968286082
56.66566656665667,24.935060857850104
56.67566756675668,24.260228550483767
56.68566856685669,23.612653627222127
56.695669566956695,22.990214016023387
56.70567056705671,22.391149982115667
56.71567156715672,21.81410378899176
56.72567256725673,21.258086372881653
56.73567356735674,20.722385170839303
56.745674567456746,20.206466582886204
56.75567556755676,19.709913143118865
56.76567656765677,19.232400724704913
56.77567756775678,18.773694430592386
56.78567856785679,18.333662342107658
56.795679567956796,17.912329864511875
56.80568056805681,17.509968587616374
56.81568156815682,17.127169861477345
56.82568256825683,16.7648335200844
56.83568356835684,16.42405665456925
56.845684568456846,16.10599104095346
56.85568556855686,15.811779830222784
56.86568656865687,15.542659676507427
56.87568756875688,15.300213794066737
56.885688568856885,15.086644822397698
56.8956895689569,14.904885187912402
56.90569056905691,14.758460561380117
56.91569156915692,14.65123136414958
56.92569256925693,14.587263616348084
56.935693569356935,14.57100290679975
56.94569456945695,14.607650471435512
56.95569556955696,14.703460255486501
56.96569656965697,14.865735863211967
56.97569756975698,15.102581211208841
56.985698569856986,15.422643045176487
56.995699569957,15.83502280271541
57.00570057005701,16.34929778624268
57.01570157015702,16.97544860529763
57.02570257025703,17.723505963985595
57.035703570357036,18.602884105680765
57.04570457045705,19.621481370575154
57.05570557055706,20.784633609296186
57.06570657065707,22.093960725133652
57.07570757075708,23.54605853987857
57.085708570857086,25.131022230947043
57.0957095709571,26.830913625599152
57.10571057105711,28.618454938705142
57.11571157115712,30.45632187778662
57.125712571257125,32.297370198432034
57.13571357135714,34.08603873995442
57.14571457145715,35.76110995144628
57.15571557155716,37.25990078661482
57.16571657165717,38.5236797930736
57.175717571757176,39.50363470489293
57.18571857185719,40.16631586565847
57.1957195719572,40.497380224887706
57.20572057205721,40.50283076276181
57.21572157215722,40.20756032454564
57.225722572257226,39.65158821131497
57.23572357235724,38.88473712704763
57.24572457245725,37.96070330056167
57.25572557255726,36.931508137572344
57.26572657265727,35.84322279826853
57.275727572757276,34.73347964514981
57.28572857285729,33.630755966057265
57.2957295729573,32.55497174546255
57.30573057305731,31.518811707571313
57.31573157315732,30.5292750036924
57.325732573257326,29.589163789755307
57.33573357335734,28.698359500416824
57.34573457345735,27.854859233066485
57.35573557355736,27.05559446620693
57.365736573657365,26.297065784528122
57.37573757375738,25.575772281144424
57.38573857385739,24.88845334945473
57.3957395739574,24.232200141127993
57.40574057405741,23.604530129966708
57.415741574157416,23.003447759370154
57.42574257425743,22.427420316099322
57.43574357435744,21.87525327930533
57.44574457445745,21.345947024863037
57.45574557455746,20.83866328729402
57.465746574657466,20.352812812205773
57.47574757475748,19.88814546237281
57.48574857485749,19.44475203745882
57.4957495749575,19.022956313775914
57.50575057505751,18.623196352157464
57.515751575157516,18.24599281689272
57.52575257525753,17.892028991299007
57.53575357535754,17.56229668364541
57.54575457545755,17.25816850144771
57.55575557555756,16.981348077591125
57.565756575657566,16.73376413863232
57.57575757575758,16.517561488224985
57.58575857585759,16.335244787548312
57.5957595759576,16.189842240811593
57.605760576057605,16.08494265344966
57.61576157615762,16.02458639048974
57.62576257625763,16.01320173102131
57.63576357635764,16.055689157132342
57.64576457645765,16.157615385519208
57.655765576557656,16.325327167245902
57.66576657665767,16.565891229453122
57.67576757675768,16.886876699227766
57.68576857685769,17.296069079068896
57.6957695769577,17.801219945588898
57.705770577057706,18.409875410863414
57.71577157715772,19.12919059280227
57.72577257725773,19.965501376341322
57.73577357735774,20.923513070903326
57.74577457745775,22.00524399453242
57.755775577557756,23.208980192640343
57.76577657765777,24.52835770138086
57.77577757775778,25.95144705584546
57.78577857785779,27.45975664908939
57.7957795779578,29.027393989349022
57.80578057805781,30.62078995246358
57.81578157815782,32.199318028123685
57.82578257825783,33.71689303905893
57.83578357835784,35.12449643070736
57.845784578457845,36.37350353260055
57.85578557855786,37.41957854697647
57.86578657865787,38.226704871774125
57.87578757875788,38.77075019001658
57.88578857885789,39.04190433077759
57.895789578957896,39.04543029986198
57.90579057905791,38.800490521688886
57.91579157915792,38.33727322943392
57.92579257925793,37.69309621230593
57.93579357935794,36.908307716002206
57.945794579457946,36.02264468261147
57.95579557955796,35.072403578521616
57.96579657965797,34.08854141733808
57.97579757975798,33.09571326853285
57.98579857985799,32.11218877768798
57.995799579957996,31.15048000421949
58.00580058005801,30.21839051360675
58.01580158015802,29.3201755099663
58.02580258025803,28.457572257483854
58.03580358035804,27.63061577462519
58.04580458045805,26.83825513825188
58.05580558055806,26.078789344380667
58.06580658065807,25.35013317780245
58.07580758075808,24.649981870839994
58.085808580858085,23.976014300689773
58.0958095809581,23.326169132267786
58.10581058105811,22.698856360916842
58.11581158115812,22.092934789615196
58.12581258125813,21.50748175953786
58.135813581358136,20.941564715255836
58.14581458145815,20.394188074813815
58.15581558155816,19.864411123864357
58.16581658165817,19.351509143120396
58.17581758175818,18.855048576306817
58.185818581858186,18.37481310021662
58.1958195819582,17.910648575428908
58.20582058205821,17.4623858274409
58.21582158215822,17.029910467321034
58.22582258225823,16.61328264285475
58.235823582358236,16.212735740873732
58.24582458245825,15.828570642004872
58.25582558255826,15.46108469184091
58.26582658265827,15.110618872018316
58.27582758275828,14.777684166500793
58.28582858285829,14.463073496869
58.2958295829583,14.167909236460803
58.30583058305831,13.893619882129125
58.31583158315832,13.641879541020494
58.325832583258325,13.414557657019971
58.33583358335834,13.213742928165644
58.34583458345835,13.041870746866557
58.35583558355836,12.90191673183479
58.36583658365837,12.79756227060168
58.375837583758376,12.733250565470422
58.38583858385839,12.714160702474521
58.3958395839584,12.746222999690557
58.40584058405841,12.836225267082826
58.41584158415842,12.991922407477269
58.425842584258426,13.222063615442258
58.43584358435844,13.536390057888566
58.44584458445845,13.945697184639402
58.45584558455846,14.461889480441174
58.46584658465847,15.097849433777338
58.475847584758476,15.867019093982897
58.48584858485849,16.782730420927912
58.4958495849585,17.857344131311716
58.50585058505851,19.10115295432257
58.51585158515852,20.52097782408954
58.52585258525853,22.118449800887802
58.53585358535854,23.888027114622624
58.54585458545855,25.81480274262516
58.55585558555856,27.87227432516472
58.565856585658565,30.020501622129373
58.57585758575858,32.2053080427841
58.58585858585859,34.35914176218718
58.5958595859586,36.4040369089085
58.60586058605861,38.25689208322045
58.615861586158616,39.83693384707299
58.62586258625863,41.07453735021676
58.63586358635864,41.91982665061241
58.64586458645865,42.34919159833464
58.65586558655866,42.368192246465895
58.665866586658666,42.01010677616242
58.67586758675868,41.33036797938744
58.68586858685869,40.398149221376684
58.6958695869587,39.28708525197541
58.70587058705871,38.06708734496351
58.715871587158716,36.79852080597789
58.72587258725873,35.52910248038116
58.73587358735874,34.29321167890216
58.74587458745875,33.112993757121416
58.75587558755876,32.000533643141644
58.76587658765877,30.960424608550063
58.77587758775878,29.992202124504544
58.78587858785879,29.092335366842168
58.7958795879588,28.255698974217513
58.805880588058805,27.476569853149936
58.81588158815882,26.7492500245627
58.82588258825883,26.068430036851744
58.83588358835884,25.4294145331324
58.84588458845885,24.82825539486946
58.855885588558856,24.261765835401942
58.86588658865887,23.727436308640627
58.87588758875888,23.22335731257367
58.88588858885889,22.74819435317041
58.8958895889589,22.301140553296122
58.905890589058906,21.881792150897997
58.91589158915892,21.49004129946787
58.92589258925893,21.12607179840713
58.93589358935894,20.79038414590311
58.94589458945895,20.483793843194128
58.955895589558956,20.20744972416891
58.96589658965897,19.96291928467685
58.97589758975898,19.752199374328256
58.98589858985899,19.577532173356616
58.995899589959,19.441191076011222
59.00590059005901,19.34550294672937
59.01590159015902,19.293107586234882
59.02590259025903,19.287167695971988
59.03590359035904,19.331335333502626
59.045904590459045,19.429580629288704
59.05590559055906,19.586034099185785
59.06590659065907,19.804834964257424
59.07590759075908,20.089938603283002
59.08590859085909,20.444958281672452
59.095909590959096,20.873120426572367
59.10591059105911,21.37724117556887
59.11591159115912,21.959538421383762
59.12591259125913,22.621205047861718
59.13591359135914,23.361826557334652
59.145914591459146,24.178773993765464
59.15591559155916,25.06668157619816
59.16591659165917,26.017124123164095
59.17591759175918,27.018498809891984
59.18591859185919,28.05602517576579
59.195919591959196,29.111785454664044
59.20592059205921,30.164851049382605
59.21592159215922,31.19167083350652
59.22592259225923,32.1668948628397
59.23592359235924,33.06465208701754
59.24592459245925,33.860160372972956
59.25592559255926,34.531437483831326
59.26592659265927,35.06085772820872
59.27592759275928,35.4363335267268
59.285928592859285,35.651981344577194
59.2959295929593,35.70823982430775
59.30593059305931,35.611522334477
59.31593159315932,35.37346358228435
59.32593259325933,35.009793656721854
59.335933593359336,34.53890122737426
59.34593459345935,33.98029498793262
59.35593559355936,33.3532243738778
59.36593659365937,32.675616471814195
59.37593759375938,31.96336366161533
59.385938593859386,31.229934870808233
59.3959395939594,30.486270299168705
59.40594059405941,29.740912498383654
59.41594159415942,29.00030348644965
59.42594259425943,28.269176636784064
59.435943594359436,27.55094973822309
59.44594459445945,26.84802596141421
59.45594559455946,26.161941025121234
59.46594659465947,25.49342421471699
59.47594759475948,24.842543531132357
59.48594859485949,24.20904287829739
59.4959495949595,23.592721165720725
59.50595059505951,22.99356500464703
59.51595159515952,22.411570565455996
59.525952595259525,21.846522313611207
59.53595359535954,21.298012060809295
59.54595459545955,20.765658485752112
59.55595559555956,20.249254900810936
59.56595659565957,19.748738326071177
59.575957595759576,19.264110486167112
59.58595859585959,18.79543550766205
59.5959595959596,18.34286249218034
59.60596059605961,17.906583349565615
59.61596159615962,17.48678337918496
59.625962596259626,17.083691385004077
59.63596359635964,16.697712483612857
59.64596459645965,16.329491400167548
59.65596559655966,15.979864584153296
59.66596659665967,15.649785831967652
59.675967596759676,15.340315098239214
59.68596859685969,15.052690789699492
59.6959695969597,14.788442606604812
59.70597059705971,14.549487667324852
59.71597159715972,14.33814912693487
59.72597259725973,14.15710576196095
59.73597359735974,14.009388685184794
59.74597459745975,13.898506037633611
59.75597559755976,13.828637027647915
59.765976597659765,13.804734618402616
59.77597759775978,13.832481832200282
59.78597859785979,13.91825842121471
59.7959795979598,14.069257523617367
59.80598059805981,14.293644262809295
59.815981598159816,14.600532642915297
59.82598259825983,14.999789868983026
59.83598359835984,15.50190006172184
59.84598459845985,16.117976682327413
59.85598559855986,16.85956049856884
59.865986598659866,17.737892710174847
59.87598759875988,18.762830767288765
59.88598859885989,19.941808294813537
59.8959895989599,21.278846103220484
59.90599059905991,22.773306767683625
59.915991599159916,24.4181240532822
59.92599259925993,26.197783873542402
59.93599359935994,28.086488131061465
59.94599459945995,30.046929119681483
59.95599559955996,32.030055943752906
59.96599659965997,33.97624461443321
59.97599759975998,35.81819625562618
59.98599859985999,37.485474760308904
59.99599959996,38.910354661768025
60.006000600060005,40.03444334138472
60.01600160016002,40.81528503919762
60.02600260026003,41.23173741708579
60.03600360036004,41.28664553615042
60.04600460046005,41.00588280344551
60.056005600560056,40.433917651363004
60.06600660066007,39.627170567115556
60.07600760076008,38.646725120833786
60.08600860086009,37.551832422379874
60.0960096009601,36.39502242270669
60.106010601060106,35.21924584621753
60.11601160116012,34.05686663145887
60.12601260126013,32.930205670083865
60.13601360136014,31.852967200583755
60.14601460146015,30.832082037731986
60.156015601560156,29.869594356035446
60.16601660166017,28.96430662912045
60.17601760176018,28.11306587502219
60.18601860186019,27.31176578615684
60.1960196019602,26.556075930793263
60.20602060206021,25.841879321666454
60.21602160216022,25.165436727943906
60.22602260226023,24.523380142124562
60.23602360236024,23.91274270104502
60.246024602460245,23.331091883579237
60.25602560256026,22.776663573452048
60.26602660266027,22.248254904449173
60.27602760276028,21.745000464416552
60.28602860286029,21.266192769222997
60.296029602960296,20.811347176129626
60.30603060306031,20.380351280000404
60.31603160316032,19.973495699422195
60.32603260326033,19.591395977807156
60.33603360336034,19.23484760224596
60.346034603460346,18.9048120423603
60.35603560356036,18.60247384781628
60.36603660366037,18.32933831669366
60.37603760376038,18.087253928782665
60.38603860386039,17.87841616401747
60.396039603960396,17.705349245591044
60.40604060406041,17.570961865218994
60.41604160416042,17.47858835062569
60.42604260426043,17.43201885503408
60.43604360436044,17.43541630623718
60.44604460446045,17.4932517318807
60.45604560456046,17.61034841010037
60.46604660466047,17.792050596552038
60.47604760476048,18.0442767438285
60.486048604860486,18.373319033701
60.4960496049605,18.785386358360142
60.50605060506051,19.286223551000703
60.51605160516052,19.880967478609275
60.52605260526053,20.574071866554796
60.536053605360536,21.36895683798925
60.54605460546055,22.267244630518217
60.55605560556056,23.267772292490058
60.56605660566057,24.365792079156645
60.57605760576058,25.55235179251256
60.586058605860586,26.813819863629057
60.5960596059606,28.131425828047995
60.60606060606061,29.480985398570134
60.61606160616062,30.8330093502728
60.62606260626063,32.153482182627954
60.636063606360636,33.40531718131628
60.64606460646065,34.55048531422726
60.65606560656066,35.55258354562645
60.66606660666067,36.37962617070404
60.67606760676068,37.006740211982006
60.68606860686069,37.418335452968684
60.6960696069607,37.60935142517892
60.70607060706071,37.58531378969114
60.71607160716072,37.36124524831863
60.726072607260726,36.959712414876336
60.73607360736074,36.408397619624
60.74607460746075,35.73739793436645
60.75607560756076,34.97664104758514
60.76607660766077,34.153744018192256
60.776077607760776,33.29262685602499
60.78607860786079,32.412944380705454
60.7960796079608,31.530119811922873
60.80608060806081,30.655669664427332
60.81608160816082,29.797602326857465
60.826082608260826,28.96098581507088
60.83608360836084,28.148632286011367
60.84608460846085,27.36177986674001
60.85608560856086,26.60066518080752
60.86608660866087,25.864866887942824
60.876087608760876,25.15350471989903
60.88608860886089,24.46539412701004
60.8960896089609,23.799252592925377
60.90609060906091,23.153886916840552
60.91609160916092,22.528262482267213
60.92609260926093,21.921387928408944
60.93609360936094,21.332263332825487
60.94609460946095,20.759963978317543
60.95609560956096,20.203779129119155
60.966096609660966,19.66322599204516
60.97609760976098,19.13781709036307
60.98609860986099,18.6268921333932
60.996099609961,18.12973635811549
61.00610061006101,17.64580128235606
61.016101610161016,17.174835366808363
61.02610261026103,16.716696434487687
61.03610361036104,16.271089839553092
61.04610461046105,15.837516441151024
61.05610561056106,15.41545275591438
61.066106610661066,15.00453656962825
61.07610761076108,14.604568488468514
61.08610861086109,14.215345180851504
61.0961096109611,13.836557651979161
61.10611061106111,13.467855202600083
61.11611161116112,13.108956342569982
61.12611261126113,12.759675519886162
61.13611361136114,12.419808925660774
61.14611461146115,12.089042493738765
61.15611561156116,11.766981732209578
61.16611661166117,11.45334324171218
61.17611761176118,11.148029055562185
61.18611861186119,10.850994068513925
61.1961196119612,10.562031249876284
61.206120612061206,10.280743900206838
61.21612161216122,10.006753039981108
61.22612261226123,9.739938746522107
61.23612361236124,9.48032321447453
61.24612461246125,9.227821722345185
61.256125612561256,8.982125334999035
61.26612661266127,8.742861352444805
61.27612761276128,8.509822132445393
61.28612861286129,8.282982154142555
61.2961296129613,8.062327292315501
61.306130613061306,7.847695770676349
61.31613161316132,7.638806934363142
61.32613261326133,7.4354300068014645
61.33613361336134,7.2374933923632625
61.34613461346135,7.044927523963285
61.35613561356136,6.85761832590083
61.36613661366137,6.675368074916438
61.37613761376138,6.498033102449817
61.38613861386139,6.3255764174264755
61.3961396139614,6.15799348545664
61.40614061406141,5.9951847886173155
61.41614161416142,5.836987566180731
61.42614261426143,5.683233807073069
61.43614361436144,5.533950001676704
61.446144614461446,5.389258101211414
61.45614561456146,5.2491731407590905
61.46614661466147,5.113618035693534
61.47614761476148,4.982542311096971
61.48614861486149,4.856068992123596
61.496149614961496,4.734426707478988
61.50615061506151,4.617898379219991
61.51615161516152,4.506727313155935
61.52615261526153,4.401180441653395
61.53615361536154,4.301697242542563
61.546154615461546,4.208939617404766
61.55615561556156,4.123701084450897
61.56615661566157,4.04694305363963
61.57615761576158,3.9798114129979147
61.58615861586159,3.923739954472005
61.5961596159616,3.880581364095267
61.60616061606161,3.8526147544448897
61.61616161616162,3.8425891142386632
61.62616261626163,3.8538379508343823
61.63616361636164,3.8905084559026335
61.64616461646165,3.9577610334927265
61.65616561656166,4.061888402343115
61.66616661666167,4.21043608535707
61.67616761676168,4.412480260302587
61.68616861686169,4.67908901464606
61.6961696169617,5.023738435477327
61.70617061706171,5.4626235731875
61.71617161716172,6.014778602798035
61.72617261726173,6.70236296782085
61.736173617361736,7.550988930256654
61.74617461746175,8.589987906331292
61.75617561756176,9.851992109375843
61.76617661766177,11.37189140152591
61.77617761776178,13.18503087378546
61.786178617861786,15.324515151304654
61.7961796179618,17.817241518281666
61.80618061806181,20.67805795336583
61.81618161816182,23.901979968932256
61.82618261826183,27.455029950472753
61.83618361836184,31.26499416101447
61.84618461846185,35.21429754421632
61.85618561856186,39.13785967396092
61.86618661866187,42.82931832364898
61.87618761876188,46.05927943044148
61.88618861886189,48.60561350122562
61.8961896189619,50.29190580600732
61.90619061906191,51.024411415937976
61.91619161916192,50.81460806480247
61.92619261926193,49.778619804213406
61.93619361936194,48.112133475323546
61.94619461946195,46.04877157876457
61.95619561956196,43.816351522319785
61.96619661966197,41.60382908417074
61.976197619761976,39.545396665929104
61.98619861986199,37.72051825516832
61.996199619962,36.163820719416954
62.00620062006201,34.87808960591037
62.01620162016202,33.846152583934554
62.026202620262026,33.04044402410349
62.03620362036204,32.429528314682926
62.04620462046205,31.982215416942815
62.05620562056206,31.66942080024804
62.06620662066207,31.464706824332517
62.07620762076208,31.34431579261414
62.08620862086209,31.28723283702143
62.0962096209621,31.27518663394981
62.10621062106211,31.292321734937225
62.11621162116212,31.324875789707683
62.12621262126213,31.360827892311466
62.13621362136214,31.389846554968777
62.14621462146215,31.403394714990853
62.15621562156216,31.39474834964327
62.16621662166217,31.35881581651115
62.17621762176218,31.291922410321774
62.18621862186219,31.191674569903363
62.1962196219622,31.056949437155982
62.20622062206221,30.88785944704719
62.216221622162216,30.685567998701295
62.22622262226223,30.451979177846304
62.23622362236224,30.189511932270445
62.24622462246225,29.90099584052033
62.25622562256226,29.589619205070612
62.266226622662266,29.25880422236333
62.27622762276228,28.912014032590324
62.28622862286229,28.552589496577017
62.2962296229623,28.18370315084414
62.30623062306231,27.808380358149506
62.31623162316232,27.42948891493514
62.32623262326233,27.049681640583014
62.33623362336234,26.671370297215987
62.34623462346235,26.2967817736211
62.35623562356236,25.928024845376033
62.36623662366237,25.567075909793136
62.37623762376238,25.21571982723501
62.38623862386239,24.875573209969755
62.3962396239624,24.54821361871915
62.40624062406241,24.23526528240044
62.41624162416242,23.938323788533367
62.42624262426243,23.658835093154394
62.43624362436244,23.398147742975446
62.44624462446245,23.15773586779825
62.456245624562456,22.939323794313058
62.46624662466247,22.7447324493549
62.47624762476248,22.575634653761156
62.48624862486249,22.433545339558457
62.4962496249625,22.320072458670698
62.506250625062506,22.237112008757276
62.51625162516252,22.18674786225968
62.52625262526253,22.170994289109213
62.53625362536254,22.19169141755465
62.54625462546255,22.250625197741012
62.55625562556256,22.349645434164085
62.56625662566257,22.490585086070954
62.57625762576258,22.6750561548967
62.58625862586259,22.904315950063605
62.5962596259626,23.179232656891024
62.60626062606261,23.500221806895365
62.61626162616262,23.86710109131859
62.62626262626263,24.278953110304947
62.63626362636264,24.73404487536335
62.64626462646265,25.22971959719018
62.65626562656266,25.762199971553905
62.66626662666267,26.32640149136436
62.67626762676268,26.915893124545274
62.68626862686269,27.522998246623494
62.696269626962696,28.138916050786488
62.70627062706271,28.75380617568594
62.71627162716272,29.3569200820169
62.72627262726273,29.936894801548867
62.73627362736274,30.48221690476262
62.746274627462746,30.981737792670657
62.75627562756276,31.42511340584158
62.76627662766277,31.803159860300575
62.77627762776278,32.108222363113754
62.78627862786279,32.33460691677894
62.7962796279628,32.47894786256051
62.80628062806281,32.540305832257985
62.81628162816282,32.51995816925127
62.82628262826283,32.421080438891764
62.83628362836284,32.248518804745835
62.84628462846285,32.008595590530575
62.85628562856286,31.708735617124034
62.86628662866287,31.35688132594709
62.87628762876288,30.960954696800297
62.88628862886289,30.528609739540364
62.8962896289629,30.067198689384007
62.90629062906291,29.583667969510927
62.91629162916292,29.084294944753392
62.92629262926293,28.57448013113382
62.936293629362936,28.05879856759237
62.94629462946295,27.541204024803488
62.95629562956296,27.02513884946313
62.96629662966297,26.513507057197444
62.97629762976298,26.008689395611707
62.986298629862986,25.512685782300753
62.996299629963,25.027250354899095
63.00630063006301,24.553905771561823
63.01630163016302,24.093939508128244
63.02630263026303,23.64852093934735
63.03630363036304,23.21886001641744
63.04630463046305,22.806212903277366
63.05630563056306,22.411741626801895
63.06630663066307,22.036473755784748
63.07630763076308,21.68148514505025
63.08630863086309,21.348112240728604
63.0963096309631,21.037936122261616
63.10631063106311,20.752584503201724
63.11631163116312,20.493637609063708
63.12631263126313,20.262780269558082
63.13631363136314,20.062031115959854
63.14631463146315,19.893794260473594
63.15631563156316,19.760698038268067
63.16631663166317,19.665429175967226
63.176317631763176,19.610757926563284
63.18631863186319,19.599719236187184
63.1963196319632,19.635729016154347
63.20632063206321,19.722491523578768
63.21632163216322,19.863787313394518
63.226322632263226,20.063342807528763
63.23632363236324,20.32483974403312
63.24632463246325,20.651905487435723
63.25632563256326,21.047919733596814
63.26632663266327,21.515673123482365
63.27632763276328,22.05707018656413
63.28632863286329,22.67293719232389
63.2963296329633,23.36277733422388
63.30633063306331,24.12433552151169
63.31633163316332,24.953075018908176
63.32633263326333,25.841803228938016
63.33633363336334,26.780505649735655
63.34633463346335,27.75623765377879
63.35633563356336,28.752999389444106
63.36633663366337,29.751813283274632
63.37633763376338,30.73125191603694
63.38633863386339,31.668361196139706
63.3963396339634,32.539697049412155
63.40634063406341,33.32239524423404
63.416341634163416,33.99544847482209
63.42634263426343,34.541201870845015
63.43634363436344,34.94669311469406
63.44634463446345,35.20444245449135
63.45634563456346,35.31267781267703
63.466346634663466,35.27519311616028
63.47634763476348,35.10087331899024
63.48634863486349,34.80274524196177
63.4963496349635,34.39662743195699
63.50635063506351,33.89974838869746
63.51635163516352,33.329624459889956
63.52635263526353,32.70316739053602
63.53635363536354,32.03588753444156
63.54635463546355,31.341283523861367
63.55635563556356,30.630604646592783
63.56635663566357,29.91297352433854
63.57635763576358,29.19562198674078
63.58635863586359,28.48406904617974
63.5963596359636,27.782297962711414
63.60636063606361,27.093048514574356
63.61636163616362,26.41816614620247
63.62636263626363,25.758855711334498
63.63636363636364,25.115818533894466
63.64636463646365,24.489390751627127
63.656365636563656,23.8797190311597
63.66636663666367,23.286868375356146
63.67636763676368,22.71081167483023
63.68636863686369,22.15141208497995
63.6963696369637,21.608493812435874
63.706370637063706,21.08195497885665
63.71637163716372,20.57182166071243
63.72637263726373,20.07821709943588
63.73637363736374,19.601286022605944
63.74637463746375,19.14113651351841
63.75637563756376,18.697877692114098
63.76637663766377,18.271787599268748
63.77637763776378,17.863441073296833
63.78637863786379,17.473604989140366
63.7963796379638,17.102980353763563
63.80638063806381,16.752168227379663
63.81638163816382,16.42199806771327
63.82638263826383,16.113836914974293
63.83638363836384,15.829480197338354
63.84638463846385,15.57079349178081
63.85638563856386,15.339633791259534
63.86638663866387,15.138180146003632
63.87638763876388,14.969267575081664
63.88638863886389,14.836369160036732
63.896389638963896,14.74339618121606
63.90639063906391,14.694685875664385
63.91639163916392,14.695207382693832
63.92639263926393,14.750699580383667
63.93639363936394,14.867636988162438
63.946394639463946,15.053218169807804
63.95639563956396,15.315452054654545
63.96639663966397,15.663130794647866
63.97639763976398,16.105581595997666
63.98639863986399,16.65242022139746
63.996399639964,17.313441236163936
64.00640064006402,18.09831938361816
64.01640164016402,19.01582217860562
64.02640264026402,20.07276317941413
64.03640364036404,21.273080641535365
64.04640464046405,22.616843747973867
64.05640564056407,24.098761835384536
64.06640664066407,25.706409374379948
64.07640764076407,27.418865462421504
64.0864086408641,29.20598715056834
64.0964096409641,31.028039387303785
64.10641064106412,32.835875256800044
64.11641164116412,34.57253031660247
64.12641264126412,36.17673351298735
64.13641364136414,37.58782034144238
64.14641464146415,38.75111031225288
64.15641564156417,39.623174934440094
64.16641664166417,40.17657170445357
64.17641764176417,40.403175338876125
64.1864186418642,40.31493853763493
64.1964196419642,39.94157572746333
64.20642064206422,39.325867440261504
64.21642164216422,38.51799400016938
64.22642264226423,37.570066713891634
64.23642364236424,36.53142010390411
64.24642464246425,35.44499391288488
64.25642564256425,34.34522804682088
64.26642664266427,33.257674131436374
64.27642764276428,32.199891990137495
64.2864286428643,31.182840364849024
64.2964296429643,30.21226143189673
64.3064306430643,29.29000625709001
64.31643164316432,28.4153150057236
64.32643264326433,27.58591843012833
64.33643364336434,26.798805861430363
64.34643464346435,26.05066844801631
64.35643564356435,25.338180269054696
64.36643664366437,24.65825256609643
64.37643764376438,24.008230830550172
64.3864386438644,23.385917630382213
64.3964396439644,22.789446180440965
64.4064406440644,22.21720486313901
64.41644164416442,21.667913677295196
64.42644264426443,21.14069756958378
64.43644364436445,20.634992771045592
64.44644464446445,20.150381765436464
64.45644564456445,19.68658231309538
64.46644664466447,19.243572810414467
64.47644764476448,18.821630634518336
64.4864486448645,18.42120457999117
64.4964496449645,18.042825241286657
64.5064506450645,17.68720630935489
64.51645164516452,17.35539200456652
64.52645264526453,17.048731468224442
64.53645364536455,16.768756629558247
64.54645464546455,16.51721037692583
64.55645564556455,16.29624658835385
64.56645664566457,16.108541090777678
64.57645764576458,15.957175257482788
64.5864586458646,15.845506308149837
64.5964596459646,15.777291376247275
64.6064606460646,15.756964255965295
64.61646164616462,15.789744868481849
64.62646264626463,15.88148879508051
64.63646364636465,16.03852866393507
64.64646464646465,16.26770767420303
64.65646564656466,16.576474761810708
64.66646664666467,16.972809449913292
64.67646764676468,17.464964834806736
64.6864686468647,18.061173270097896
64.6964696469647,18.769312716395135
64.7064706470647,19.59637746363618
64.71647164716472,20.54771546961409
64.72647264726473,21.62617877437236
64.73647364736473,22.831249594693215
64.74647464746475,24.157993332892246
64.75647564756476,25.595774843901587
64.76647664766477,27.127017673713457
64.77647764776478,28.726430559511968
64.78647864786478,30.360864827123237
64.7964796479648,31.98975114578792
64.8064806480648,33.566246880728926
64.81648164816482,35.039477776503794
64.82648264826483,36.3580315859337
64.83648364836483,37.47426467764357
64.84648464846485,38.34865755982349
64.85648564856486,38.95360888451336
64.86648664866487,39.27623430994706
64.87648764876488,39.319611778786225
64.88648864886488,39.101927441008385
64.8964896489649,38.65356922938628
64.9064906490649,38.013010657164436
64.91649164916493,37.22253070183375
64.92649264926493,36.32433285131252
64.93649364936493,35.35723418556871
64.94649464946495,34.354221008654775
64.95649564956496,33.341327523201684
64.96649664966498,32.33787103324384
64.97649764976498,31.357408679020594
64.98649864986498,30.4086881094551
64.996499649965,29.496433206882855
65.00650065006501,28.622252033347976
65.01650165016503,27.785748417052904
65.02650265026503,26.98549980507342
65.03650365036503,26.219593464272062
65.04650465046505,25.48582064155643
65.05650565056506,24.781827537430875
65.06650665066508,24.105323811483004
65.07650765076508,23.45424668925838
65.08650865086508,22.826820492906588
65.0965096509651,22.221564375000632
65.10651065106511,21.637265813238795
65.11651165116513,21.07289524943842
65.12651265126513,20.527525400890212
65.13651365136514,20.000373089731006
65.14651465146515,19.490910438039144
65.15651565156516,18.998850295140997
65.16651665166518,18.523965622723455
65.17651765176518,18.065983740260528
65.18651865186519,17.624725561729676
65.1965196519652,17.20029395364108
65.20652065206521,16.793016040894024
65.21652165216521,16.403204728079075
65.22652265226523,16.031110128183634
65.23652365236524,15.677171922265053
65.24652465246525,15.342236484379532
65.25652565256526,15.027446087347698
65.26652665266526,14.733992988552485
65.27652765276528,14.463129865374805
65.28652865286529,14.216449342051481
65.2965296529653,13.996072371942615
65.30653065306531,13.80456072492758
65.31653165316531,13.64479016619095
65.32653265326533,13.520049101573791
65.33653365336534,13.434276716938044
65.34653465346535,13.392178388827366
65.35653565356536,13.399190324803437
65.36653665366536,13.461476781657497
65.37653765376538,13.586046329998208
65.38653865386539,13.780877610853635
65.3965396539654,14.054956188775014
65.40654065406541,14.418247617710623
65.41654165416541,14.88161898599452
65.42654265426543,15.456644092337113
65.43654365436544,16.15527558073149
65.44654465446546,16.989436614179315
65.45654565456546,17.970465225496252
65.46654665466546,19.108187763610225
65.47654765476548,20.40953535093215
65.48654865486549,21.87692082165482
65.4965496549655,23.506610068507864
65.50655065506551,25.28699533892717
65.51655165516551,27.19661333569309
65.52655265526553,29.20225274684732
65.53655365536554,31.257970027679058
65.54655465546556,33.305658863773964
65.55655565556556,35.27726559517836
65.56655665566556,37.09860842924353
65.57655765576558,38.69498689096254
65.58655865586559,39.99850451753258
65.5965596559656,40.95601716819343
65.60656065606561,41.53578784158381
65.61656165616562,41.73120436449341
65.62656265626563,41.56094598221103
65.63656365636564,41.06577748342508
65.64656465646566,40.302511188525294
65.65656565656566,39.3361699840171
65.66656665666567,38.232037373814364
65.67656765676568,37.04934102021108
65.68656865686569,35.837416855222045
65.69656965696569,34.63414056580088
65.70657065706571,33.46604718464144
65.71657165716572,32.349697664270394
65.72657265726573,31.29381035720196
65.73657365736574,30.301465217860347
65.74657465746574,29.371867635455544
65.75657565756576,28.50170617421947
65.76657665766577,27.686366391513964
65.77657765776578,26.920945683484778
65.78657865786579,26.200796252134758
65.7965796579658,25.52162784505007
65.80658065806581,24.8795518948507
65.81658165816582,24.271266209808246
65.82658265826583,23.694180553323314
65.83658365836584,23.14630585342003
65.84658465846584,22.62608228001527
65.85658565856586,22.132362479609068
65.86658665866587,21.664456564933193
65.87658765876589,21.222046576820322
65.88658865886589,20.805061557290966
65.8965896589659,20.41371738207945
65.90659065906591,20.04862696942492
65.91659165916592,19.710725119577617
65.92659265926594,19.401071335964524
65.93659365936594,19.120874652464956
65.94659465946594,18.871763653338608
65.95659565956596,18.655890644864364
65.96659665966597,18.475678240377448
65.97659765976599,18.33360822401652
65.98659865986599,18.23244003671527
65.996599659966,18.17557777464603
66.00660066006601,18.167029842100195
66.01660166016602,18.211007549853797
66.02660266026604,18.311754963682688
66.03660366036604,18.47383125589175
66.04660466046604,18.702350919833805
66.05660566056606,19.002741579053044
66.06660666066607,19.380257964838737
66.07660766076609,19.83974008334679
66.08660866086609,20.38559614451718
66.0966096609661,21.021596500906988
66.10661066106611,21.750318938188418
66.11661166116612,22.57250265884746
66.12661266126614,23.486516617524703
66.13661366136614,24.487853474166833
66.14661466146615,25.568554263492203
66.15661566156616,26.71664314750739
66.16661666166617,27.915710199442596
66.17661766176617,29.14470517105348
66.18661866186619,30.378083875849008
66.1966196619662,31.586520006249707
66.20662066206621,32.73820425863229
66.21662166216622,33.80048742316188
66.22662266226622,34.741722740664514
66.23662366236624,35.53339098019368
66.24662466246625,36.15244053467528
66.25662566256626,36.58330244256975
66.26662666266627,36.818979946547074
66.27662766276627,36.8611718020403
66.28662866286629,36.71974482628744
66.2966296629663,36.411631594143046
66.30663066306631,35.95895751136421
66.31663166316632,35.38660777143303
66.32663266326632,34.71998589034717
66.33663366336634,33.98346069303717
66.34663466346635,33.19927527057373
66.35663566356637,32.386561883988726
66.36663666366637,31.56068082339747
66.37663766376637,30.73334590916835
66.38663866386639,29.913339538342257
66.3966396639664,29.10710821110038
66.40664066406642,28.318944488069764
66.41664166416642,27.55118038801358
66.42664266426642,26.804776739176024
66.43664366436644,26.080027575852046
66.44664466446645,25.376898561971696
66.45664566456647,24.69499829318587
66.46664666466647,24.033581115944177
66.47664766476647,23.391740003133755
66.4866486648665,22.76861216777356
66.4966496649665,22.163452001060477
66.50665066506652,21.57560221038173
66.51665166516652,21.00443898899642
66.52665266526652,20.44933530836037
66.53665366536654,19.909675848797765
66.54665466546655,19.384958829366255
66.55665566556657,18.87483892048654
66.56665666566657,18.37900833553678
66.57665766576658,17.897070688305433
66.5866586658666,17.428621567904298
66.5966596659666,16.973424067383306
66.60666066606662,16.531368391863687
66.61666166616662,16.102266110601867
66.62666266626663,15.685820191235978
66.63666366636664,15.28184693131704
66.64666466646665,14.890374864685981
66.65666566656667,14.511437044657756
66.66666666666667,14.14491593507631
66.67666766676668,13.79075927113317
66.6866686668667,13.449218323651282
66.6966696669667,13.12071371694544
66.7066706670667,12.805515814006075
66.71667166716672,12.503810614308556
66.72667266726673,12.216082313119092
66.73667366736674,11.943232060742742
66.74667466746675,11.686268669410257
66.75667566756675,11.446110174062314
66.76667666766677,11.223898644292367
66.77667766776678,11.021341397177334
66.7866786678668,10.84064509946827
66.7966796679668,10.684216229381516
66.8066806680668,10.554717249335209
66.81668166816682,10.455446987554804
66.82668266826683,10.39057985696531
66.83668366836685,10.365097033893814
66.84668466846685,10.384734610902182
66.85668566856685,10.456175174755103
66.86668666866687,10.587300210840489
66.87668766876688,10.787337262016626
66.8866886688669,11.066941249313041
66.8966896689669,11.438283161014743
66.9066906690669,11.915061030658526
66.91669166916692,12.51244880582194
66.92669266926693,13.247042233761082
66.93669366936695,14.136633335182244
66.94669466946695,15.199447761645613
66.95669566956695,16.452922837183507
66.96669666966697,17.912322570707268
66.97669766976698,19.58911336002734
66.986698669867,21.48850166904709
66.996699669967,23.605978434943395
67.006700670067,25.923614561213757
67.01670167016702,28.406887202810864
67.02670267026703,31.002243635403627
67.03670367036705,33.635660453025686
67.04670467046705,36.213484220074776
67.05670567056706,38.62719721937814
67.06670667066707,40.76260652731654
67.07670767076708,42.51223620276839
67.0867086708671,43.78899811430791
67.0967096709671,44.538845766422554
67.1067106710671,44.74958690095947
67.11671167116712,44.452882238240136
67.12671267126713,43.71821790079771
67.13671367136715,42.64053312205124
67.14671467146715,41.32519694786209
67.15671567156716,39.873981161423245
67.16671667166717,38.37454264684657
67.17671767176718,36.89468837053536
67.18671867186718,35.481319435165155
67.1967196719672,34.16268816168951
67.2067206720672,32.95220062264033
67.21672167216722,31.852510509971328
67.22672267226723,30.859313226040477
67.23672367236723,29.964468691000803
67.24672467246725,29.158177641072527
67.25672567256726,28.430331907172338
67.26672667266728,27.771423753968413
67.27672767276728,27.17305561092065
67.28672867286728,26.628031311959134
67.2967296729673,26.130253713736053
67.3067306730673,25.674797529261458
67.31673167316733,25.258024134476013
67.32673267326733,24.877319841483196
67.33673367336733,24.530587688916178
67.34673467346735,24.216128473869226
67.35673567356736,23.932968838863232
67.36673667366738,23.68096378783564
67.37673767376738,23.460312804105104
67.38673867386738,23.271147399890904
67.3967396739674,23.113739206022707
67.40674067406741,22.988890093534685
67.41674167416743,22.897810998065022
67.42674267426743,22.841634413291924
67.43674367436743,22.82130165765094
67.44674467446745,22.837871869133036
67.45674567456746,22.892671863883546
67.46674667466748,22.98702117915896
67.47674767476748,23.121947868515054
67.48674867486748,23.298174525743693
67.4967496749675,23.51619730854727
67.50675067506751,23.7762273643655
67.51675167516753,24.07804456647365
67.52675267526753,24.42086822421085
67.53675367536754,24.803212444895678
67.54675467546755,25.222748327157944
67.55675567556756,25.67629146153527
67.56675667566758,26.159811670461657
67.57675767576758,26.668297155563263
67.58675867586759,27.195575627914337
67.5967596759676,27.73439943225579
67.60676067606761,28.276729632481022
67.61676167616763,28.813902352145092
67.62676267626763,29.33663295087634
67.63676367636764,29.835231407890777
67.64676467646765,30.300095645700882
67.65676567656766,30.722127202399438
67.66676667666766,31.09294345303369
67.67676767676768,31.40517499994536
67.68676867686769,31.65295544652953
67.6967696769677,31.832209838121166
67.70677067706771,31.94057444506017
67.71677167716771,31.977335637923954
67.72677267726773,31.943609145081147
67.73677367736774,31.84233736785556
67.74677467746776,31.67781177802407
67.75677567756776,31.455149911753683
67.76677667766776,31.18019286852741
67.77677767776778,30.859474883002314
67.78677867786779,30.499770721314203
67.7967796779678,30.10754194855767
67.80678067806781,29.688854474487805
67.81678167816781,29.249585315727675
67.82678267826783,28.795274213829217
67.83678367836784,28.33071658429624
67.84678467846786,27.859930194785875
67.85678567856786,27.386531877438177
67.86678667866786,26.913889908237813
67.87678767876788,26.444880611710204
67.88678867886789,25.981786874118768
67.8967896789679,25.526600277015294
67.90679067906791,25.08125736281251
67.91679167916791,24.647514103782893
67.92679267926793,24.22681550852108
67.93679367936794,23.8204570850009
67.94679467946796,23.429787232466396
67.95679567956796,23.05616711804861
67.96679667966797,22.700898633664867
67.97679767976798,22.36532424208838
67.98679867986799,22.05090392733267
67.996799679968,21.759123313595538
68.00680068006801,21.491470381764213
68.01680168016802,21.249606344314298
68.02680268026803,21.035446980926388
68.03680368036804,20.85101388365302
68.04680468046806,20.698357775017907
68.05680568056806,20.579733007443544
68.06680668066807,20.49771963379702
68.07680768076808,20.45504514919195
68.08680868086809,20.45442686128071
68.09680968096811,20.498709130123945
68.10681068106811,20.590987526942236
68.11681168116812,20.73442226784198
68.12681268126813,20.932004826983714
68.13681368136814,21.186581205161232
68.14681468146814,21.50088638519759
68.15681568156816,21.87725576427464
68.16681668166817,22.317283672618792
68.17681768176818,22.821744118632296
68.18681868186819,23.39052320560352
68.1968196819682,24.0221870819232
68.20682068206821,24.713489087221934
68.21682168216822,25.45923941103777
68.22682268226824,26.252328048164436
68.23682368236824,27.083416064878993
68.24682468246824,27.940586204819095
68.25682568256826,28.8095117614417
68.26682668266827,29.674011377019568
68.27682768276829,30.516430807683133
68.28682868286829,31.317949755433983
68.2968296829683,32.05940616501793
68.30683068306831,32.722563209244726
68.31683168316832,33.291152508138595
68.32683268326834,33.75158122525977
68.33683368336834,34.09370811583635
68.34683468346834,34.31164380554156
68.35683568356836,34.4039987276452
68.36683668366837,34.37353537708199
68.37683768376839,34.22675910414782
68.38683868386839,33.97349375378807
68.3968396839684,33.62600889251814
68.40684068406841,33.197766922221895
68.41684168416842,32.70246743513259
68.42684268426844,32.153597414299725
68.43684368436844,31.56397225340803
68.44684468446845,30.945099711658905
68.45684568456846,30.30679153731979
68.46684668466847,29.65724361753814
68.47684768476849,29.003228786859385
68.48684868486849,28.350179348646115
68.4968496849685,27.70229716081409
68.50685068506851,27.062756594522003
68.51685168516852,26.433860746882445
68.52685268526854,25.81723037138329
68.53685368536854,25.214130152588904
68.54685468546855,24.62564652432345
68.55685568556856,24.05249128137155
68.56685668566857,23.49490756546922
68.57685768576859,22.953074917569545
68.58685868586859,22.427532892766553
68.5968596859686,21.918902277360583
68.60686068606861,21.427395188315494
68.61686168616862,20.953026093914453
68.62686268626862,20.49624929824895
68.63686368636864,20.05796353527161
68.64686468646865,19.638876975238382
68.65686568656866,19.239376801339468
68.66686668666867,18.860120231608857
68.67686768676867,18.50234909221509
68.68686868686869,18.16748398957625
68.6968696869687,17.856782933455968
68.70687068706872,17.57161871035909
68.71687168716872,17.31384757118464
68.72687268726872,17.0857575779633
68.73687368736874,16.889865585504666
68.74687468746875,16.728950831679377
68.75687568756877,16.60618539061972
68.76687668766877,16.5251998617084
68.77687768776877,16.490190569115747
68.78687868786879,16.505961325916125
68.7968796879688,16.577749784858348
68.80688068806882,16.71110914150612
68.81688168816882,16.912136390049714
68.82688268826882,17.187660798796777
68.83688368836884,17.544922684454523
68.84688468846885,17.99108521944093
68.85688568856887,18.533155438041806
68.86688668866887,19.178011681401536
68.87688768876887,19.931844405836504
68.8868886888689,20.7992177431404
68.8968896889689,21.78245073536881
68.90689068906892,22.881114077237036
68.91689168916892,24.091031536097855
68.92689268926893,25.40300569891979
68.93689368936894,26.801996143971607
68.94689468946895,28.26671934058756
68.95689568956897,29.769214242694208
68.96689668966897,31.274747693086837
68.97689768976898,32.74292218678448
68.986898689869,34.12983170488508
68.996899689969,35.39055449534508
69.00690069006902,36.482062838629524
69.01690169016902,37.36696827467838
69.02690269026903,38.01738651389776
69.03690369036904,38.41748546589927
69.04690469046905,38.56440992686776
69.05690569056907,38.46812102636544
69.06690669066907,38.15018429233801
69.07690769076908,37.64099666294581
69.0869086908691,36.975911492521526
69.0969096909691,36.19157026007254
69.1069106910691,35.32309175475514
69.11691169116912,34.40192826411864
69.12691269126913,33.45437510228683
69.13691369136914,32.50105831340789
69.14691469146915,31.5572372526773
69.15691569156915,30.633460342627874
69.16691669166917,29.736378339801327
69.17691769176918,28.869688323104153
69.1869186918692,28.034951435205993
69.1969196919692,27.23209524519647
69.2069206920692,26.45998174056772
69.21692169216922,25.71709715109066
69.22692269226923,25.001879737465405
69.23692369236925,24.3125962888629
69.24692469246925,23.64736897128542
69.25692569256925,23.004576740387854
69.26692669266927,22.382995310930536
69.27692769276928,21.78145302046041
69.2869286928693,21.198703389093122
69.2969296929693,20.633751237598762
69.3069306930693,20.085957694323028
69.31693169316932,19.554709900689804
69.32693269326933,19.0392967927865
69.33693369336935,18.539197989723235
69.34693469346935,18.054141428113418
69.35693569356935,17.583769607120978
69.36693669366937,17.12762276348779
69.37693769376938,16.68548336583062
69.3869386938694,16.257354277974596
69.3969396939694,15.843091354055236
69.4069406940694,15.442399023454742
69.41694169416942,15.055257358723306
69.42694269426943,14.681945702136373
69.43694369436945,14.322625501835194
69.44694469446945,13.97732551539704
69.45694569456946,13.646320073403388
69.46694669466947,13.330232236807353
69.47694769476948,13.029749562290311
69.4869486948695,12.745537471551973
69.4969496949695,12.478510240762544
69.5069506950695,12.229915662392902
69.51695169516952,12.001242448202312
69.52695269526953,11.794295404647887
69.53695369536955,11.611298530588973
69.54695469546955,11.45482037884491
69.55695569556956,11.327840878781219
69.56695669566957,11.234088193739563
69.57695769576958,11.178122965226772
69.58695869586958,11.165095902050858
69.5969596959696,11.2008375731712
69.6069606960696,11.292364648451876
69.61696169616962,11.448136449662194
69.62696269626963,11.677680028037786
69.63696369636963,11.99155436646659
69.64696469646965,12.401885497145498
69.65696569656966,12.922473477381281
69.66696669666968,13.568277020394659
69.67696769676968,14.354948422053091
69.68696869686968,15.298719365844043
69.6969696969697,16.415790987787005
69.7069706970697,17.720892298462704
69.71697169716973,19.225575013805024
69.72697269726973,20.936376649937316
69.73697369736973,22.85238209540704
69.74697469746975,24.962021258069125
69.75697569756976,27.240000118489544
69.76697669766978,29.64488747997584
69.77697769776978,32.11731409987955
69.78697869786978,34.579818997648
69.7969796979698,36.939744543370566
69.80698069806981,39.09547840328423
69.81698169816983,40.94560537025522
69.82698269826983,42.400289159422314
69.83698369836983,43.39339044554855
69.84698469846985,43.89226353145959
69.85698569856986,43.902513638875504
69.86698669866988,43.466482660877574
69.87698769876988,42.655877437392036
69.88698869886989,41.560160762753796
69.8969896989699,40.273347242677126
69.90699069906991,38.88278067955873
69.91699169916993,37.46173060723311
69.92699269926993,36.06579341740253
69.93699369936994,34.732604067908134
69.94699469946995,33.48426937947521
69.95699569956996,32.330970727716746
69.96699669966998,31.27436769929096
69.97699769976998,30.310391276003642
69.98699869986999,29.431913874430247
69.99699969997,28.630776218146035
70.00700070007001,27.89865364482546
70.01700170017003,27.22743484711456
70.02700270027003,26.609942124649166
70.03700370037004,26.04039985811443
70.04700470047005,25.514060541414313
70.05700570057006,25.026780458249334
70.06700670067006,24.575352363134918
70.07700770077008,24.157755111491195
70.08700870087009,23.7726061917405
70.0970097009701,23.41870029148461
70.10701070107011,23.095362860581233
70.11701170117011,22.802727066898544
70.12701270127013,22.541286920270096
70.13701370137014,22.311532731421988
70.14701470147016,22.114240000332057
70.15701570157016,21.950696971001026
70.16701670167016,21.822436744477553
70.17701770177018,21.73104110683737
70.18701870187019,21.678255320840265
70.1970197019702,21.665994569536586
70.20702070207021,21.696227732697732
70.21702170217021,21.77101771901993
70.22702270227023,21.892465144230197
70.23702370237024,22.062473497426296
70.24702470247026,22.282643418199356
70.25702570257026,22.554456458745832
70.26702670267026,22.879104447620676
70.27702770277028,23.25696564839209
70.28702870287029,23.687538414359533
70.2970297029703,24.16978532487255
70.30703070307031,24.701725090250882
70.31703170317031,25.27972136854584
70.32703270327033,25.898543621824135
70.33703370337034,26.551883320646127
70.34703470347036,27.2320611179471
70.35703570357036,27.929317575015375
70.36703670367037,28.632163264113473
70.37703770377038,29.328302829384157
70.38703870387039,30.00475956324324
70.3970397039704,30.64756778383107
70.40704070407041,31.242576734589477
70.41704170417042,31.77666007307165
70.42704270427043,32.23828326629444
70.43704370437044,32.617393214145096
70.44704470447046,32.906183129341
70.45704570457046,33.099778662198396
70.46704670467047,33.19643908434728
70.47704770477048,33.19715420534546
70.48704870487049,33.10552779113086
70.49704970497051,32.92745228121811
70.50705070507051,32.67060821593237
70.51705170517052,32.344014973843386
70.52705270527053,31.957491656686216
70.53705370537054,31.52077073548597
70.54705470547054,31.043127662508706
70.55705570557056,30.533455569366694
70.56705670567057,30.00020274016991
70.57705770577059,29.450561194408138
70.58705870587059,28.890326359519992
70.5970597059706,28.324644051945562
70.60706070607061,27.75821189949335
70.61706170617062,27.194692257190237
70.62706270627064,26.63667879598841
70.63706370637064,26.086428210084023
70.64706470647064,25.546143258300102
70.65706570657066,25.01745059330596
70.66706670667067,24.5014482533838
70.67706770677069,23.99926267641495
70.68706870687069,23.51205681405105
70.6970697069707,23.040686234047307
70.70707070707071,22.585892070480085
70.71707170717072,22.148610436186157
70.72707270727074,21.729836152417278
70.73707370737074,21.330460047775475
70.74707470747074,20.9514210392596
70.75707570757076,20.59400683390318
70.76707670767077,20.25942065589862
70.77707770777079,19.948922588299617
70.78707870787079,19.664093701225624
70.7970797079708,19.4069370016974
70.80708070807081,19.179366479504836
70.81708170817082,18.983572960866287
70.82708270827084,18.822169686205598
70.83708370837084,18.697983728222393
70.84708470847085,18.614031649378546
70.85708570857086,18.573752903645612
70.86708670867087,18.581166392278167
70.87708770877089,18.640180281959402
70.88708870887089,18.754974802759104
70.8970897089709,18.930237081793656
70.90709070907091,19.17080030126067
70.91709170917092,19.48122319345022
70.92709270927094,19.86591270792092
70.93709370937094,20.329432827308906
70.94709470947095,20.875761404708676
70.95709570957096,21.50745774517095
70.96709670967097,22.22598717254983
70.97709770977099,23.03140553143519
70.98709870987099,23.921340142713436
70.997099709971,24.890170272278407
71.00710071007101,25.92932663940871
71.01710171017102,27.026685240450245
71.02710271027102,28.16571595747263
71.03710371037104,29.32562622682948
71.04710471047105,30.48221362376245
71.05710571057107,31.60835891762642
71.06710671067107,32.67459466050223
71.07710771077107,33.650966434873965
71.08710871087109,34.50935410321634
71.0971097109711,35.224945723324204
71.10711071107112,35.777821004952926
71.11711171117112,36.154907541028834
71.12711271127112,36.35112395117707
71.13711371137114,36.36887966693364
71.14711471147115,36.217664927448745
71.15711571157117,35.913376825974765
71.16711671167117,35.47605163767377
71.17711771177117,34.927822435001346
71.1871187118712,34.291365462577886
71.1971197119712,33.588835748851594
71.20712071207122,32.84055261036741
71.21712171217122,32.063173008643446
71.22712271227122,31.270880514900703
71.23712371237124,30.475206798297226
71.24712471247125,29.684742379590716
71.25712571257127,28.905067899335627
71.26712671267127,28.140603194303623
71.27712771277128,27.394257910818684
71.2871287128713,26.667524101769388
71.2971297129713,25.960684331234436
71.30713071307132,25.274236904785067
71.31713171317132,24.608126455135583
71.32713271327133,23.961707667025156
71.33713371337134,23.334104209966448
71.34713471347135,22.72483877977245
71.35713571357137,22.13318396486217
71.36713671367137,21.558412353654614
71.37713771377138,21.00000654841107
71.3871387138714,20.457556544834897
71.3971397139714,19.9304084361899
71.40714071407142,19.41788504716077
71.41714171417142,18.919977308967947
71.42714271427143,18.43651076693109
71.43714371437144,17.967090690487538
71.44714471447145,17.511482842607524
71.45714571457147,17.06980941316292
71.46714671467147,16.64205035537787
71.47714771477148,16.228129300582452
71.4871487148715,15.828181803165776
71.4971497149715,15.442567750484848
71.5071507150715,15.071320076528568
71.51715171517152,14.714908925921137
71.52715271527153,14.374152875343263
71.53715371537155,14.049575527488097
71.54715471547155,13.741707167307394
71.55715571557155,13.451676619203424
71.56715671567157,13.180941092859111
71.57715771577158,12.930808401746846
71.5871587158716,12.702709503819271
71.5971597159716,12.498778187444387
71.6071607160716,12.321633182044193
71.61716171617162,12.174107287968566
71.62716271627163,12.059625043433211
71.63716371637165,11.982297708052894
71.64716471647165,11.94670143572052
71.65716571657165,11.958369554213007
71.66716671667167,12.024139923313385
71.67716771677168,12.151663609813287
71.6871687168717,12.349155585569783
71.6971697169717,12.626294505560901
71.7071707170717,12.994591291128293
71.71717171717172,13.466541221462649
71.72717271727173,14.055199699675983
71.73717371737175,14.77468725554725
71.74717471747175,15.640056071881162
71.75717571757176,16.666054877887674
71.76717671767177,17.865881686220423
71.77717771777178,19.25009199693836
71.7871787178718,20.825069343359377
71.7971797179718,22.591005601766657
71.8071807180718,24.539311578904762
71.81718171817182,26.64949444324099
71.82718271827183,28.88665747139205
71.83718371837185,31.200484963817964
71.84718471847185,33.52510730197898
71.85718571857186,35.780204848509776
71.86718671867187,37.87539003221314
71.87718771877188,39.71820412478263
71.8871887188719,41.22367915015962
71.8971897189719,42.32412868362166
71.9071907190719,42.978406643149256
71.91719171917192,43.17805500464386
71.92719271927193,42.9478358916861
71.93719371937195,42.34108066387458
71.94719471947195,41.431403871392234
71.95719571957196,40.301873297581935
71.96719671967197,39.03402372914822
71.97719771977198,37.69981048759391
71.987198719872,36.35719730389432
71.997199719972,35.0485221184554
72.007200720072,33.80141620490465
72.01720172017203,32.63152853289597
72.02720272027203,31.54527307134707
72.03720372037203,30.542314976454996
72.04720472047205,29.618433193726233
72.05720572057206,28.76774117536971
72.06720672067208,27.983333508144195
72.07720772077208,27.25784861024746
72.08720872087208,26.58473002254624
72.0972097209721,25.95864569047296
72.10721072107211,25.374890543256967
72.11721172117213,24.829450169286186
72.12721272127213,24.319469991207217
72.13721372137213,23.84275624439781
72.14721472147215,23.397305190965156
72.15721572157216,22.981841727689435
72.16721672167218,22.596039229349174
72.17721772177218,22.239777982087972
72.18721872187218,21.91305550989036
72.1972197219722,21.616565007593422
72.20722072207221,21.351458762083375
72.21722172217223,21.11878643984621
72.22722272227223,20.919764793664903
72.23722372237224,20.756055692308305
72.24722472247225,20.629558657283138
72.25722572257226,20.54246997397439
72.26722672267228,20.497434683197376
72.27722772277228,20.497131788943456
72.28722872287229,20.54414620661613
72.2972297229723,20.641423753247302
72.30723072307231,20.792044428008445
72.31723172317233,20.998577678664248
72.32723272327233,21.263495881240374
72.33723372337234,21.58966730575409
72.34723472347235,21.979517850735846
72.35723572357236,22.434278394189395
72.36723672367238,22.95439539451865
72.37723772377238,23.53960063660203
72.38723872387239,24.187996895959216
72.3972397239724,24.89565228985522
72.40724072407241,25.656751344075587
72.41724172417243,26.463418330714152
72.42724272427243,27.30562180733567
72.43724372437244,28.171194275942
72.44724472447245,29.045375164213045
72.45724572457246,29.910884897150293
72.46724672467248,30.749274713317647
72.47724772477248,31.541778205342553
72.48724872487249,32.269205477712546
72.4972497249725,32.913090973850444
72.50725072507251,33.45775295418675
72.51725172517251,33.890819813520366
72.52725272527253,34.20301696469906
72.53725372537254,34.389170012694535
72.54725472547256,34.449048449416
72.55725572557256,34.38662496710641
72.56725672567256,34.20932659790463
72.57725772577258,33.92783108394663
72.58725872587259,33.55505949704729
72.5972597259726,33.10480777776477
72.60726072607261,32.59108802579091
72.61726172617261,32.027382354180915
72.62726272627263,31.425925680149334
72.63726372637264,30.797791162519555
72.64726472647266,30.152768787471235
72.65726572657266,29.498557710192845
72.66726672667266,28.841202868886747
72.67726772677268,28.186197139800015
72.68726872687269,27.537916328393063
72.6972697269727,26.89881276391569
72.70727072707271,26.270617807643237
72.71727172717272,25.655344430321367
72.72727272727273,25.054312676342267
72.73727372737274,24.467877898673166
72.74727472747276,23.89655081279415
72.75727572757276,23.34112648815473
72.76727672767277,22.80201451141037
72.77727772777278,22.279437186986176
72.78727872787279,21.773636627431003
72.7972797279728,21.284660622826575
72.80728072807281,20.812872998289436
72.81728172817282,20.35911679233988
72.82728272827283,19.92385540768047
72.83728372837284,19.50736210095826
72.84728472847286,19.110688969927462
72.85728572857286,18.735066445119145
72.86728672867287,18.381097123069406
72.87728772877288,18.049699814338226
72.88728872887289,17.74258475949066
72.89728972897291,17.461334848368384
72.90729072907291,17.207586100735377
72.91729172917292,16.983800570914248
72.92729272927293,16.792651699319435
72.93729372937294,16.63674204669361
72.94729472947296,16.519531949066497
72.95729572957296,16.445071004318216
72.96729672967297,16.41722856833524
72.97729772977299,16.440583420183508
72.98729872987299,16.52087045916442
72.997299729973,16.663878251468887
73.00730073007301,16.875520864457503
73.01730173017302,17.162849870863027
73.02730273027304,17.533403634025937
73.03730373037304,17.99435174013923
73.04730473047304,18.552902138719926
73.05730573057306,19.215916614423428
73.06730673067307,19.98900793634228
73.07730773077309,20.876708838604127
73.08730873087309,21.881771367656697
73.0973097309731,23.00317106464137
73.10731073107311,24.235704344395664
73.11731173117312,25.570018707316713
73.12731273127314,26.990477437044028
73.13731373137314,28.473877188519328
73.14731473147314,29.990764407850037
73.15731573157316,31.50586334738111
73.16731673167317,32.977776314936655
73.17731773177319,34.36134400641663
73.18731873187319,35.6111973238861
73.1973197319732,36.68446379099694
73.20732073207321,37.54443864491867
73.21732173217322,38.16451196094731
73.22732273227324,38.53009243821797
73.23732373237324,38.63995067538673
73.24732473247325,38.50681703887214
73.25732573257326,38.15456588884063
73.26732673267327,37.614299786843155
73.27732773277329,36.92217478979998
73.28732873287329,36.11605143771465
73.2973297329733,35.23098180902547
73.30733073307331,34.29760895186417
73.31733173317332,33.34196458165942
73.32733273327334,32.38397760250485
73.33733373337334,31.43781828822515
73.34733473347335,30.513903698291404
73.35733573357336,29.618667535166296
73.36733673367337,28.75456247861989
73.37733773377339,27.922656108960958
73.38733873387339,27.12333390898353
73.3973397339734,26.355106585213857
73.40734073407341,25.61590645591384
73.41734173417342,24.904427079860625
73.42734273427344,24.218936051675964
73.43734373437344,23.55735793342872
73.44734473447345,22.918378229387873
73.45734573457347,22.300564609351255
73.46734673467347,21.702276802564466
73.47734773477347,21.122900787022434
73.48734873487349,20.561739310802487
73.4973497349735,20.017277559572623
73.50735073507352,19.489074698168885
73.51735173517352,18.977297902382762
73.52735273527352,18.480842526252218
73.53735373537354,17.998974162706762
73.54735473547355,17.532192996702868
73.55735573557357,17.079963701763297
73.56735673567357,16.641443731587696
73.57735773577357,16.217348699394186
73.5873587358736,15.807714224007722
73.5973597359736,15.411338781632054
73.60736073607362,15.028721035816558
73.61736173617362,14.661075994200765
73.62736273627362,14.307905023066812
73.63736373637364,13.969007893308252
73.64736473647365,13.645477034883092
73.65736573657367,13.337875636900485
73.66736673667367,13.04688525990796
73.67736773677368,12.77380008437707
73.6873687368737,12.51912127970417
73.6973697369737,12.284148217043843
73.70737073707372,12.071967204932285
73.71737173717372,11.884325176693931
73.72737273727373,11.722314621949812
73.73737373737374,11.59003758237758
73.74737473747375,11.492271485079497
73.75737573757377,11.43198957716246
73.76737673767377,11.413768877633217
73.77737773777378,11.444568481538289
73.7873787378738,11.531160142030805
73.7973797379738,11.681301036589472
73.80738073807382,11.904846422741514
73.81738173817382,12.212155352583535
73.82738273827383,12.614675101926998
73.83738373837384,13.125895689177701
73.84738473847385,13.760268154890461
73.85738573857387,14.533339400201948
73.86738673867387,15.46132729660971
73.87738773877388,16.559027707112165
73.8873887388739,17.840063221353052
73.8973897389739,19.31672630153297
73.90739073907392,20.995655339032044
73.91739173917392,22.874511975890876
73.92739273927393,24.941706789144806
73.93739373937395,27.17392831687932
73.94739473947395,29.53138357478204
73.95739573957395,31.955731030697915
73.96739673967397,34.37182008007571
73.97739773977398,36.690961310521004
73.987398739874,38.815611436296535
73.997399739974,40.64727569559972
74.007400740074,42.09782498640443
74.01740174017402,43.1016829339308
74.02740274027403,43.62542611857903
74.03740374037405,43.672258235883774
74.04740474047405,43.28053771750763
74.05740574057405,42.517003904797846
74.06740674067407,41.46633731736641
74.07740774077408,40.219280819714776
74.0874087408741,38.86162998861454
74.0974097409741,37.4661035786999
74.1074107410741,36.08813298358202
74.11741174117412,34.765515563851636
74.12741274127413,33.52083783094197
74.13741374137415,32.36513586310741
74.14741474147415,31.301431920628534
74.15741574157416,30.32748407590748
74.16741674167417,29.43764397085826
74.17741774177418,28.62422593413568
74.1874187418742,27.87870197183053
74.1974197419742,27.192788410114325
74.2074207420742,26.559318287967095
74.21742174217422,25.972636803696332
74.22742274227423,25.428499470156076
74.23742374237425,24.92359624247247
74.24742474247425,24.455098019403096
74.25742574257426,24.020453699562946
74.26742674267427,23.617565471387117
74.27742774277428,23.245093392865122
74.2874287428743,22.902646790519903
74.2974297429743,22.59061451810631
74.3074307430743,22.309803637341542
74.31743174317432,22.061078829507625
74.32743274327433,21.845212775504542
74.33743374337435,21.663011850924725
74.34743474347435,21.51556592021618
74.35743574357436,21.404397643398465
74.36743674367438,21.331479375614087
74.37743774377438,21.2991130803782
74.3874387438744,21.309715632188954
74.3974397439744,21.36566720532727
74.4074407440744,21.469223300728835
74.41744174417443,21.622511151286957
74.42744274427443,21.82753682921023
74.43744374437443,22.086137105420537
74.44744474447445,22.399884480935597
74.45744574457446,22.769931734861558
74.46744674467448,23.19682816228101
74.47744774477448,23.680281772357556
74.48744874487448,24.21886812532385
74.4974497449745,24.80974889454249
74.50745074507451,25.448514266629736
74.51745174517453,26.129132697731972
74.52745274527453,26.843939801287593
74.53745374537453,27.58359600965405
74.54745474547455,28.337023294013665
74.55745574557456,29.091433646009442
74.56745674567458,29.83255366428078
74.57745774577458,30.545075935066848
74.58745874587459,31.213311492114432
74.5974597459746,31.82196846388029
74.60746074607461,32.35697756366467
74.61746174617463,32.80623295520408
74.62746274627463,33.16016644960829
74.63746374637464,33.41212871479024
74.64746474647465,33.558632950440405
74.65746574657466,33.59947883049991
74.66746674667468,33.53769708739869
74.67746774677468,33.379230771675395
74.68746874687469,33.13234815850508
74.6974697469747,32.80689676786663
74.70747074707471,32.41356238987851
74.71747174717473,31.963253720375707
74.72747274727473,31.46665249052664
74.73747374737474,30.933901055161726
74.74747474747475,30.37436375349809
74.75747574757476,29.796402355465116
74.76747674767478,29.207163129734354
74.77747774777478,28.612455838951075
74.78747874787479,28.016831328466395
74.7974797479748,27.423874111240274
74.80748074807481,26.83657296913932
74.81748174817483,26.257559247052153
74.82748274827483,25.68910045915745
74.83748374837484,25.13294083296831
74.84748474847486,24.5902123084155
74.85748574857486,24.061578098734625
74.86748674867488,23.54756559335635
74.87748774877488,23.048874927139284
74.88748874887489,22.566461418820307
74.8974897489749,22.101368608704828
74.90749074907491,21.654481487740927
74.91749174917491,21.226417738353373
74.92749274927493,20.817657753455933
74.93749374937494,20.428830955804635
74.94749474947496,20.06096489205263
74.95749574957496,19.715530629785313
74.96749674967496,19.394259234293486
74.97749774977498,19.09887023446305
74.98749874987499,18.8309333735283
74.997499749975,18.592003441678305
75.00750075007501,18.383960296559348
75.01750175017501,18.209312101989592
75.02750275027503,18.07123861301642
75.03750375037504,17.973362118382866
75.04750475047506,17.919448776754976
75.05750575057506,17.913274349282723
75.06750675067507,17.958733591753383
75.07750775077508,18.060092269104747
75.08750875087509,18.222204571211236
75.0975097509751,18.450549136997914
75.10751075107511,18.751017446010664
75.11751175117512,19.129500229910068
75.12751275127513,19.591430002510705
75.13751375137514,20.141461200719437
75.14751475147516,20.78332851049136
75.15751575157516,21.519715837275033
75.16751675167517,22.351893416160475
75.17751775177518,23.279032676444444
75.18751875187519,24.297341106932734
75.19751975197521,25.39925531925897
75.20752075207521,26.572848363683974
75.21752175217522,27.801486796175457
75.22752275227523,29.06374298285294
75.23752375237524,30.33361037279927
75.24752475247526,31.581101732320782
75.25752575257526,32.77330988207041
75.26752675267527,33.87599174833731
75.27752775277528,34.85567088472785
75.28752875287529,35.68210108366972
75.29752975297531,36.33074235004811
75.30753075307531,36.78480987380817
75.31753175317532,37.036537871662716
75.32753275327534,37.087490578620574
75.33753375337534,36.94793827624007
75.34753475347536,36.63544842561005
75.35753575357536,36.1729312098325
75.36753675367537,35.586419930883075
75.37753775377539,34.90285713878308
75.38753875387539,34.14812275877182
75.3975397539754,33.34550926628845
75.40754075407541,32.51479112256332
75.41754175417542,31.671907205241247
75.42754275427544,30.82911626749729
75.43754375437544,29.995407688470706
75.44754475447544,29.17700187263543
75.45754575457546,28.37787786261748
75.46754675467547,27.600309215574185
75.47754775477549,26.84536196512034
75.48754875487549,26.113289243868202
75.4975497549755,25.403799354169195
75.50755075507551,24.71623979649546
75.51755175517552,24.0497537397972
75.52755275527554,23.403418202812723
75.53755375537554,22.776327510169537
75.54755475547555,22.167604241248306
75.55755575557556,21.576380571621044
75.56755675567557,21.001820714155382
75.57755775577559,20.44320290801121
75.58755875587559,19.899995939381363
75.5975597559756,19.371842127158892
75.60756075607561,18.858431995163016
75.61756175617562,18.359360822537496
75.62756275627564,17.87408439313113
75.63756375637564,17.402011501966776
75.64756475647565,16.942660702472345
75.65756575657566,16.495765810574444
75.66756675667567,16.061259997627353
75.67756775677569,15.63914780524568
75.68756875687569,15.229339306628756
75.6975697569757,14.831549612005258
75.70757075707571,14.445342020788827
75.71757175717572,14.070304563881576
75.72757275727574,13.706241752707243
75.73757375737574,13.35323581724515
75.74757475747575,13.011532131467389
75.75757575757576,12.681352260536913
75.76757675767577,12.362791570377972
75.77757775777579,12.055865064143415
75.78757875787579,11.76063091083392
75.7975797579758,11.477286027151107
75.80758075807582,11.206205757661412
75.81758175817582,10.94796934449795
75.82758275827584,10.703390834962423
75.83758375837584,10.473521063106576
75.84758475847585,10.2596013104408
75.85758575857587,10.063019864873135
75.86758675867587,9.885345351771896
75.87758775877587,9.728451533249988
75.88758875887589,9.594682365103372
75.8975897589759,9.487000409543072
75.90759075907592,9.40909210302552
75.91759175917592,9.365424153978086
75.92759275927592,9.361266191325571
75.93759375937594,9.402736051638174
75.94759475947595,9.496940631294107
75.95759575957597,9.652225775788919
75.96759675967597,9.878450834461164
75.97759775977597,10.187179877277767
75.987598759876,10.591762902151835
75.997599759976,11.107358606465858
76.00760076007602,11.750912431312168
76.01760176017602,12.54099929955179
76.02760276027603,13.497411343973322
76.03760376037604,14.64043708101815
76.04760476047605,15.989797871476215
76.05760576057607,17.563107494810737
76.06760676067607,19.37363624834141
76.07760776077608,21.427262221227377
76.0876087608761,23.71873060835803
76.0976097609761,26.227535892641647
76.10761076107612,28.913869453392568
76.11761176117612,31.715319049362492
76.12761276127613,34.54542740251241
76.13761376137614,37.29553939621313
76.14761476147615,39.841181655596536
76.15761576157617,42.05336027625103
76.16761676167617,43.81379986345841
76.17761776177618,45.03163565043978
76.1876187618762,45.657892368273195
76.1976197619762,45.69385449892608
76.20762076207622,45.19062922677054
76.21762176217622,44.23966204588505
76.22762276227623,42.95671441436428
76.23762376237624,41.46361966950663
76.24762476247625,39.87227604864451
76.25762576257627,38.27395915265889
76.26762676267627,36.73490271175174
76.27762776277628,35.29714796759064
76.2876287628763,33.982602522132986
76.2976297629763,32.7982543028144
76.30763076307632,31.741161336323355
76.31763176317632,30.802572392819105
76.32763276327633,29.970977859730176
76.33763376337635,29.234105692661256
76.34763476347635,28.58005090634327
76.35763576357635,27.99786718626884
76.36763676367637,27.477926480487156
76.37763776377638,27.0121569331193
76.3876387638764,26.59409161758475
76.3976397639764,26.21867310639177
76.4076407640764,25.88191413458937
76.41764176417642,25.5806121840699
76.42764276427643,25.312241047957745
76.43764376437645,25.074971475275394
76.44764476447645,24.867664554312658
76.45764576457645,24.689725515456157
76.46764676467647,24.540857904038234
76.47764776477648,24.420871867981425
76.4876487648765,24.329653797593163
76.4976497649765,24.267243166532754
76.5076507650765,24.233871113445847
76.51765176517652,24.229892576236715
76.52765276527653,24.255672899346035
76.53765376537655,24.311503860798496
76.54765476547655,24.397546232151424
76.55765576557656,24.5137673688748
76.56765676567657,24.65988889268217
76.57765776577658,24.835372688199538
76.5876587658766,25.039419183516667
76.5976597659766,25.27092808346931
76.6076607660766,25.528425152301438
76.61766176617662,25.81000050928084
76.62766276627663,26.113268709125723
76.63766376637665,26.43532484429435
76.64766476647665,26.772705292600396
76.65766576657666,27.12140212708577
76.66766676667667,27.476940730884483
76.67766776677668,27.834468211996793
76.6876687668767,28.188822039945954
76.6976697669767,28.534618625936634
76.7076707670767,28.866399121892062
76.71767176717672,29.17879045407127
76.72767276727673,29.466613735472862
76.73767376737675,29.72495164313002
76.74767476747675,29.949260970597884
76.75767576757676,30.135581121437493
76.76767676767678,30.280783178449887
76.77767776777678,30.382745747677518
76.7876787678768,30.440378821224762
76.7976797679768,30.453503938249007
76.8076807680768,30.422679406445244
76.81768176817683,30.349088519817645
76.82768276827683,30.23454750254309
76.83768376837685,30.081562677159607
76.84768476847685,29.893286438673705
76.85768576857686,29.673301643405953
76.86768676867688,29.425338151365242
76.87768776877688,29.153097073955962
76.88768876887688,28.86023227028369
76.8976897689769,28.55037132523356
76.90769076907691,28.227054767532135
76.91769176917693,27.893619131969526
76.92769276927693,27.553141264899317
76.93769376937693,27.208484998202234
76.94769476947695,26.86236641643867
76.95769576957696,26.517350038065604
76.96769676967698,26.175794910827197
76.97769776977698,25.839827957299125
76.98769876987699,25.511368526921856
76.997699769977,25.19216944148056
77.00770077007701,24.88387036134894
77.01770177017703,24.58808871892861
77.02770277027703,24.306502839495238
77.03770377037704,24.040819197385535
77.04770477047705,23.792630669471936
77.05770577057706,23.56335258921978
77.06770677067708,23.35437108574363
77.07770777077708,23.167255139476712
77.08770877087709,23.003764722677715
77.0977097709771,22.865646961876728
77.10771077107711,22.75450827745249
77.11771177117713,22.671943742855547
77.12771277127713,22.619727759240842
77.13771377137714,22.59976343721884
77.14771477147715,22.613818473778352
77.15771577157716,22.663376855646856
77.16771677167718,22.749781797911016
77.17771777177718,22.87445197073735
77.18771877187719,23.03885275997358
77.1977197719772,23.244206519735105
77.20772077207721,23.491211332565754
77.21772177217723,23.779976369679257
77.22772277227723,24.110113798117805
77.23772377237724,24.48077801524944
77.24772477247726,24.89051331648424
77.25772577257726,25.336944098754326
77.26772677267728,25.81648796993379
77.27772777277728,26.324294540170058
77.28772877287729,26.85445537280038
77.2977297729773,27.40028995714683
77.30773077307731,27.95444257656205
77.31773177317733,28.508757059429108
77.32773277327733,29.054183451277133
77.33773377337734,29.580965168829465
77.34773477347736,30.079073866068534
77.35773577357736,30.53867037024533
77.36773677367736,30.95048287413163
77.37773777377738,31.306179453759384
77.38773877387739,31.598784681329406
77.3977397739774,31.82302794213693
77.40774077407741,31.975503557075047
77.41774177417741,32.054681383075916
77.42774277427743,32.06087391454683
77.43774377437744,31.99615350185746
77.44774477447746,31.864127779719908
77.45774577457746,31.669595710791178
77.46774677467747,31.418236991160285
77.47774777477748,31.116413251289902
77.48774877487749,30.770963908727307
77.4977497749775,30.388868298267475
77.50775077507751,29.9768410820758
77.51775177517752,29.541054856715512
77.52775277527753,29.087072942751824
77.53775377537754,28.619910108658456
77.54775477547756,28.14411703874298
77.55775577557756,27.663845208294614
77.56775677567757,27.182852000620727
77.57775777577758,26.70441049748772
77.58775877587759,26.231189259993403
77.59775977597761,25.76525947973967
77.60776077607761,25.30829438291122
77.61776177617762,24.861824033335935
77.62776277627763,24.427361828348996
77.63776377637764,24.006393574866223
77.64776477647766,23.600370766107115
77.65776577657766,23.210759566801507
77.66776677667767,22.83903578378316
77.67776777677769,22.486564939583822
77.68776877687769,22.15452102164999
77.69776977697771,21.844024296469016
77.70777077707771,21.556423941700945
77.71777177717772,21.29345299757588
77.72777277727774,21.05711901016554
77.73777377737774,20.849485069951932
77.74777477747776,20.672564082424287
77.75777577757776,20.528372211232266
77.76777677767777,20.41905071474084
77.77777777777779,20.34700121608783
77.78777877787779,20.315011551144874
77.79777977797781,20.326274477536455
77.80778077807781,20.384204211775238
77.81778177817782,20.492135296931817
77.82778277827784,20.65312983606735
77.83778377837784,20.869998791932925
77.84778477847784,21.145414814407918
77.85778577857786,21.481940145082472
77.86778677867787,21.881915036216988
77.87778777877789,22.347212550631784
77.88778877887789,22.878850899348258
77.8977897789779,23.476514945073646
77.90779077907791,24.138168973331325
77.91779177917792,24.859903000512585
77.92779277927794,25.635912659047666
77.93779377937794,26.458357662730762
77.94779477947795,27.317032810825626
77.95779577957796,28.19910878299274
77.96779677967797,29.089238112005653
77.97779777977799,29.970040244131013
77.98779877987799,30.822746295980807
77.997799779978,31.627867418344884
78.00780078007801,32.36595864323456
78.01780178017802,33.018573374795054
78.02780278027804,33.5693486130889
78.03780378037804,34.005055766298526
78.04780478047805,34.31647586998971
78.05780578057806,34.498976893983695
78.06780678067807,34.55265192844494
78.07780778077809,34.481965212485775
78.08780878087809,34.29506003750187
78.0978097809781,34.00296368238386
78.10781078107811,33.61875897192864
78.11781178117812,33.156653742495315
78.12781278127814,32.6310090189844
78.13781378137814,32.05556410962581
78.14781478147815,31.442982209596135
78.15781578157817,30.80458029998612
78.16781678167817,30.150087602050576
78.17781778177819,29.487498007245698
78.18781878187819,28.823156895318164
78.1978197819782,28.162020491332242
78.20782078207822,27.50788029559009
78.21782178217822,26.86349544977805
78.22782278227824,26.23077373220593
78.23782378237824,25.611070262598023
78.24782478247825,25.005464097072746
78.25782578257827,24.41485941290137
78.26782678267827,23.83994600412865
78.27782778277829,23.281162942130422
78.2878287828783,22.73873263201314
78.2978297829783,22.21274847437542
78.30783078307832,21.703308587855915
78.31783178317832,21.210674040132453
78.32783278327832,20.735344553773075
78.33783378337834,20.27793665942653
78.34783478347835,19.83895694836643
78.35783578357837,19.418750009977686
78.36783678367837,19.017747582677668
78.37783778377838,18.636769933288672
78.3878387838784,18.27703948351312
78.3978397839784,17.939918508909166
78.40784078407842,17.6267045991308
78.41784178417842,17.33870693430655
78.42784278427843,17.077506084878046
78.43784378437844,16.84518282861702
78.44784478447845,16.644397453970193
78.45784578457847,16.47828915421834
78.46784678467847,16.35025405772346
78.47784778477848,16.26381586823953
78.4878487848785,16.22279802349866
78.4978497849785,16.23167603985685
78.50785078507852,16.295729577492555
78.51785178517852,16.420871903908953
78.52785278527853,16.613479714482132
78.53785378537854,16.880468073879598
78.54785478547855,17.22935273688491
78.55785578557857,17.66793797561138
78.56785678567857,18.203766315827604
78.57785778577858,18.843785437365717
78.5878587858786,19.594291238816858
78.5978597859786,20.460660359807278
78.60786078607862,21.446493751858224
78.61786178617862,22.5524104826953
78.62786278627863,23.774978909075724
78.63786378637865,25.1058686032682
78.64786478647865,26.53095275549444
78.65786578657867,28.02936480504333
78.66786678667867,29.57296842706556
78.67786778677868,31.126631051178663
78.6878687868787,32.64926497842822
78.6978697869787,34.0955135296444
78.70787078707872,35.41820981689993
78.71787178717872,36.571687399929964
78.72787278727873,37.515583847687296
78.73787378737875,38.21857094514255
78.74787478747875,38.66156762400237
78.75787578757877,38.83987565889581
78.76787678767877,38.763411711321815
78.77787778777878,38.45466900957659
78.7878787878788,37.945171369716576
78.7978797879788,37.27166839506326
78.8078807880788,36.47268076667623
78.81788178817882,35.58538649588573
78.82788278827883,34.643055442720694
78.83788378837885,33.67352328819118
78.84788478847885,32.698787973132106
78.85788578857886,31.735245004972434
78.86788678867887,30.79414678983469
78.87788778877888,29.882304323293404
78.8878887888789,29.00312922535442
78.8978897889789,28.1577986838261
78.9078907890789,27.34615480168237
78.91789178917892,26.567175238334997
78.92789278927893,25.81919431916679
78.93789378937895,25.100154883640926
78.94789478947895,24.407965628822396
78.95789578957896,23.74077590328015
78.96789678967897,23.096992947603326
78.97789778977898,22.475138442818604
78.987898789879,21.87379314473591
78.997899789979,21.29171071085898
79.007900790079,20.727954193301777
79.01790179017902,20.18188189946768
79.02790279027903,19.65296608812394
79.03790379037905,19.140611438010907
79.04790479047905,18.644176424800325
79.05790579057906,18.16317996881275
79.06790679067907,17.69742595792341
79.07790779077908,17.246867751029896
79.0879087908791,16.811384649136745
79.0979097909791,16.390757685743612
79.1079107910791,15.984859971000649
79.11791179117913,15.593817841126796
79.12791279127913,15.217976029653768
79.13791379137915,14.857745166407705
79.14791479147915,14.513514346592261
79.15791579157916,14.18571890017567
79.16791679167918,13.875005515134418
79.17791779177918,13.582352483965266
79.1879187918792,13.30904382531498
79.1979197919792,13.056542372572554
79.20792079207921,12.82642168239502
79.21792179217923,12.620473011673662
79.22792279227923,12.440938316439507
79.23792379237925,12.290713564103132
79.24792479247925,12.173412425596585
79.25792579257926,12.093309119362278
79.26792679267928,12.055269222055868
79.27792779277928,12.064773053887768
79.28792879287928,12.128067271411787
79.2979297929793,12.252396334419377
79.30793079307931,12.446215543485291
79.31793179317933,12.719301083519964
79.32793279327933,13.08273786882686
79.33793379337934,13.548821194667953
79.34793479347935,14.130901466109874
79.35793579357936,14.843138283821773
79.36793679367938,15.700081653000138
79.37793779377938,16.716003013583673
79.38793879387939,17.903933614016154
79.3979397939794,19.274374957455912
79.40794079407941,20.83363074483274
79.41794179417943,22.581730477647227
79.42794279427943,24.510006344957713
79.43794379437944,26.598515371985506
79.44794479447945,28.81363382845381
79.45794579457946,31.10630709210469
79.46794679467948,33.41162732958155
79.47794779477948,35.65051664205754
79.48794879487949,37.734138174425645
79.4979497949795,39.57114837486508
79.50795079507951,41.07713484006856
79.51795179517953,42.18478161400105
79.52795279527953,42.852760614920825
79.53795379537954,43.07133926646026
79.54795479547955,42.86331587073427
79.55795579557956,42.279962075744294
79.56795679567958,41.39283518770141
79.57795779577958,40.28330123551628
79.58795879587959,39.032094756481584
79.5979597959796,37.71100593184323
79.60796079607961,36.377894185763665
79.61796179617963,35.07511000419787
79.62796279627963,33.83055989422415
79.63796379637964,32.660269328539314
79.64796479647966,31.571337179136258
79.65796579657966,30.564544899243863
79.66796679667968,29.636417320977678
79.67796779677968,28.78091053252579
79.68796879687969,27.990887824351667
79.6979697969797,27.2592928753849
79.70797079707971,26.579821893802805
79.71797179717973,25.94708915208877
79.72797279727973,25.356531486574866
79.73797379737974,24.804320741022845
79.74797479747976,24.287356109714064
79.75797579757976,23.803247164251587
79.76797679767976,23.350231186712353
79.77797779777978,22.92709329624076
79.78797879787979,22.53316963356252
79.7979797979798,22.168386905916236
79.80798079807981,21.833193413335565
79.81798179817982,21.528330083872994
79.82798279827983,21.254594964069675
79.83798379837984,21.012823926823565
79.84798479847986,20.80412055674746
79.85798579857986,20.630107049962497
79.86798679867987,20.49294292684609
79.87798779877988,20.39510539659492
79.88798879887989,20.33915889108465
79.8979897989799,20.327703745347513
79.90799079907991,20.363460140649458
79.91799179917992,20.449308754119915
79.92799279927993,20.58821789015719
79.93799379937994,20.7831593742102
79.94799479947996,21.0371012650334
79.95799579957996,21.35297486989107
79.96799679967997,21.733436373998728
79.97799779977998,22.18043239955722
79.98799879987999,22.694807841632333
79.99799979998001,23.276145360172258
80.00800080008001,23.922744761305726
80.01800180018002,24.631492747368583
80.02800280028003,25.397511834503895
80.03800380038004,26.213716824271824
80.04800480048006,27.070476902116738
80.05800580058006,27.955481981008035
80.06800680068007,28.853818807219866
80.07800780078009,29.74826870492036
80.08800880088009,30.619864248959924
80.09800980098011,31.448698941506912
80.10801080108011,32.21489852606816
80.11801180118012,32.89961476370562
80.12801280128014,33.485930308551445
80.13801380138014,33.959654776613135
80.14801480148016,34.31007577365718
80.15801580158016,34.53070245496027
80.16801680168017,34.619864612913794
80.17801780178019,34.58086035139682
80.18801880188019,34.421420330470866
80.19801980198021,34.152589078165974
80.20802080208021,33.787440259140496
80.21802180218022,33.3400421812477
80.22802280228024,32.824776482030465
80.23802380238024,32.25579873397162
80.24802480248024,31.646429808941235
80.25802580258026,31.008546822205968
80.26802680268027,30.352247205369395
80.27802780278029,29.685907670219315
80.28802880288029,29.016433210491336
80.2980298029803,28.349395794160124
80.30803080308031,27.689010713576288
80.31803180318032,27.038171789446846
80.32803280328034,26.398740695480306
80.33803380338034,25.7720193748669
80.34803480348035,25.15914164039699
80.35803580358036,24.561187378810143
80.36803680368037,23.979051349942292
80.37803780378039,23.413266960799337
80.38803880388039,22.863979785429375
80.3980398039804,22.331113035656855
80.40804080408041,21.814611511998336
80.41804180418042,21.314616224280627
80.42804280428044,20.831514260605985
80.43804380438044,20.36589176356733
80.44804480448045,19.918422282086837
80.45804580458046,19.4897292145866
80.46804680468047,19.080318900636836
80.47804780478049,18.690674299360484
80.48804880488049,18.321458781540827
80.4980498049805,17.973663659498065
80.50805080508052,17.64861564869618
80.51805180518052,17.347918843588246
80.52805280528054,17.073424362188792
80.53805380538054,16.827217192241644
80.54805480548055,16.611573177908994
80.55805580558057,16.42894301143644
80.56805680568057,16.282079725576075
80.57805780578059,16.174298501815166
80.58805880588059,16.10967192507804
80.5980598059806,16.092975173916777
80.60806080608062,16.129440805485103
80.61806180618062,16.224591652461235
80.62806280628064,16.384335314361138
80.63806380638064,16.6152055727758
80.64806480648065,16.92445730219012
80.65806580658067,17.319866906492095
80.66806680668067,17.809358472332796
80.67806780678069,18.400645397583066
80.6880688068807,19.1008983554216
80.6980698069807,19.916306901626015
80.70807080708072,20.85144762264614
80.71807180718072,21.9084829208631
80.72807280728072,23.08623058092658
80.73807380738074,24.3791305087358
80.74807480748075,25.776169544095254
80.75807580758077,27.259880934186338
80.76807680768077,28.805580408216052
80.77807780778078,30.381087390753454
80.7880788078808,31.94721490227248
80.7980798079808,33.45921049201631
80.80808080808082,34.86913890693842
80.81808180818082,36.12904504112127
80.82808280828083,37.19465990820221
80.83808380838084,38.02929599542237
80.84808480848085,38.60738138417168
80.85808580858087,38.91698957031916
80.86808680868087,38.96084150096161
80.87808780878088,38.75555983137866
80.8880888088809,38.329274148226936
80.8980898089809,37.7179927827808
80.90809080908092,36.96141186762098
80.91809180918092,36.098957246916584
80.92809280928093,35.16672508337025
80.93809380938094,34.195648577583235
80.94809480948095,33.210784607116324
80.95809580958097,32.23132041247744
80.96809680968097,31.270940946085506
80.97809780978098,30.33845217560458
80.988098809881,29.438696173022755
80.998099809981,28.57365880715733
81.00810081008102,27.743500974266585
81.01810181018102,26.947305224853267
81.02810281028103,26.18352780056116
81.03810381038105,25.450272084726997
81.04810481048105,24.745486959559543
81.05810581058107,24.06712961534356
81.06810681068107,23.413271564174483
81.07810781078108,22.78216084984709
81.0881088108811,22.172277780577232
81.0981098109811,21.58241250584796
81.10811081108112,21.01168312413712
81.11811181118112,20.45940429375308
81.12811281128113,19.92487970246578
81.13811381138115,19.40734413471104
81.14811481148115,18.906132690840597
81.15811581158117,18.420866189967278
81.16811681168117,17.9514101814679
81.17811781178118,17.49765510165791
81.1881188118812,17.059388363727148
81.1981198119812,16.63638127930701
81.2081208120812,16.22858767667529
81.21812181218122,15.836257670683846
81.22812281228123,15.45988406299001
81.23812381238125,15.100034472682422
81.24812481248125,14.757228937588575
81.25812581258126,14.431945515141146
81.26812681268127,14.124750161322
81.27812781278128,13.836487734373643
81.2881288128813,13.568457635282172
81.2981298129813,13.3224566980332
81.3081308130813,13.100632545358275
81.31813181318132,12.905297693669802
81.32813281328133,12.738956617700016
81.33813381338135,12.604574323600708
81.34813481348135,12.505818275045144
81.35813581358136,12.447112060117579
81.36813681368137,12.43364085793778
81.37813781378138,12.471469989088472
81.3881388138814,12.567663480958544
81.3981398139814,12.730271508676624
81.4081408140814,12.96830502341039
81.41814181418142,13.291826291004542
81.42814281428143,13.712025342687385
81.43814381438145,14.241148028922506
81.44814481448145,14.892338643268877
81.45814581458146,15.679420675685693
81.46814681468148,16.616380086002682
81.47814781478148,17.716353642779993
81.4881488148815,18.990244599466187
81.4981498149815,20.445192300559295
81.5081508150815,22.08291328107334
81.51815181518153,23.897729060553402
81.52815281528153,25.874196402365936
81.53815381538155,27.984618672041336
81.54815481548155,30.18708979251047
81.55815581558156,32.42478916141016
81.56815681568158,34.62702292745655
81.57815781578158,36.712362190895846
81.5881588158816,38.59422832760616
81.5981598159816,40.188946855875635
81.60816081608161,41.42525438865715
81.61816181618163,42.253292789594894
81.62816281628163,42.6510981756518
81.63816381638165,42.62729026517765
81.64816481648165,42.219290810199524
81.65816581658166,41.4871677819484
81.66816681668168,40.504419715858226
81.67816781678168,39.34804373484859
81.68816881688169,38.09010033887466
81.6981698169817,36.79195651234386
81.70817081708171,35.50138953926148
81.71817181718173,34.25215384968105
81.72817281728173,33.06533960640954
81.73817381738174,31.951793427770568
81.74817481748175,30.914899079761256
81.75817581758176,29.95317698652279
81.76817681768178,29.06232950115539
81.77817781778178,28.236654024426926
81.78817881788179,27.46995858607181
81.7981798179818,26.75616060051993
81.80818081808181,26.089654204673693
81.81818181818183,25.465544949868363
81.82818281828183,24.879803456530883
81.83818381838184,24.329290472649692
81.84818481848185,23.811600817679203
81.85818581858186,23.324858067160623
81.86818681868188,22.867652092994348
81.87818781878188,22.439115461941398
81.88818881888189,22.038940946720782
81.8981898189819,21.667235105492246
81.90819081908191,21.324333117663233
81.91819181918193,21.010754058994994
81.92819281928193,20.72732345691046
81.93819381938194,20.475298038418266
81.94819481948196,20.256353625976853
81.95819581958196,20.072464476487603
81.96819681968198,19.925813734554602
81.97819781978198,19.8187810225758
81.98819881988199,19.75395673003709
81.998199819982,19.734139448002313
82.00820082008201,19.762357731201043
82.01820182018203,19.84192218011903
82.02820282028203,19.97642613085194
82.03820382038204,20.16962051937167
82.04820482048206,20.425196816260517
82.05820582058206,20.746603809024247
82.06820682068208,21.13693115105731
82.07820782078208,21.598758843021653
82.08820882088209,22.133886646119976
82.0982098209821,22.7429887599743
82.10821082108211,23.425290698878186
82.11821182118213,24.178304335767802
82.12821282128213,24.997538122646326
82.13821382138214,25.87611052266869
82.14821482148216,26.804290686898216
82.15821582158216,27.76913739979176
82.16821682168218,28.75445603232831
82.17821782178218,29.74120475024578
82.18821882188219,30.708248680759056
82.1982198219822,31.633217840733533
82.20822082208221,32.493318098872514
82.21822182218222,33.266226594643044
82.22822282228223,33.93131100063485
82.23822382238224,34.47112563253444
82.24822482248226,34.87277881375276
82.25822582258226,35.12876006968383
82.26822682268227,35.23719095664839
82.27822782278228,35.201690890941215
82.28822882288229,35.03092390375819
82.29822982298231,34.73770703511063
82.30823082308231,34.337674747215395
82.31823182318232,33.84780258721964
82.32823282328233,33.285173736229154
82.33823382338234,32.66614762185787
82.34823482348236,32.00582236743848
82.35823582358236,31.317613755659966
82.36823682368237,30.612913547755
82.37823782378238,29.900923431983585
82.38823882388239,29.188763090148605
82.39823982398241,28.481808188623233
82.40824082408241,27.784069324314984
82.41824182418242,27.098454734008914
82.42824282428244,26.426943652739908
82.43824382438244,25.770779055189703
82.44824482448246,25.130699679591388
82.45824582458246,24.507108913239417
82.46824682468247,23.900141214214845
82.47824782478249,23.30972702289029
82.48824882488249,22.735749114476107
82.49824982498251,22.178218338320203
82.50825082508251,21.637308347381055
82.51825182518252,21.113211612707595
82.52825282528254,20.605963531252918
82.53825382538254,20.115413276758396
82.54825482548256,19.641381028600517
82.55825582558256,19.183886057935826
82.56825682568257,18.743272225141677
82.57825782578259,18.32015281389322
82.58825882588259,17.91524612970251
82.59825982598261,17.529257169498443
82.60826082608261,17.16289293265015
82.61826182618262,16.816963423007664
82.62826282628264,16.492464561859748
82.63826382638264,16.19062523968568
82.64826482648266,15.912961635609118
82.65826582658266,15.661343033170747
82.66826682668267,15.4380216070927
82.67826782678269,15.24562581559873
82.68826882688269,15.087173060161971
82.6982698269827,14.966117378634252
82.70827082708271,14.886396314279901
82.71827182718272,14.852485429134411
82.72827282728274,14.869512513946944
82.73827382738274,14.943395234504186
82.74827482748275,15.080878521701313
82.75827582758276,15.289421707746472
82.76827682768277,15.577058172627208
82.77827782778279,15.95236571396149
82.78827882788279,16.424498966393045
82.7982798279828,17.00308652389435
82.80828082808281,17.697853190792017
82.81828182818282,18.51799034669429
82.82828282828284,19.471367283358678
82.83828382838284,20.563645838985515
82.84828482848285,21.797286900739515
82.85828582858286,23.17038645001358
82.86828682868287,24.67529338645562
82.87828782878289,26.297092726112115
82.88828882888289,28.012253048146047
82.8982898289829,29.787835564509663
82.90829082908292,31.581552574791626
82.91829182918292,33.342780387738486
82.92829282928294,35.014619433246686
82.93829382938294,36.53720624255577
82.94829482948295,37.85239941939364
82.95829582958297,38.9094525866861
82.96829682968297,39.670619925236714
82.97829782978299,40.11537911506349
82.98829882988299,40.24232937651679
82.998299829983,40.068547184205684
83.00830083008302,39.62675238152684
83.01830183018302,38.96087451325823
83.02830283028304,38.12073899804524
83.03830383038304,37.15673928753411
83.04830483048305,36.1153996117264
83.05830583058307,35.03639691408296
83.06830683068307,33.95109581106915
83.07830783078309,32.882346580615625
83.0883088308831,31.84528858066214
83.0983098309831,30.84884827207738
83.10831083108312,29.89743679574736
83.11831183118312,28.99237114206325
83.12831283128314,28.132875158482896
83.13831383138314,27.316803929484436
83.14831483148315,26.541216724308715
83.15831583158317,25.802816967009402
83.16831683168317,25.09831568494672
83.17831783178318,24.424771353097505
83.1883188318832,23.77980783935068
83.1983198319832,23.161565119121008
83.20832083208322,22.568449943574382
83.21832183218322,21.998963465695443
83.22832283228323,21.451744399027096
83.23832383238324,20.9257289369468
83.24832483248325,20.420249731757874
83.25832583258327,19.935016854727166
83.26832683268327,19.470015656717962
83.27832783278328,19.025389381191516
83.2883288328833,18.601368925912755
83.2983298329833,18.19826742480199
83.30833083308332,17.81652759800183
83.31833183318332,17.456805515033075
83.32833283328333,17.120055786134195
83.33833383338334,16.807539174890245
83.34833483348335,16.520744202884607
83.35833583358337,16.2613445503003
83.36833683368337,16.03130057255425
83.37833783378338,15.833031631346905
83.3883388338834,15.669501200236155
83.3983398339834,15.544178763271233
83.40834083408342,15.460982032286843
83.41834183418342,15.424277123095504
83.42834283428343,15.438945848852281
83.43834383438345,15.510497592884793
83.44834483448345,15.645170136406005
83.45834583458347,15.849935057085615
83.46834683468347,16.132411170122182
83.47834783478348,16.50079252988968
83.4883488348835,16.963780855970096
83.4983498349835,17.53032731345275
83.50835083508352,18.209099489076856
83.51835183518352,19.00788240617281
83.52835283528353,19.933086468792666
83.53835383538355,20.98917030399563
83.54835483548355,22.177678074727783
83.55835583558357,23.495921001584275
83.56835683568357,24.935613322530806
83.57835783578358,26.48168042892374
83.5883588358836,28.111288685087025
83.5983598359836,29.793215990873428
83.60836083608362,31.48782087994738
83.61836183618362,33.14792399247915
83.62836283628363,34.72089766439933
83.63836383638365,36.15205583495843
83.64836483648365,37.38901093155097
83.65836583658366,38.386313329805176
83.66836683668367,39.10978720346238
83.67836783678368,39.54011796129126
83.6883688368837,39.67500285669948
83.6983698369837,39.52904177084049
83.7083708370837,39.13118336672944
83.71837183718372,38.5205282579371
83.72837283728373,37.74161361611621
83.73837383738375,36.839903313914334
83.74837483748375,35.85790002880284
83.75837583758376,34.83231951279534
83.76837683768377,33.79266160337478
83.77837783778378,32.7610675020837
83.7883788378838,31.75297758918839
83.7983798379838,30.77816243801228
83.8083808380838,29.841935257065426
83.81838183818383,28.946434167742893
83.82838283828383,28.09174957444086
83.83838383838385,27.276669228934626
83.84838483848385,26.49907073103577
83.85838583858386,25.756223155006833
83.86838683868388,25.045171794025435
83.87838783878388,24.363125127096
83.8883888388839,23.70771277213133
83.8983898389839,23.077098823323382
83.9083908390839,22.469954965493354
83.91839183918393,21.885238087629936
83.92839283928393,21.321884823125384
83.93839383938395,20.77871101758113
83.94839483948395,20.25463398848561
83.95839583958396,19.748982131558325
83.96839683968398,19.261565643806154
83.97839783978398,18.79245242920758
83.988398839884,18.34169912288754
83.998399839984,17.909270680277682
84.00840084008401,17.495178862451485
84.01840184018403,17.09966801186331
84.02840284028403,16.72328330684713
84.03840384038405,16.366812970520506
84.04840484048405,16.031167729103764
84.05840584058406,15.717343880508492
84.06840684068408,15.426509954879014
84.07840784078408,15.160190625861938
84.0884088408841,14.920389899833665
84.0984098409841,14.709534794006338
84.10841084108411,14.530363826237139
84.11841184118413,14.38591955715037
84.12841284128413,14.279699090113922
84.13841384138414,14.215857745885323
84.14841484148415,14.19934103721944
84.15841584158416,14.235904700728582
84.16841684168418,14.332073902290263
84.17841784178418,14.495080396967834
84.18841884188419,14.732864333816941
84.1984198419842,15.054135619305066
84.20842084208421,15.468423452536685
84.21842184218423,15.986014186214417
84.22842284228423,16.61767987479843
84.23842384238424,17.374217243409056
84.24842484248425,18.265803088522247
84.25842584258426,19.30117179336082
84.26842684268428,20.48653241418869
84.27842784278428,21.824258510149058
84.28842884288429,23.31147272752934
84.2984298429843,24.93861008432679
84.30843084308431,26.6879410270206
84.31843184318433,28.532144395463018
84.32843284328433,30.43326579598578
84.33843384338434,32.342564222682746
84.34843484348436,34.201726155188325
84.35843584358436,35.94580694572991
84.36843684368438,37.507927924884896
84.37843784378438,38.82531877427305
84.38843884388439,39.84583957504107
84.3984398439844,40.533819401498576
84.40844084408441,40.87407283585177
84.41844184418443,40.873278124380406
84.42844284428443,40.55841308144846
84.43844384438444,39.972587895804935
84.44844484448446,39.16916216257427
84.45844584458446,38.20531753490559
84.46844684468448,37.13626580173674
84.47844784478448,36.010783543051545
84.48844884488449,34.868534274401654
84.4984498449845,33.739139806863435
84.50845084508451,32.6427285203913
84.51845184518453,31.59142559698406
84.52845284528453,30.591266801654236
84.53845384538454,29.644161023003218
84.54845484548456,28.749486706569236
84.55845584558456,27.905121593863555
84.56845684568458,27.107961581853257
84.57845784578458,26.35420999913008
84.58845884588459,25.639745503028315
84.5984598459846,24.960620489606317
84.60846084608461,24.31349275562063
84.61846184618462,23.695810066088807
84.62846284628463,23.1057131422134
84.63846384638464,22.541795040408676
84.64846484648466,22.002861038463045
84.65846584658466,21.48782682058969
84.66846684668467,20.995788521815975
84.67846784678468,20.526213112691067
84.68846884688469,20.07902473168074
84.69846984698471,19.65452470688456
84.70847084708471,19.253251288267897
84.71847184718472,18.875900027357275
84.72847284728473,18.523339796762105
84.73847384738474,18.196621679965197
84.74847484748476,17.89698231245206
84.75847584758476,17.625852383691722
84.76847684768477,17.384951143365775
84.77847784778479,17.17640733831675
84.78847884788479,17.002872363471944
84.79847984798481,16.867555612184773
84.80848084808481,16.774175791207703
84.81848184818482,16.72685555579296
84.82848284828484,16.73004144191517
84.83848384838484,16.78852304793336
84.84848484848486,16.907516115351022
84.85848584858486,17.092755871616184
84.86848684868487,17.350550219706733
84.87848784878489,17.68776258501121
84.88848884888489,18.111615922297027
84.89848984898491,18.6292752833674
84.90849084908491,19.24734402249197
84.91849184918492,19.97142026149105
84.92849284928494,20.80568840684606
84.93849384938494,21.752426303294943
84.94849484948496,22.81136478110774
84.95849584958496,23.978876954924964
84.96849684968497,25.24697170855325
84.97849784978499,26.60225305251164
84.98849884988499,28.025046806526927
84.99849984998501,29.488987075118636
85.00850085008501,30.961196966896825
85.01850185018502,32.403214475190346
85.02850285028504,33.77276530512342
85.03850385038504,35.02636128777819
85.04850485048506,36.122457866717774
85.05850585058506,37.024679063388824
85.06850685068507,37.70476617289427
85.07850785078509,38.14497660534268
85.08850885088509,38.33961597262554
85.0985098509851,38.2953486344539
85.10851085108511,38.030196701983705
85.11851185118512,37.57138324935225
85.12851285128514,36.95226787164012
85.13851385138514,36.20871881507172
85.14851485148515,35.3755854305898
85.15851585158516,34.4840010770522
85.16851685168517,33.55994746481611
85.17851785178519,32.62399225776131
85.18851885188519,31.691746464943083
85.1985198519852,30.77460217387627
85.20852085208521,29.8804951483843
85.21852185218522,29.014508842132084
85.22852285228524,28.17928517854196
85.23852385238524,27.375383796773185
85.24852485248525,26.601802671263933
85.25852585258527,25.856672977133005
85.26852685268527,25.13794026291773
85.27852785278529,24.44387215307138
85.28852885288529,23.77322789535983
85.2985298529853,23.125078163615232
85.30853085308532,22.498476538213534
85.31853185318532,21.892243615424402
85.32853285328534,21.304986860282252
85.33853385338534,20.735324850059605
85.34853485348535,20.182167392161823
85.35853585358537,19.644828361820096
85.36853685368537,19.122901468760986
85.37853785378539,18.616065188951524
85.3885388538854,18.124011422539
85.3985398539854,17.64644186186441
85.40854085408542,17.183017822317694
85.41854185418542,16.733283515689642
85.42854285428544,16.296722066293
85.43854385438544,15.872934932589494
85.44854485448545,15.461738911807977
85.45854585458547,15.063112338813085
85.46854685468547,14.677121230740179
85.47854785478549,14.30391922733233
85.4885488548855,13.943668171998324
85.4985498549855,13.596366893851327
85.50855085508552,13.261858762539221
85.51855185518552,12.940096196800866
85.52855285528554,12.631399766060857
85.53855385538554,12.336489036212615
85.54855485548555,12.056316460303432
85.55855585558557,11.791872996404305
85.56855685568557,11.544097203535957
85.57855785578558,11.31394848175896
85.5885588558856,11.102598474881672
85.5985598559856,10.911650242576595
85.60856085608562,10.743322048594957
85.61856185618562,10.600494628796971
85.62856285628563,10.486620164022865
85.63856385638564,10.405607700985428
85.64856485648565,10.361846845948163
85.65856585658567,10.3603999020342
85.66856685668567,10.407314928567807
85.67856785678568,10.50991452502331
85.6885688568857,10.676961794911405
85.6985698569857,10.91867523543244
85.70857085708572,11.246668690372326
85.71857185718572,11.673837367625321
85.72857285728573,12.214383009532003
85.73857385738575,12.88404323754114
85.74857485748575,13.700174487541114
85.75857585758577,14.681228023086065
85.76857685768577,15.845580249280493
85.77857785778578,17.209995882791635
85.7885788578858,18.78784463899653
85.7985798579858,20.5869852642133
85.80858085808582,22.607183521412182
85.81858185818582,24.837050089951035
85.82858285828583,27.250638013183774
85.83858385838585,29.80402897416763
85.84858485848585,32.43275116204812
85.85858585858587,35.051428871122745
85.86858685868587,37.55700927850788
85.87858785878588,39.83607194757943
85.8885888588859,41.77592218272963
85.8985898589859,43.27827565363937
85.90859085908592,44.273041344212956
85.91859185918592,44.72887240637918
85.92859285928593,44.65774280620409
85.93859385938595,44.11247305356441
85.94859485948595,43.17768276704102
85.95859585958597,41.956097204603466
85.96859685968597,40.5533704820388
85.97859785978598,39.06506732498738
85.988598859886,37.568457702832546
85.998599859986,36.119651586581796
86.00860086008602,34.754783483617125
86.01860186018602,33.49344856545305
86.02860286028603,32.34288003398123
86.03860386038605,31.30184871159408
86.04860486048605,30.36380525397387
86.05860586058606,29.519271861710756
86.06860686068607,28.757691968269253
86.07860786078608,28.068845327576636
86.0886088608861,27.443758710411757
86.0986098609861,26.875048907126427
86.1086108610861,26.356703152803632
86.11861186118612,25.883574005185892
86.12861286128613,25.45105828303071
86.13861386138615,25.055273787985826
86.14861486148615,24.69351654708458
86.15861586158616,24.36440549557764
86.16861686168617,24.067430678688453
86.17861786178618,23.80227230261173
86.1886188618862,23.56850112172579
86.1986198619862,23.36580247324536
86.2086208620862,23.194346061182543
86.21862186218623,23.054889501523924
86.22862286228623,22.948577668025056
86.23862386238625,22.876664625232145
86.24862486248625,22.84035528281802
86.25862586258626,22.840764966425905
86.26862686268628,22.87889103298606
86.27862786278628,22.955626406764203
86.2886288628863,23.071876261590532
86.2986298629863,23.228694168150145
86.30863086308631,23.427157409450988
86.31863186318633,23.66794722535184
86.32863286328633,23.950973230101226
86.33863386338635,24.27533993019449
86.34863486348635,24.639551238031096
86.35863586358636,25.041612298050847
86.36863686368638,25.478905969359744
86.37863786378638,25.94796242950733
86.3886388638864,26.44427342112131
86.3986398639864,26.962204480142255
86.40864086408641,27.495008158641188
86.41864186418643,28.034961272146973
86.42864286428643,28.573590120101667
86.43864386438645,29.10188024613497
86.44864486448645,29.610424931871528
86.45864586458646,30.08962787967919
86.46864686468648,30.53007148268083
86.47864786478648,30.92298127901768
86.4886488648865,31.26062701415033
86.4986498649865,31.536605093069262
86.50865086508651,31.74603928670551
86.51865186518653,31.885711878713895
86.52865286528653,31.954148864270408
86.53865386538654,31.951676950633182
86.54865486548655,31.880379055984907
86.55865586558656,31.743883691502464
86.56865686568658,31.547041453528408
86.57865786578658,31.295599957045987
86.58865886588659,30.995866060930187
86.5986598659866,30.654320161417356
86.60866086608661,30.27731681424073
86.61866186618663,29.8709985551221
86.62866286628663,29.441341885047077
86.63866386638664,28.99409142466093
86.64866486648666,28.5345398136464
86.65866586658666,28.067307322973242
86.66866686668668,27.59627413550222
86.67866786678668,27.12465195839337
86.68866886688669,26.655140060556842
86.6986698669867,26.190133313886466
86.70867086708671,25.731915301957244
86.71867186718673,25.282713375478533
86.72867286728673,24.844551140596035
86.73867386738674,24.419067256696398
86.74867486748676,24.007499678843402
86.75867586758676,23.61087565607425
86.76867686768678,23.23030738172344
86.77867786778678,22.867233424508033
86.78867886788679,22.523389165499566
86.7986798679868,22.200471575833806
86.80868086808681,21.899836906035777
86.81868186818683,21.622614474592158
86.82868286828683,21.370125424067655
86.83868386838684,21.14416282781294
86.84868486848686,20.946916846430764
86.85868586858686,20.780726770115265
86.86868686868688,20.6479040488023
86.87868786878688,20.55071914393067
86.88868886888689,20.491533033203524
86.8986898689869,20.472960705917078
86.90869086908691,20.497916825682683
86.91869186918693,20.569492367803644
86.92869286928693,20.690792048723335
86.93869386938694,20.86486829583855
86.94869486948696,21.094697042956714
86.95869586958696,21.383045983153437
86.96869686968698,21.73226484019407
86.97869786978698,22.144160738071296
86.98869886988699,22.619945721782635
86.998699869987,23.160029411544016
87.00870087008701,23.763602687263926
87.01870187018702,24.428222851541904
87.02870287028703,25.149534529774098
87.03870387038704,25.92110269199556
87.04870487048706,26.734347668660963
87.05870587058706,27.57854983046299
87.06870687068707,28.440785334985105
87.07870787078708,29.305833772070308
87.08870887088709,30.15640968991228
87.09870987098711,30.973915251553137
87.10871087108711,31.739442450621166
87.11871187118712,32.434666576292685
87.12871287128714,33.04261274517168
87.13871387138714,33.54846033783397
87.14871487148716,33.940426078694074
87.15871587158716,34.210598330163634
87.16871687168717,34.355528315923706
87.17871787178719,34.37637210773353
87.18871887188719,34.278468774294865
87.19871987198721,34.07048454874209
87.20872087208721,33.763474769299265
87.21872187218722,33.37010053734377
87.22872287228724,32.903899803062785
87.23872387238724,32.37850663004523
87.24872487248726,31.806973691819817
87.25872587258726,31.20132157364749
87.26872687268727,30.572187279006073
87.27872787278729,29.92854394389324
87.28872887288729,29.277693554208728
87.29872987298731,28.625518216577298
87.30873087308731,27.976691357993595
87.31873187318732,27.33477753460237
87.32873287328734,26.702419437987388
87.33873387338734,26.081602519324786
87.34873487348736,25.47380652600457
87.35873587358736,24.88007180962321
87.36873687368737,24.301144489848475
87.37873787378739,23.73765048772966
87.38873887388739,23.19012515211763
87.39873987398741,22.658938017134485
87.40874087408741,22.144298552197416
87.41874187418742,21.646395083639703
87.42874287428744,21.165531162008534
87.43874387438744,20.70218268568092
87.44874487448746,20.256999030732217
87.45874587458746,19.830732245843144
87.46874687468747,19.42409153418574
87.47874787478749,19.037716453539083
87.48874887488749,18.67237488938765
87.49874987498751,18.32915173177487
87.50875087508751,18.00943118894563
87.51875187518752,17.714833620984738
87.52875287528754,17.447207679213612
87.53875387538754,17.208577881037414
87.54875487548755,17.001144196032826
87.55875587558756,16.82751696164472
87.56875687568757,16.690924340840766
87.57875787578759,16.5950543866307
87.58875887588759,16.54382435498644
87.5987598759876,16.541527593341147
87.60876087608762,16.593121086530402
87.61876187618762,16.704185547822973
87.62876287628764,16.880712302601317
87.63876387638764,17.12914541232054
87.64876487648765,17.45650714771105
87.65876587658767,17.87013342428819
87.66876687668767,18.377160804761527
87.67876787678769,18.98428648028518
87.68876887688769,19.697688983893208
87.6987698769877,20.522539337788615
87.70877087708772,21.462137740581916
87.71877187718772,22.517115296547573
87.72877287728774,23.684602486473757
87.73877387738774,24.95713280553824
87.74877487748775,26.321684185478848
87.75877587758777,27.75919229720921
87.76877687768777,29.244223586263864
87.77877787778779,30.744748422796526
87.7887788778878,32.2226473348756
87.7987798779878,33.63527143146858
87.80878087808782,34.937815001383456
87.81878187818782,36.08640713554294
87.82878287828784,37.04178510848385
87.83878387838784,37.772828799081665
87.84878487848785,38.259282206310516
87.85878587858787,38.493579531161494
87.86878687868787,38.481510859368164
87.87878787878789,38.2410013664537
87.8887888788879,37.799147522552055
87.8987898789879,37.18895859638627
87.90879087908792,36.446622916978846
87.91879187918792,35.60848971147503
87.92879287928794,34.707561167342796
87.93879387938794,33.77126354580673
87.94879487948795,32.82157172654488
87.95879587958797,31.87586062233818
87.96879687968797,30.946846451078518
87.97879787978799,30.042457803975232
87.988798879888,29.16689619494946
87.998799879988,28.322220212721653
88.00880088008802,27.509183060079128
88.01880188018802,26.727327556986218
88.02880288028803,25.975157207523576
88.03880388038804,25.250756878049284
88.04880488048805,24.552469456988366
88.05880588058807,23.8789792059409
88.06880688068807,23.228820952074816
88.07880788078808,22.60016860042047
88.0888088808881,21.991370624421215
88.0988098809881,21.40147796063527
88.10881088108812,20.82990526259818
88.11881188118812,20.27575144339685
88.12881288128813,19.73793544820156
88.13881388138815,19.215897732941
88.14881488148815,18.70957059499939
88.15881588158817,18.21861321308464
88.16881688168817,17.74221895430753
88.17881788178818,17.27974541757302
88.1888188818882,16.83105916839381
88.1988198819882,16.39617317415513
88.20882088208822,15.974927560327972
88.21882188218822,15.567149723650177
88.22882288228823,15.172875077855055
88.23882388238825,14.792248274078316
88.24882488248825,14.425302322752108
88.25882588258827,14.071962240507338
88.26882688268827,13.73228207644977
88.27882788278828,13.406648993260442
88.2888288828883,13.09577255022507
88.2988298829883,12.80050690928887
88.30883088308832,12.521692601260689
88.31883188318832,12.260157802974595
88.32883288328833,12.016896524638128
88.33883388338835,11.793305201687026
88.34883488348835,11.591315849602115
88.35883588358837,11.413344423698106
88.36883688368837,11.26215176885421
88.37883788378838,11.140811304529102
88.3888388838884,11.052881471407643
88.3988398839884,11.002685038251402
88.40884088408842,10.995508003502833
88.41884188418842,11.0376524865555
88.42884288428843,11.136442955082144
88.43884388438845,11.30030785710194
88.44884488448845,11.538928722604856
88.45884588458847,11.863356883070074
88.46884688468847,12.286041902761088
88.47884788478848,12.820805239365365
88.4888488848885,13.48276752222672
88.4988498849885,14.28812853935321
88.5088508850885,15.25365628328495
88.51885188518852,16.395819469378928
88.52885288528853,17.729561745942462
88.53885388538855,19.26666386034041
88.54885488548855,21.013580510826287
88.55885588558856,22.968733261776002
88.56885688568858,25.11945228236611
88.57885788578858,27.4389084440803
88.5888588858886,29.883463167518777
88.5988598859886,32.3910241355766
88.6088608860886,34.88125383435509
88.61886188618863,37.25858121579789
88.62886288628863,39.41866512539056
88.63886388638865,41.258235469891986
88.64886488648865,42.68722869866252
88.65886588658866,43.64107850021209
88.66886688668868,44.09034477279539
88.67886788678868,44.045089858700386
88.6888688868887,43.552668513994256
88.6988698869887,42.68941475183901
88.70887088708871,41.548326115440716
88.71887188718873,40.225725761199485
88.72887288728873,38.809838755385584
88.73887388738875,37.37328868451755
88.74887488748875,35.970060594922764
88.75887588758876,34.63609745703351
88.76887688768878,33.39202720743445
88.77887788778878,32.24664973002573
88.7888788878888,31.200373565495443
88.7988798879888,30.248269677405514
88.80888088808881,29.382584387886453
88.81888188818883,28.594584924617067
88.82888288828883,27.875690777176295
88.83888388838885,27.21800622868068
88.84888488848885,26.614487110205765
88.85888588858886,26.058990211091814
88.86888688868888,25.546359046404366
88.87888788878888,25.072552609738675
88.8888888888889,24.634677013266813
88.8988898889889,24.230800539823075
88.90889088908891,23.859620498564965
88.91889188918893,23.52020263926073
88.92889288928893,23.211929852343843
88.93889388938895,22.934583711019606
88.94889488948895,22.688403201121563
88.95889588958896,22.474055103081547
88.96889688968898,22.292539967199925
88.97889788978898,22.145074501512397
88.98889888988899,22.033009259191367
88.998899889989,21.957837012810632
89.00890089008901,21.92125030445871
89.01890189018903,21.925112066361002
89.02890289028903,21.971285911274272
89.03890389038904,22.061475250211863
89.04890489048906,22.19723743258027
89.05890589058906,22.380110360437058
89.06890689068908,22.61161754306765
89.07890789078908,22.8930509795143
89.08890889088909,23.225170883901807
89.0989098909891,23.607995781598934
89.10891089108911,24.040699790933537
89.11891189118913,24.52152979040698
89.12891289128913,25.04769158910339
89.13891389138914,25.615211515933318
89.14891489148916,26.2187899618271
89.15891589158916,26.851683194743433
89.16891689168918,27.50567047975008
89.17891789178918,28.171128100326726
89.18891889188919,28.837179071535314
89.1989198919892,29.491895356650954
89.20892089208921,30.12259505613925
89.21892189218923,30.716285823246015
89.22892289228923,31.260241508982666
89.23892389238924,31.742623951511156
89.24892489248926,32.15304880534191
89.25892589258926,32.483042608569086
89.26892689268928,32.72639411977053
89.27892789278928,32.87941579120774
89.28892889288929,32.94108820181863
89.2989298929893,32.9130314003216
89.30893089308931,32.79926162923777
89.31893189318933,32.60577006292754
89.32893289328933,32.34001359114405
89.33893389338934,32.010413317761184
89.34893489348936,31.625893522218355
89.35893589358936,31.195463805807332
89.36893689368938,30.727840209100194
89.37893789378938,30.231156648007808
89.38893889388939,29.71280656811582
89.39893989398941,29.179394017276522
89.40894089408941,28.636715142613742
89.41894189418943,28.089720218737398
89.42894289428943,27.542481728026004
89.43894389438944,26.998244127046025
89.44894489448946,26.45959306580194
89.45894589458946,25.9286955388632
89.46894689468947,25.40748545228268
89.47894789478948,24.897717711856316
89.48894889488949,24.400915335581818
89.49894989498951,23.918312908028263
89.50895089508951,23.450884383304988
89.51895189518952,22.999449523895297
89.52895289528954,22.56481761396401
89.53895389538954,22.14791454159726
89.54895489548956,21.749851366532102
89.55895589558956,21.371904676106066
89.56895689568957,21.01541214513475
89.57895789578959,20.681666499803505
89.58895889588959,20.371917113653332
89.59895989598961,20.087524467690503
89.60896089608961,19.830154965073657
89.61896189618962,19.60186186400499
89.62896289628964,19.404999392808133
89.63896389638964,19.242088649825202
89.64896489648966,19.115771081174348
89.65896589658966,19.02888679592581
89.66896689668967,18.984591945642517
89.67896789678969,18.986405589684967
89.68896889688969,19.038150658649577
89.69896989698971,19.143864705943614
89.70897089708971,19.30774948507254
89.71897189718972,19.534152006630112
89.72897289728974,19.82750410711357
89.73897389738974,20.192139320731258
89.74897489748976,20.63200458021581
89.75897589758976,21.15035844870978
89.76897689768977,21.749530110982736
89.77897789778979,22.430688626688323
89.78897889788979,23.193475331561523
89.79897989798981,24.03546225378182
89.80898089808981,24.951559302172956
89.81898189818982,25.933562132353895
89.82898289828984,26.96987226003831
89.83898389838984,28.04533272669456
89.84898489848986,29.141172389197614
89.85898589858986,30.23517970330039
89.86898689868987,31.302297332782597
89.87898789878989,32.31567655914709
89.88898889888989,33.248102683453475
89.89898989898991,34.073601408475184
89.90899089908991,34.76907483608988
89.91899189918992,35.31585063259712
89.92899289928994,35.70100968014603
89.93899389938994,35.91832469541906
89.94899489948995,35.96860439578229
89.95899589958997,35.859305003508794
89.96899689968997,35.603475358778006
89.97899789978999,35.21827609835134
89.98899889988999,34.72337983634765
89.99899989999,34.13946104837429
90.00900090009002,33.48685319111278
90.01900190019002,32.78441547776852
90.02900290029004,32.04871953682042
90.03900390039004,31.293599463330082
90.04900490049005,30.530127327270712
90.05900590059007,29.766888936021168
90.06900690069007,29.010390989753237
90.07900790079009,28.265418492773147
90.0890089008901,27.535282056753474
90.0990099009901,26.82201077637195
90.10901090109012,26.126607572135768
90.11901190119012,25.44939438571906
90.12901290129014,24.790380673711027
90.13901390139014,24.14947670292452
90.14901490149015,23.526518131561645
90.15901590159017,22.92119966393179
90.16901690169017,22.33306633965021
90.17901790179019,21.761638915481633
90.1890189018902,21.206557921710225
90.1990199019902,20.66762224919994
90.20902090209022,20.144694762491557
90.21902190219022,19.6375772311899
90.22902290229024,19.145996890867863
90.23902390239024,18.669712643247976
90.24902490249025,18.208639035965014
90.25902590259027,17.762887698535714
90.26902690269027,17.33270662031673
90.27902790279029,16.918369684416874
90.2890289028903,16.520139676622605
90.2990299029903,16.138324622207847
90.30903090309032,15.773365460746861
90.31903190319032,15.425886356958694
90.32903290329034,15.096688615078786
90.33903390339034,14.786748859136777
90.34903490349035,14.49725462194993
90.35903590359037,14.229677104180153
90.36903690369037,13.985791385183159
90.37903790379039,13.767664714140132
90.3890389038904,13.577687430419592
90.3990399039904,13.418683698148776
90.40904090409042,13.294052139417614
90.41904190419042,13.20783834722577
90.42904290429043,13.164741560283371
90.43904390439045,13.170118876712042
90.44904490449045,13.230070206732309
90.45904590459047,13.351595253535985
90.46904690469047,13.542759421238413
90.47904790479048,13.812754574209904
90.4890489048905,14.171817231612803
90.4990499049905,14.631040300731238
90.50905090509052,15.202159878614951
90.51905190519052,15.897355619603102
90.52905290529053,16.728962107990792
90.53905390539055,17.70889649573008
90.54905490549055,18.84766632872488
90.55905590559057,20.153005747068992
90.56905690569057,21.62828902288094
90.57905790579058,23.270785774848346
90.5890589058906,25.069721733521305
90.5990599059906,27.00422547565229
90.60906090609062,29.04148424014361
90.61906190619062,31.135650916374928
90.62906290629063,33.22806401431259
90.63906390639065,35.24921876672859
90.64906490649065,37.122725345702555
90.65906590659067,38.77122938850458
90.66906690669067,40.12387404447093
90.67906790679068,41.12431598559394
90.6890689068907,41.73782632803294
90.6990699069907,41.95582787825806
90.70907090709072,41.79662764581977
90.71907190719072,41.30203007182684
90.72907290729073,40.53066126241117
90.73907390739075,39.54967048490893
90.74907490749075,38.42666113921661
90.75907590759077,37.223243433514284
90.76907690769077,35.990869051306994
90.77907790779078,34.76895399982285
90.7890789078908,33.58495178298225
90.7990799079908,32.45584645737107
90.80908090809082,31.390380587504197
90.81908190819082,30.391369522297172
90.82908290829083,29.457673362399014
90.83908390839085,28.58572488547361
90.84908490849085,27.770687116992427
90.85908590859087,27.007319383766088
90.86908690869087,26.290576824783447
90.87908790879088,25.615929664829935
90.8890889088909,24.97944559234258
90.8990899089909,24.377764907896328
90.9090909090909,23.808097060019733
90.91909190919093,23.268267394902725
90.92909290929093,22.75672782861989
90.93909390939095,22.272452522605196
90.94909490949095,21.814761750949074
90.95909590959096,21.38323047240853
90.96909690969098,20.977750976581678
90.97909790979098,20.598636686381592
90.989098909891,20.246622708054815
90.999099909991,19.92274894758962
91.00910091009101,19.628238077459574
91.01910191019103,19.364465878507506
91.02910291029103,19.13303936867463
91.03910391039105,18.935901377364765
91.04910491049105,18.775397500407827
91.05910591059106,18.65429679567109
91.06910691069108,18.575775480138045
91.07910791079108,18.54335320607047
91.0891089108911,18.560803033235132
91.0991099109911,18.632108523732068
91.10911091109111,18.761490284582138
91.11911191119113,18.953452374372375
91.12911291129113,19.212755197598682
91.13911391139115,19.544287191876194
91.14911491149115,19.952832268932028
91.15911591159116,20.44275264224408
91.16911691169118,21.017614691408255
91.17911791179118,21.679844721409356
91.1891189118912,22.430439649162835
91.1991199119912,23.268601481731054
91.20912091209121,24.191161351869216
91.21912191219123,25.191897968664676
91.22912291229123,26.26096806312897
91.23912391239125,27.384526245244384
91.24912491249125,28.54452819429453
91.25912591259126,29.71881395590285
91.26912691269128,30.881579581961343
91.27912791279128,32.00426375298945
91.2891289128913,33.056813510530255
91.2991299129913,34.00930583100494
91.30913091309131,34.83385208433466
91.31913191319133,35.50660296509388
91.32913291329133,36.009564411205524
91.33913391339135,36.3319693724455
91.34913491349135,36.47100169071853
91.35913591359136,36.431727114687334
91.36913691369138,36.226221723682485
91.37913791379138,35.87209649842373
91.38913891389139,35.39068633198204
91.3991399139914,34.80513085303569
91.40914091409141,34.13858369242873
91.41914191419143,33.41279938310707
91.42914291429143,32.64718446074998
91.43914391439144,31.858231202015283
91.44914491449146,31.05925601336862
91.45914591459146,30.260451923357245
91.46914691469148,29.469247161109422
91.47914791479148,28.690866633860608
91.48914891489149,27.92888724427246
91.4991499149915,27.185612771853396
91.50915091509151,26.46227531769914
91.51915191519153,25.759215516654844
91.52915291529153,25.07617469968266
91.53915391539154,24.412651339408093
91.54915491549156,23.76815376404232
91.55915591559156,23.142231957773657
91.56915691569158,22.53436813505374
91.57915791579158,21.943925739899353
91.58915891589159,21.370239294676708
91.5991599159916,20.812739450069486
91.60916091609161,20.270987306233042
91.61916191619163,19.744618888893275
91.62916291629163,19.23329692670798
91.63916391639164,18.73672560667832
91.64916491649166,18.254679383931244
91.65916591659166,17.786990534521227
91.66916691669168,17.33349512683366
91.67916791679168,16.894013899585886
91.68916891689169,16.46841065328234
91.6991699169917,16.05668582420889
91.70917091709171,15.659009548934566
91.71917191719173,15.275653264384216
91.72917291729173,14.906883671730206
91.73917391739174,14.552926878915374
91.74917491749176,14.214049736269645
91.75917591759176,13.890710256314309
91.76917691769178,13.583664184973056
91.77917791779178,13.293943433389025
91.78917891789179,13.022739393831307
91.79917991799181,12.771332240876717
91.80918091809181,12.541185267972095
91.81918191819183,12.334159346171827
91.82918291829183,12.152667757141392
91.83918391839184,11.99965423716475
91.84918491849186,11.878473692115922
91.85918591859186,11.792875965387697
91.86918691869187,11.747208861837828
91.87918791879189,11.746736845286271
91.88918891889189,11.797877251882605
91.89918991899191,11.908228872423171
91.90919091909191,12.086457641727225
91.91919191919192,12.342207144101868
91.92919291929194,12.686157892284713
91.93919391939194,13.130210571233368
91.94919491949196,13.687616640483599
91.95919591959196,14.372860309502283
91.96919691969197,15.201199035455
91.97919791979199,16.187905280757704
91.98919891989199,17.347276800471352
91.99919991999201,18.691407535544137
92.00920092009201,20.228624702624792
92.01920192019202,21.96147542059151
92.02920292029204,23.884241458500053
92.03920392039204,25.98015385242171
92.04920492049206,28.218688153128397
92.05920592059206,30.55347593687516
92.06920692069207,32.92148512868246
92.07920792079209,35.2441888643561
92.08920892089209,37.431363638555226
92.09920992099211,39.38781342075033
92.10921092109211,41.02266472543711
92.11921192119212,42.26006431901168
92.12921292129214,43.049343531758836
92.13921392139214,43.372323827262164
92.14921492149216,43.24575872791415
92.15921592159216,42.71804656504616
92.16921692169217,41.86098407211598
92.17921792179219,40.75870767925181
92.18921892189219,39.49648548989348
92.19921992199221,38.15158097761266
92.20922092209221,36.78742338294868
92.21922192219222,35.45126561905228
92.22922292229224,34.174710059536984
92.23922392239224,32.97606016400334
92.24922492249226,31.863423190177592
92.25922592259226,30.837749935458127
92.26922692269227,29.895380453712633
92.27922792279229,29.030017007050827
92.28922892289229,28.234224083726644
92.29922992299231,27.500526593035897
92.30923092309231,26.822087353862454
92.31923192319232,26.192973669066674
92.32923292329234,25.60814508710774
92.33923392339234,25.063378077476656
92.34923492349236,24.555236586994198
92.35923592359237,24.081069474300914
92.36923692369237,23.638967738927253
92.37923792379239,23.227680224899387
92.38923892389239,22.846529137898145
92.3992399239924,22.495333967446296
92.40924092409242,22.17431413177019
92.41924192419242,21.883974439710595
92.42924292429244,21.625033502552572
92.43924392439244,21.398437739920166
92.44924492449245,21.20543695791129
92.45924592459247,21.047634242301022
92.46924692469247,20.926948952551356
92.47924792479249,20.845532746105796
92.4892489248925,20.805707155951154
92.4992499249925,20.809941530214655
92.50925092509252,20.860807986581282
92.51925192519252,20.960914858191213
92.52925292529254,21.112858933389607
92.53925392539254,21.319207944629227
92.54925492549255,21.582440801036796
92.55925592559257,21.90479019735732
92.56925692569257,22.288017565029907
92.57925792579259,22.73316105557706
92.5892589258926,23.240319560460016
92.5992599259926,23.80847149956103
92.60926092609262,24.4353060792375
92.61926192619262,25.117005850433273
92.62926292629264,25.847921724190325
92.63926392639264,26.62025068691224
92.64926492649265,27.423891535173684
92.65926592659267,28.24657268883224
92.66926692669267,29.074138692866647
92.67926792679269,29.890856184276434
92.6892689268927,30.67976872299768
92.6992699269927,31.42323187972817
92.70927092709272,32.10368949660877
92.71927192719272,32.70461795897865
92.72927292729274,33.21150404249688
92.73927392739274,33.612716038030975
92.74927492749275,33.90017528881653
92.75927592759277,34.069753232962
92.76927692769277,34.121343461465194
92.77927792779279,34.05861092469452
92.7892789278928,33.888479233113344
92.7992799279928,33.62046386333077
92.80928092809282,33.265938511734674
92.81928192819282,32.83739749544951
92.82928292829284,32.34773323312318
92.83928392839285,31.809540574074504
92.84928492849285,31.234496317765878
92.85928592859287,30.632928133543608
92.86928692869287,30.013663180631866
92.87928792879288,29.384127342656313
92.8892889288929,28.750508689412392
92.8992899289929,28.11785893383658
92.90929092909292,27.490121950931556
92.91929192919292,26.87029234716659
92.92929292929293,26.26063728759844
92.93929392939295,25.66288356928115
92.94929492949295,25.078295481511567
92.95929592959297,24.50778384000454
92.96929692969297,23.95206740520267
92.97929792979298,23.41178352735317
92.989298929893,22.88749927366171
92.999299929993,22.37966966417607
93.00930093009302,21.888680330847833
93.01930193019302,21.414974241794052
93.02930293029303,20.959132395536358
93.03930393039305,20.52186036698919
93.04930493049305,20.103866296576996
93.05930593059307,19.70580802879551
93.06930693069307,19.328413512192938
93.07930793079308,18.97270337227866
93.0893089308931,18.640069368398947
93.0993099309931,18.332117629143077
93.10931093109312,18.05050255048623
93.11931193119312,17.79697386991494
93.12931293129313,17.573590826849504
93.13931393139315,17.38285103477447
93.14931493149315,17.227661604335317
93.15931593159317,17.11126190955472
93.16931693169317,17.037261205368754
93.17931793179318,17.009711148031833
93.1893189318932,17.033175600854044
93.1993199319932,17.112706351350642
93.20932093209322,17.253737418196142
93.21932193219322,17.462050685322843
93.22932293229323,17.743828644033506
93.23932393239325,18.10566674324718
93.24932493249325,18.554333752965825
93.25932593259327,19.096340490109828
93.26932693269328,19.73751185565135
93.27932793279328,20.482603663762433
93.2893289328933,21.334915727108427
93.2993299329933,22.29572659444875
93.30933093309332,23.363488562209785
93.31933193319333,24.532818041887516
93.32933293329333,25.79354207035525
93.33933393339335,27.130087643903593
93.34933493349335,28.52114330957187
93.35933593359336,29.939506353229483
93.36933693369338,31.352267680369636
93.37933793379338,32.72181672041201
93.3893389338934,34.007754596126105
93.3993399339934,35.1693649782498
93.40934093409341,36.16843617632651
93.41934193419343,36.9723673448597
93.42934293429343,37.557197947903546
93.43934393439345,37.909813038648714
93.44934493449345,38.028796843382
93.45934593459346,37.92399883231736
93.46934693469348,37.615095930227085
93.47934793479348,37.12932760366415
93.4893489348935,36.49850838422428
93.4993499349935,35.75577353402013
93.50935093509351,34.9327255571781
93.51935193519353,34.05749127348209
93.52935293529353,33.15379575875617
93.53935393539355,32.24070352666918
93.54935493549355,31.33273776528695
93.55935593559356,30.440211541430827
93.56935693569358,29.569815600783944
93.57935793579358,28.72539834259583
93.5893589358936,27.908754997408348
93.5993599359936,27.120303594194773
93.60936093609361,26.35958530938959
93.61936193619363,25.62560818556616
93.62936293629363,24.917097984618497
93.63936393639365,24.232676982926566
93.64936493649365,23.570958656574387
93.65936593659366,22.930547905086367
93.66936693669368,22.310062545031478
93.67936793679368,21.70827089295516
93.6893689368937,21.12423984900332
93.6993699369937,20.55730725802679
93.70937093709371,20.006870150595574
93.71937193719373,19.472230036779262
93.72937293729373,18.952642172888567
93.73937393739375,18.44748503429323
93.74937493749376,17.956326078989537
93.75937593759376,17.478814205000678
93.76937693769378,17.014553935976203
93.77937793779378,16.563110611875068
93.7893789378938,16.124134801285123
93.7993799379938,15.697411762069477
93.80938093809381,15.282738878600748
93.81938193819383,14.87979942971935
93.82938293829383,14.48821546508795
93.83938393839384,14.107737757342157
93.84938493849386,13.738314966450353
93.85938593859386,13.379926478837964
93.86938693869388,13.032408594084602
93.87938793879388,12.695516559552624
93.88938893889389,12.369144160144668
93.8993899389939,12.05339282300047
93.90939093909391,11.748426546855535
93.91939193919393,11.45435505200985
93.92939293929393,11.171306912278789
93.93939393939394,10.899551133318997
93.94939493949396,10.639484250499585
93.95939593959396,10.391549619747256
93.96939693969398,10.156302062432134
93.97939793979398,9.93458510929446
93.98939893989399,9.727583817136031
93.999399939994,9.536705815667345
94.00940094009401,9.36345959493992
94.01940194019403,9.209560988927256
94.02940294029403,9.07719503653444
94.03940394039404,8.969216180873065
94.04940494049406,8.889151312075452
94.05940594059406,8.841131900605529
94.06940694069408,8.829954734216642
94.07940794079408,8.86133517257003
94.08940894089409,8.942207028506068
94.09940994099411,9.080858271590918
94.10941094109411,9.286933041743593
94.11941194119413,9.57155437607502
94.12941294129413,9.947645210869569
94.13941394139414,10.4302228186054
94.14941494149416,11.036365113262022
94.15941594159416,11.78490198366886
94.16941694169418,12.696091994497326
94.17941794179418,13.791245166795541
94.18941894189419,15.09190836889867
94.19941994199421,16.61830836508667
94.20942094209421,18.387098089623542
94.21942194219423,20.408512957905707
94.22942294229424,22.682816963895842
94.23942394239424,25.195967221782045
94.24942494249426,27.914895814089277
94.25942594259426,30.78336118301199
94.26942694269428,33.71955209322685
94.27942794279429,36.61669799207978
94.28942894289429,39.34790282570313
94.29942994299431,41.77610557940561
94.30943094309431,43.76910388934661
94.31943194319432,45.21780153076299
94.32943294329434,46.05388287268777
94.33943394339434,46.261978004343135
94.34943494349436,45.88232670404987
94.35943594359436,45.00281438767301
94.36943694369437,43.742736852810815
94.37943794379439,42.23290475616275
94.38943894389439,40.597094618214115
94.39943994399441,38.93871596469167
94.40944094409441,37.33446827833604
94.41944194419442,35.834345358031406
94.42944294429444,34.46563011619858
94.43944394439444,33.23831386816066
94.44944494449446,32.15038878164986
94.45944594459446,31.192516297701612
94.46944694469447,30.351805461276555
94.47944794479449,29.61442561725928
94.48944894489449,28.967033369123925
94.49944994499451,28.39741118024044
94.50945094509451,27.894813473479747
94.51945194519452,27.45015005212784
94.52945294529454,27.055964522380478
94.53945394539454,26.70620689145854
94.54945494549456,26.395985212815322
94.55945594559456,26.121428732212234
94.56945694569457,25.87960705364445
94.57945794579459,25.668383897812735
94.58945894589459,25.48614902124368
94.59945994599461,25.331576031026515
94.60946094609461,25.203607832628833
94.61946194619462,25.101608912305856
94.62946294629464,25.02534958979123
94.63946394639464,24.97470755215809
94.64946494649466,24.949394910402898
94.65946594659466,24.949040870022188
94.66946694669467,24.973462090274065
94.67946794679469,25.02263767045566
94.68946894689469,25.096374671536182
94.69946994699471,25.19412735211188
94.70947094709472,25.315192218016264
94.71947194719472,25.458881992238364
94.72947294729474,25.62435136160512
94.73947394739474,25.81030459067744
94.74947494749476,26.015011175835944
94.75947594759477,26.236536633042217
94.76947694769477,26.47280533046029
94.77947794779479,26.721405755806224
94.78947894789479,26.979455595878623
94.7994799479948,27.243743518275807
94.80948094809482,27.510945315613757
94.81948194819482,27.777668309731236
94.82948294829484,28.04028866554083
94.83948394839484,28.29487086832101
94.84948494849485,28.537364343209656
94.85948594859487,28.76395319984711
94.86948694869487,28.971221677939972
94.87948794879489,29.1560328150452
94.8894889488949,29.315446506865385
94.8994899489949,29.44691745424455
94.90949094909492,29.548525074628714
94.91949194919492,29.618899624327227
94.92949294929494,29.657004816287078
94.93949394939494,29.662231744607453
94.94949494949495,29.634766408763724
94.95949594959497,29.575672779451747
94.96949694969497,29.486488641267517
94.97949794979499,29.368829519726482
94.989498949895,29.22443694864947
94.999499949995,29.055433082114916
95.00950095009502,28.864329614080898
95.01950195019502,28.653772226740212
95.02950295029504,28.426389583408262
95.03950395039504,28.184844221081953
95.04950495049505,27.93187850588348
95.05950595059507,27.67018503005778
95.06950695069507,27.40222276036601
95.07950795079509,27.130190025651707
95.0895089508951,26.856202581134063
95.0995099509951,26.582471120818216
95.10951095109512,26.31122945813085
95.11951195119512,26.044483866643265
95.12951295129514,25.783930506447007
95.13951395139514,25.531193032144454
95.14951495149515,25.28801181412748
95.15951595159517,25.05608800926583
95.16951695169517,24.83683264806234
95.17951795179519,24.631520669663523
95.1895189518952,24.441663651682354
95.1995199519952,24.269007170109482
95.20952095209522,24.115135546699143
95.21952195219522,23.981265951875457
95.22952295229524,23.868530372180935
95.23952395239525,23.77826088902272
95.24952495249525,23.711886879283345
95.25952595259527,23.670719691469323
95.26952695269527,23.655963638623252
95.27952795279528,23.66885839904483
95.2895289528953,23.710621292315743
95.2995299529953,23.782251853066604
95.30953095309532,23.884456491494177
95.31953195319532,24.017730470355502
95.32953295329533,24.182430902676998
95.33953395339535,24.378716044628163
95.34953495349535,24.606365739652745
95.35953595359537,24.864630590345634
95.36953695369537,25.152221606918314
95.37953795379538,25.46740751758998
95.3895389538954,25.80800253766776
95.3995399539954,26.171156564525006
95.40954095409542,26.553241847688387
95.41954195419542,26.94998251726165
95.42954295429543,27.356629456247116
95.43954395439545,27.767888406602538
95.44954495449545,28.177808160735275
95.45954595459547,28.58000376087274
95.46954695469547,28.968045084333653
95.47954795479548,29.33556859237083
95.4895489548955,29.676189088559596
95.4995499549955,29.983687895973507
95.50955095509552,30.252488252154635
95.51955195519552,30.47799312115189
95.52955295529553,30.656569502145885
95.53955395539555,30.785472060779018
95.54955495549555,30.86296156025687
95.55955595559557,30.888491964589505
95.56955695569557,30.862694926205403
95.57955795579558,30.78718343494152
95.5895589558956,30.664326530467033
95.5995599559956,30.497147278513353
95.60956095609562,30.289357077112584
95.61956195619562,30.045269682180827
95.62956295629563,29.769432132055577
95.63956395639565,29.466236042898437
95.64956495649565,29.139889507411112
95.65956595659567,28.794631046437228
95.66956695669568,28.434664039299637
95.67956795679568,28.06382207390231
95.6895689568957,27.685498842677873
95.6995699569957,27.302886496365993
95.70957095709572,26.919081247564744
95.71957195719573,26.53675116701645
95.72957295729573,26.158039947151007
95.73957395739575,25.784943435426364
95.74957495749575,25.419620478680347
95.75957595759576,25.064184818505105
95.76957695769578,24.72039359060207
95.77957795779578,24.389691057778098
95.7895789578958,24.07352625588191
95.7995799579958,23.77349523045182
95.80958095809581,23.491216698975038
95.81958195819583,23.228290883401513
95.82958295829583,22.9862743323481
95.83958395839585,22.766739047154687
95.84958495849585,22.571271825590976
95.85958595859586,22.401539413877988
95.86958695869588,22.259266133054297
95.87958795879588,22.14629049918522
95.8895889588959,22.06465060114927
95.8995899589959,22.016431184309237
95.90959095909591,22.00361353834537
95.91959195919593,22.02805306395861
95.92959295929593,22.09169596897146
95.93959395939595,22.196606116688532
95.94959495949595,22.344708832874158
95.95959595959596,22.537594733731524
95.96959695969598,22.776615306066137
95.97959795979598,23.062850331275047
95.989598959896,23.396821025530464
95.999599959996,23.778279667959332
96.00960096009601,24.206288594486278
96.01960196019603,24.67926029138533
96.02960296029603,25.194552164025133
96.03960396039605,25.74812049133339
96.04960496049605,26.334515414102878
96.05960596059606,26.94709476726725
96.06960696069608,27.57791740241521
96.07960796079608,28.217658466297348
96.0896089608961,28.855770968293427
96.0996099609961,29.480899841794614
96.10961096109611,30.081146848027252
96.11961196119613,30.644422110586618
96.12961296129613,31.158876791682417
96.13961396139615,31.61346225399387
96.14961496149616,31.998515951559256
96.15961596159616,32.30630412463654
96.16961696169618,32.53133896833564
96.17961796179618,32.670446648465074
96.1896189618962,32.72280262204178
96.1996199619962,32.690013972263415
96.20962096209621,32.57590366701578
96.21962196219623,32.38606451811011
96.22962296229623,32.127368035274614
96.23962396239624,31.807645586957563
96.24962496249626,31.435354764700584
96.25962596259626,31.019025948933823
96.26962696269628,30.566845622420686
96.27962796279628,30.086479409730515
96.28962896289629,29.584985088550496
96.2996299629963,29.06858622817498
96.30963096309631,28.542639852146817
96.31963196319633,28.01178141940414
96.32963296329633,27.479989737649824
96.33963396339634,26.950638989507848
96.34963496349636,26.426526058188013
96.35963596359636,25.91005047116444
96.36963696369638,25.403178483035486
96.37963796379638,24.907398447582285
96.38963896389639,24.423997176893
96.3996399639964,23.95431971416661
96.40964096409641,23.499687595370876
96.41964196419643,23.061194443724283
96.42964296429643,22.639808232118067
96.43964396439644,22.236657784954502
96.44964496449646,21.85296225645324
96.45964596459646,21.489858346535627
96.46964696469648,21.14850089268213
96.47964796479648,20.83018100271859
96.48964896489649,20.536387865708463
96.49964996499651,20.26876579457598
96.50965096509651,20.02915097852855
96.51965196519653,19.81971061722726
96.52965296529653,19.64280378661638
96.53965396539654,19.500815337066285
96.54965496549656,19.39628357224346
96.55965596559656,19.33204009923731
96.56965696569658,19.311378197612118
96.57965796579659,19.338037545673068
96.58965896589659,19.41586533449346
96.59965996599661,19.54863089490109
96.60966096609661,19.74007241362556
96.61966196619663,19.994203004608174
96.62966296629664,20.315168114376092
96.63966396639664,20.706736298137805
96.64966496649666,21.17207828760759
96.65966596659666,21.7137491517615
96.66966696669668,22.3334149805273
96.67966796679669,23.031036336646544
96.68966896689669,23.80467196432765
96.69966996699671,24.650427061404667
96.70967096709671,25.561996678219362
96.71967196719672,26.529717075549545
96.72967296729674,27.540453080820946
96.73967396739674,28.57805582282255
96.74967496749676,29.623464158846332
96.75967596759676,30.654561960735343
96.76967696769677,31.646845147485056
96.77967796779679,32.57494524020828
96.78967896789679,33.41424026376628
96.79967996799681,34.14192653332075
96.80968096809681,34.73832813837079
96.81968196819682,35.18843243032255
96.82968296829684,35.48312313785633
96.83968396839684,35.619636192425205
96.84968496849686,35.60142321925749
96.85968596859686,35.43753032595738
96.86968696869687,35.14149266600787
96.87968796879689,34.73001087426014
96.88968896889689,34.221640389636086
96.89968996899691,33.63546180498936
96.90969096909691,32.98980395907906
96.91969196919692,32.301369157321055
96.92969296929694,31.58468015522424
96.93969396939694,30.851895829479894
96.94969496949696,30.112700771536865
96.95969596959696,29.374595607873346
96.96969696969697,28.64328612223533
96.97969796979699,27.922883037270367
96.98969896989699,27.216168797736596
96.99969996999701,26.52490942912594
97.00970097009701,25.850215618281556
97.01970197019702,25.192670869572055
97.02970297029704,24.55255392864265
97.03970397039704,23.929790336040167
97.04970497049706,23.324203011911226
97.05970597059707,22.735502232614316
97.06970697069707,22.163554830281267
97.07970797079709,21.608234796606705
97.08970897089709,21.06930013836782
97.09970997099711,20.546442994363993
97.10971097109712,20.03962327104352
97.11971197119712,19.548948839152658
97.12971297129714,19.074208730240755
97.13971397139714,18.61524257010098
97.14971497149716,18.172305239169184
97.15971597159717,17.745958047169292
97.16971697169717,17.33660002040164
97.17971797179719,16.94437554338279
97.1897189718972,16.569934943067544
97.1997199719972,16.214228054788038
97.20972097209722,15.8780507832761
97.21972197219722,15.56236465781645
97.22972297229724,15.268820076961708
97.23972397239724,14.999421181330078
97.24972497249725,14.755947062615595
97.25972597259727,14.540354608321957
97.26972697269727,14.355424175001488
97.27972797279729,14.204434723092861
97.2897289728973,14.090821291503902
97.2997299729973,14.018536674859288
97.30973097309732,13.992439829782723
97.31973197319732,14.01816819602692
97.32973297329734,14.101897612467528
97.33973397339734,14.250691465115935
97.34973497349735,14.472470855607572
97.35973597359737,14.775975700910678
97.36973697369737,15.170581687170584
97.37973797379739,15.666616245081505
97.3897389738974,16.27500271961513
97.3997399739974,17.00676421231824
97.40974097409742,17.872293305906577
97.41974197419742,18.88095256066032
97.42974297429744,20.04025140335362
97.43974397439744,21.354428772471255
97.44974497449745,22.822627906997557
97.45974597459747,24.437499754365216
97.46974697469747,26.18345174139317
97.47974797479749,28.035331846643036
97.4897489748975,29.95727066046142
97.4997499749975,31.902182124800326
97.50975097509752,33.81261122545328
97.51975197519752,35.62325320355433
97.52975297529754,37.265497491438325
97.53975397539755,38.6733968788036
97.54975497549755,39.790211353115815
97.55975597559757,40.57434671830265
97.56975697569757,41.00432905899076
97.57975797579759,41.08144136883483
97.5897589758976,40.82940423401642
97.5997599759976,40.2900705494772
97.60976097609762,39.51686855264999
97.61976197619762,38.56822528771809
97.62976297629764,37.50178048560837
97.63976397639765,36.36920256321615
97.64976497649765,35.212849880617135
97.65976597659767,34.06507172908557
97.66976697669767,32.94866009950718
97.67976797679769,31.877592367694227
97.6897689768977,30.859148854411078
97.6997699769977,29.89624111519846
97.70977097709772,28.988569880331127
97.71977197719772,28.13332860118949
97.72977297729773,27.32636568595498
97.73977397739775,26.563862701131566
97.74977497749775,25.842323870853622
97.75977597759777,25.157982310477315
97.76977697769777,24.507197143664172
97.77977797779778,23.88738830263134
97.7897789778978,23.296462092562525
97.7997799779978,22.732257280098967
97.80978097809782,22.19325484466553
97.81978197819782,21.679080102475407
97.82978297829783,21.189288921982598
97.83978397839785,20.722749495633668
97.84978497849785,20.278868892302306
97.85978597859787,19.85835668432552
97.86978697869787,19.462203635869486
97.87978797879788,19.090741831322312
97.8897889788979,18.74424139502233
97.8997899789979,18.423779423530537
97.90979097909792,18.131191956896785
97.91979197919792,17.868473947633678
97.92979297929793,17.63749222191113
97.93979397939795,17.440199960667506
97.94979497949795,17.27902022098177
97.95979597959797,17.157092433854555
97.96979697969797,17.078222757114833
97.97979797979798,17.046640176709307
97.989798979898,17.066814392781428
97.999799979998,17.143513480254537
98.00980098009802,17.281974670507367
98.01980198019803,17.48797673007924
98.02980298029803,17.76777191499194
98.03980398039805,18.12794841392036
98.04980498049805,18.57517126897138
98.05980598059807,19.11577782309599
98.06980698069808,19.755406295395144
98.07980798079808,20.498777198175738
98.0898089808981,21.349376231710327
98.0998099809981,22.30869119789707
98.10981098109812,23.37512054728374
98.11981198119813,24.543025624483526
98.12981298129813,25.802095063071253
98.13981398139815,27.13680133001922
98.14981498149815,28.525861543497065
98.15981598159817,29.94201993403066
98.16981698169818,31.352455879918995
98.17981798179818,32.71981082719249
98.1898189818982,34.0038035690185
98.1998199819982,35.16360097085088
98.20982098209821,36.16094059137379
98.21982198219823,36.963440615507395
98.22982298229823,37.54737913702573
98.23982398239825,37.899600280285426
98.24982498249825,38.01849145817492
98.25982598259826,37.913863658258094
98.26982698269828,37.60551722572896
98.27982798279828,37.12068319973845
98.2898289828983,36.4909425236879
98.2998299829983,35.749199951599145
98.30983098309831,34.92704348948391
98.31983198319833,34.05273771904706
98.32983298329833,33.150054342765436
98.33983398339835,32.23794606580207
98.34983498349835,31.330791997479235
98.35983598359836,30.43889239944187
98.36983698369838,29.569029913344867
98.37983798379838,28.7250909586994
98.3898389838984,27.908799729760123
98.3998399839984,27.120508133954658
98.40984098409841,26.35982651207734
98.41984198419843,25.62593736138188
98.42984298429843,24.917659905888407
98.43984398439845,24.233500168575834
98.44984498449845,23.5718439812625
98.45984598459846,22.931228690014596
98.46984698469848,22.31050346968998
98.47984798479848,21.708747615427683
98.4898489848985,21.125052966517394
98.4998499849985,20.558413828121335
98.50985098509851,20.007867999745773
98.51985198519853,19.472728163361424
98.52985298529853,18.95263161253343
98.53985398539855,18.447325883178376
98.54985498549856,17.956395526748747
98.55985598559856,17.479178880315303
98.56985698569858,17.01496003234481
98.57985798579858,16.563238991785617
98.5898589858986,16.123825060699268
98.5998599859986,15.696694254550362
98.60986098609861,15.281760658585238
98.61986198619863,14.878741723640948
98.62986298629863,14.487197971887303
98.63986398639865,14.106683675792425
98.64986498649866,13.736921447044882
98.65986598659866,13.377864554581617
98.66986698669868,13.029608160924912
98.67986798679868,12.69221444986088
98.68986898689869,12.365605143502854
98.6998699869987,12.049587231970216
98.70987098709871,11.74400427881567
98.71987198719873,11.448890799098242
98.72987298729873,11.16452221224959
98.73987398739874,10.891335699073498
98.74987498749876,10.629810980109415
98.75987598759876,10.3804119651956
98.76987698769878,10.143618016893363
98.77987798779878,9.920036146802527
98.78987898789879,9.71054168605479
98.7998799879988,9.516362738323318
98.80988098809881,9.339091008661475
98.81988198819883,9.180654791069006
98.82988298829883,9.04331042176393
98.83988398839884,8.929683804646803
98.84988498849886,8.842874463613501
98.85988598859886,8.786614350607678
98.86988698869888,8.765460527354755
98.87988798879888,8.784982566918355
98.88988898889889,8.851912054321119
98.89988998899891,8.974226457839809
98.90989098909891,9.1612156831079
98.91989198919893,9.423580889998028
98.92989298929893,9.773698322511375
98.93989398939894,10.225944338013248
98.94989498949896,10.79687192028774
98.95989598959896,11.505079763948691
98.96989698969898,12.370787011324825
98.97989798979899,13.415223556023866
98.98989898989899,14.659859077344485
98.99989998999901,16.125332864626017
99.00990099009901,17.82971477435885
99.01990199019903,19.7858464221265
99.02990299029904,21.997652068712707
99.03990399039904,24.45573578729147
99.04990499049906,27.13269882595314
99.05990599059906,29.978831892669458
99.06990699069908,32.91907902336002
99.07990799079909,35.852543288659355
99.08990899089909,38.6560071062009
99.09990999099911,41.19269814083197
99.10991099109911,43.32642675631764
99.11991199119913,44.939439667950225
99.12991299129914,45.950539110528524
99.13991399139914,46.32898653033611
99.14991499149916,46.100091205625255
99.15991599159916,45.34036741392521
99.16991699169917,44.16334728103983
99.17991799179919,42.69995971578092
99.18991899189919,41.078748090465126
99.19991999199921,39.410590719616565
99.20992099209921,37.7803017978511
99.21992199219922,36.24499760256
99.22992299229924,34.837277010360026
99.23992399239924,33.57075415366135
99.24992499249926,32.44590617257766
99.25992599259926,31.455051020292437
99.26992699269927,30.586111140815284
99.27992799279929,29.825274365245676
99.28992899289929,29.15871155055296
99.29992999299931,28.573562645279402
99.30993099309931,28.058412696056454
99.31993199319932,27.603508066401453
99.32993299329934,27.200811222288856
99.33993399339934,26.843894293316513
99.34993499349936,26.52771406852878
99.35993599359936,26.24829524542541
99.36993699369937,26.0024601117184
99.37993799379939,25.787660056953968
99.38993899389939,25.601896474259327
99.39993999399941,25.4436797420141
99.40994099409941,25.31198760889153
99.41994199419942,25.20617068762944
99.42994299429944,25.125799807184933
99.43994399439944,25.07053105497552
99.44994499449946,25.04005012619405
99.45994599459947,25.03409223634279
99.46994699469947,25.052417256668406
99.47994799479949,25.094776034385283
99.48994899489949,25.16085566676733
99.49994999499951,25.250264988117532
99.50995099509952,25.362494610458075
99.51995199519952,25.49687709846221
99.52995299529954,25.6524938951378
99.53995399539954,25.828087244289062
99.54995499549956,26.022043902511193
99.55995599559957,26.23244753824064
99.56995699569957,26.45714585265639
99.57995799579959,26.693807080563126
99.5899589958996,26.939923092868433
99.59995999599961,27.192756490396818
99.60996099609962,27.449261833783094
99.61996199619962,27.706049517511737
99.62996299629964,27.959443792207118
99.63996399639964,28.205619915008477
99.64996499649965,28.4408043040976
99.65996599659967,28.661418207259107
99.66996699669967,28.864135679423413
99.67996799679969,29.045887251942677
99.6899689968997,29.203892269949456
99.6999699969997,29.335719592025114
99.70997099709972,29.439346738629645
99.71997199719972,29.51323470953294
99.72997299729974,29.556377384798193
99.73997399739974,29.568307946014755
99.74997499749975,29.54908820407484
99.75997599759977,29.499289260896084
99.76997699769977,29.41995961207765
99.77997799779979,29.31258583642572
99.7899789978998,29.179042590882023
99.7999799979998,29.021486112027105
99.80998099809982,28.842210808545776
99.81998199819982,28.64356200405542
99.82998299829984,28.427932737676358
99.83998399839984,28.197828050939552
99.84998499849985,27.95589464030921
99.85998599859987,27.704835882121742
99.86998699869987,27.447207337573154
99.87998799879989,27.185268669095016
99.8899889988999,26.92101246505263
99.8999899989999,26.656317827282972
99.90999099909992,26.393114880694807
99.91999199919992,26.133473742023387
99.92999299929994,25.879547713174293
99.93999399939995,25.633321447330726
99.94999499949995,25.3963209493705
99.95999599959997,25.16962916655985
99.96999699969997,24.954465749067307
99.97999799979999,24.752959857647625
99.9899989999,24.567571193662936
100.0,24.396809143595103
